     ____
    / _  |   Frida 17.17.0 - A world-class dynamic instrumentation toolkit
   | (_| |
    > _  |   Commands:
   /_/ |_|       help      -> Displays the help system
   . . . .       object?   -> Display information about 'object'
   . . . .       exit/quit -> Exit
   . . . .
   . . . .   Prefer a GUI? Luma is the official Frida app, with a live REPL,
   . . . .   persistent sessions & collaboration. https://luma.frida.re/
   . . . .
   . . . .   Connected to iPhone (id=00008150-00093DA00ABB401C)
Spawning `com.oceanwing.SoundCore.G8AW4BQ7RV`...

==================== PROCESS ====================
frida       : 17.17.0
pid / arch  : 6592 / arm64
page size   : 16384
objc avail  : true

==================== MODULES OF INTEREST ====================
  SoundCore  @ 0x1005a8000  (67665920 bytes)
  ACCUIKit  @ 0x105f80000  (65536 bytes)
  AKCache  @ 0x105fac000  (147456 bytes)
  AKLog  @ 0x106014000  (180224 bytes)
  Alamofire  @ 0x106578000  (344064 bytes)
  AppAuth  @ 0x1060a8000  (114688 bytes)
  AttributedString  @ 0x106680000  (229376 bytes)
  AudioStreamKit  @ 0x106724000  (5931008 bytes)
  Charts  @ 0x10712c000  (802816 bytes)
  CocoaAsyncSocket  @ 0x1060f4000  (163840 bytes)
  CocoaLumberjack  @ 0x10741c000  (131072 bytes)
  ColorWheel  @ 0x106150000  (49152 bytes)
  CppAudioUtilities  @ 0x106220000  (49152 bytes)
  DGActivityIndicatorView  @ 0x10746c000  (81920 bytes)
  Doraemon  @ 0x10749c000  (409600 bytes)
  FBLPromises  @ 0x1075e0000  (65536 bytes)
  FMDB  @ 0x107610000  (65536 bytes)
  FirebaseCore  @ 0x10763c000  (65536 bytes)
  FirebaseCoreExtension  @ 0x106240000  (32768 bytes)
  FirebaseCoreInternal  @ 0x107668000  (114688 bytes)
  FirebaseCrashlytics  @ 0x1076c4000  (278528 bytes)
  FirebaseInstallations  @ 0x107778000  (98304 bytes)
  FirebaseMessaging  @ 0x1077bc000  (212992 bytes)
  FirebaseSessions  @ 0x10783c000  (114688 bytes)
  FuncLog  @ 0x10789c000  (65536 bytes)
  FuncRouter  @ 0x1078cc000  (114688 bytes)
  GoogleDataTransport  @ 0x10791c000  (147456 bytes)
  GoogleUtilities  @ 0x107978000  (114688 bytes)
  HandyJSON  @ 0x1079c4000  (147456 bytes)
  IQKeyboardManagerSwift  @ 0x107a34000  (212992 bytes)
  JPBlurView  @ 0x107adc000  (49152 bytes)
  JTAppleCalendar  @ 0x107b00000  (278528 bytes)
  JXPagingView  @ 0x107bc8000  (114688 bytes)
  JXSegmentedView  @ 0x107c28000  (229376 bytes)
  KVOController  @ 0x107d10000  (32768 bytes)
  KeychainSwift  @ 0x107d28000  (49152 bytes)
  Kingfisher  @ 0x107d4c000  (835584 bytes)
  LMJDropdownMenu  @ 0x107fb0000  (49152 bytes)
  Loady  @ 0x107fd0000  (114688 bytes)
  Lottie  @ 0x108028000  (983040 bytes)
  MJRefresh  @ 0x108354000  (98304 bytes)
  MMKV  @ 0x108394000  (49152 bytes)
  MMKVCore  @ 0x1083b4000  (131072 bytes)
  MMWormhole  @ 0x1083fc000  (49152 bytes)
  Mantle  @ 0x10841c000  (81920 bytes)
  Masonry  @ 0x10844c000  (65536 bytes)
  Moya  @ 0x108478000  (114688 bytes)
  ObjectMapper  @ 0x1084d4000  (147456 bytes)
  OpenSSL  @ 0x108540000  (3047424 bytes)
  Promises  @ 0x108980000  (81920 bytes)
  Protobuf  @ 0x1089b8000  (294912 bytes)
  Result  @ 0x108a84000  (49152 bytes)
  SCDebugToolKit  @ 0x108aac000  (114688 bytes)
  SCHawkeyeSDK  @ 0x108afc000  (212992 bytes)
  SDWebImage  @ 0x108b9c000  (245760 bytes)
  SDWebImageWebPCoder  @ 0x108c3c000  (32768 bytes)
  SJFullscreenPopGesture  @ 0x108c58000  (65536 bytes)
  SSZipArchive  @ 0x108c8c000  (98304 bytes)
  SVGKit  @ 0x108cc4000  (262144 bytes)
  Security  @ 0x198302000  (2020480 bytes)
  SensorsAnalyticsSDK  @ 0x108d6c000  (688128 bytes)
  SnapKit  @ 0x108f38000  (81920 bytes)
  SoundCoreIotKit  @ 0x108f8c000  (8749056 bytes)
  Starscream  @ 0x109f64000  (163840 bytes)
  SwiftEntryKit  @ 0x109fe8000  (294912 bytes)
  TZImagePickerController  @ 0x10a0f4000  (278528 bytes)
  Then  @ 0x10a198000  (32768 bytes)
  Toast  @ 0x10a1b4000  (49152 bytes)
  ValueAnimator  @ 0x10a1d4000  (98304 bytes)
  VisualEffectView  @ 0x10a228000  (49152 bytes)
  WebViewJavascriptBridge  @ 0x10a24c000  (49152 bytes)
  YYImage  @ 0x10a26c000  (81920 bytes)
  YYText  @ 0x10a2a0000  (376832 bytes)
  ZIPFoundation  @ 0x10a370000  (180224 bytes)
  ZLPhotoBrowser  @ 0x10a3e0000  (1130496 bytes)
  ZXLog  @ 0x10a758000  (81920 bytes)
  Zip  @ 0x10a788000  (81920 bytes)
  audio_session  @ 0x10a7c0000  (65536 bytes)
  audioplayers_darwin  @ 0x10a7e4000  (81920 bytes)
  background_downloader  @ 0x10a820000  (425984 bytes)
  connectivity_plus  @ 0x10a938000  (49152 bytes)
  device_info_plus  @ 0x10a960000  (32768 bytes)
  disk_space_plus  @ 0x10a978000  (49152 bytes)
  ffmpegkit  @ 0x10a99c000  (327680 bytes)
  flutter_appauth  @ 0x10aa28000  (49152 bytes)
  flutter_archive  @ 0x10aa4c000  (81920 bytes)
  flutter_boost  @ 0x10aa84000  (65536 bytes)
  flutter_keyboard_visibility_temp_fork  @ 0x10aab8000  (49152 bytes)
  fluttertoast  @ 0x10aad8000  (49152 bytes)
  gallery_saver  @ 0x10aaf8000  (49152 bytes)
  hearid  @ 0x10ab1c000  (49152 bytes)
  image_gallery_saver  @ 0x10ab3c000  (65536 bytes)
  just_waveform  @ 0x10ab6c000  (32768 bytes)
  libavcodec  @ 0x10ab84000  (8781824 bytes)
  libavdevice  @ 0x10ba54000  (32768 bytes)
  libavfilter  @ 0x10ba68000  (1884160 bytes)
  libavformat  @ 0x10bcc4000  (1671168 bytes)
  libavutil  @ 0x10beac000  (393216 bytes)
  libpag  @ 0x10c034000  (1916928 bytes)
  libswresample  @ 0x10c258000  (180224 bytes)
  libswscale  @ 0x10c2c4000  (311296 bytes)
  libwebp  @ 0x10c324000  (360448 bytes)
  nanopb  @ 0x10c3c8000  (32768 bytes)
  package_info_plus  @ 0x10c3e0000  (32768 bytes)
  path_provider_foundation  @ 0x10c3f8000  (49152 bytes)
  pcm_play  @ 0x10c420000  (32768 bytes)
  pop  @ 0x10c438000  (131072 bytes)
  printing  @ 0x10c48c000  (98304 bytes)
  qq_music_healing_plugin  @ 0x10c4c8000  (65536 bytes)
  quill_native_bridge_ios  @ 0x10c4fc000  (65536 bytes)
  sensors_analytics_flutter_plugin  @ 0x10c530000  (49152 bytes)
  share_plus  @ 0x10c550000  (49152 bytes)
  shared_preferences_foundation  @ 0x10c570000  (81920 bytes)
  sqflite  @ 0x10c5a8000  (65536 bytes)
  sqflite_sqlcipher  @ 0x10c5d0000  (49152 bytes)
  taglib  @ 0x10c5f4000  (557056 bytes)
  url_launcher_ios  @ 0x10c750000  (65536 bytes)
  vibration  @ 0x10c784000  (49152 bytes)
  video_player_avfoundation  @ 0x10c7a8000  (81920 bytes)
  volume_controller  @ 0x10c7e0000  (49152 bytes)
  wakelock_plus  @ 0x10c808000  (32768 bytes)
  webview_flutter_wkwebview  @ 0x10c820000  (180224 bytes)
  JLOTA  @ 0x10c8a8000  (49152 bytes)
  qqmusicsdk  @ 0x10c8c0000  (11616256 bytes)
  Flutter  @ 0x10d5c4000  (8912896 bytes)
  libcommonCrypto.dylib  @ 0x2b31ac000  (54104 bytes)
  MessageSecurity  @ 0x271be5000  (386496 bytes)
  libboringssl.dylib  @ 0x1b9ba7000  (872608 bytes)
  SecurityFoundation  @ 0x243219000  (132736 bytes)

==================== CANDIDATE OBJC CLASSES ====================
  7534 matches
    AAAbsintheSigner
    AAAbsintheSignerContextCache
    AAAddEmailUIRequest
    AAAppleIDSettingsRequest
    AAAppleTVRequest
    AAAuthenticateRequest
    AAAvailabilityRequest
    AABeneficiaryClaimUIRequest
    AACloudKitDevicesListRequest
    AACloudKitMigrationStateRequest
    AACloudKitStartMigrationRequest
    AACompleteEmailVettingRequest
    AACustodianRecoveryRequestContext
    AACustodianSetupRequestContext
    AACustodianUpdateRequestContext
    AADependentAuthenticationUIRequest
    AADeviceListRequest
    AADeviceProvisioningRequest
    AAEmailVettingRequest
    AAFMIPAuthenticateRequest
    AAFTapToRadarRequest
    AAFamilyDetailsRequest
    AAFamilyEligibilityRequest
    AAFamilyRequest
    AAGenericTermsUIRequest
    AAGrandSlamSigner
    AAInitiateEmailVettingRequest
    AALoginAccountRequest
    AALoginDelegatesRequest
    AALoginOrCreateDelegatesRequest
    AALoginResponseiCloudTokens
    AAMyPhotoRequest
    AAPasswordSecurityUIRequest
    AAPaymentSummaryRequest
    AAPaymentUIRequest
    AAPersonalInfoUIRequest
    AAQuotaDepletionAlert
    AAQuotaInfoRequest
    AAQuotaInfoResponse
    AARegisterRequest
    AARequest
    AARequester
    AASecondaryAuthenticationRequest
    AASetupAssistantAuthenticateRequest
    AASetupAssistantConfigRequest
    AASetupAssistantCreateRequest
    AASetupAssistantSetupDelegatesRequest
    AASetupAssistantTermsFetchRequest
    AASetupAssistantUpdateRequest
    AASetupAssistantUpgradeStatusRequest
    AASetupAssistantUpgradeStatusResponse
    AASignInFlowController
    AASignInOperationHelper
    AASignInWithAppleManagementUIRequest
    AASignOutFlowController
    AASignedOutAccountKeychain
    AASigningSession
    AASigningSessionRequest
    AASigningSessionResponse
    AATermsReportUserActionRequest
    AATrustedContactFetchRequest
    AATrustedDeviceListRequest
    AAURLConfigurationRequest
    AAUpdateAccountUIRequest
    AAUpdateNameRequest
    AAUpdateProvisioningRequest
    AAUpgradeiOSTermsResponse
    AAWalrusPCSAuthRequest
    AAiCloudLoginAccountRequester
    AAiCloudTermsAgreeRequest
    AAiCloudTermsDisagreeRequest
    AAiCloudTermsStringRequest
    ABPKMLNetworkBufferV2
    ABPKMLNetworkV2
    ABSPersonFetchRequest
    ACCNavigationRoadObjectRoadSignInfo
    ACConfigEncryptorAES
    ACEncipher
    ACNetworkUtility
    ACOAuthSigner
    ADNetworkProvider
    ADNetworkProviderLayoutShape
    ADSignpostUtils
    AFAnnounceBinaryOutcomeRequest
    AFAudioPlaybackRequest
    AFCarPlayAnnouncementRequestCapabilityProvider
    AFContextRequest
    AFCreateAlarmRequest
    AFCreateMessageRequest
    AFDeleteAlarmRequest
    AFDeviceRequestHandlingRecord
    AFDictationDiscoverabilitySignalsStreamManager
    AFDismissAlarmRequest
    AFDismissTimerRequest
    AFExplicitRequestContext
    AFGetSettingsRequest
    AFGetTimerRequest
    AFHeadphonesAnnouncementRequestCapabilityProvider
    AFInitiateCallRequest
    AFLocationFetchRequest
    AFNetworkAvailability
    AFRemoteRequest
    AFRemoteRequestWatcher
    AFRequestCompletionOptions
    AFRequestHandlingContext
    AFRequestInfo
    AFSearchAlarmsRequest
    AFSetSettingsRequest
    AFSetTimerRequest
    AFShowAlarmRequest
    AFShowNextEventRequest
    AFShowSettingRequest
    AFShowTimerRequest
    AFSiriAceRequest
    AFSiriAcousticIDRequest
    AFSiriActivationRequest
    AFSiriAnnounceDropInCallRequest
    AFSiriAnnounceIncomingCallRequest
    AFSiriAnnounceWorkoutReminderRequest
    AFSiriAnnounceWorkoutVoiceFeedbackRequest
    AFSiriAnnouncementRequestCapabilityManager
    AFSiriDebugUIRequest
    AFSiriHomeAutomationBackgroundRequest
    AFSiriHomeAutomationRequestInfo
    AFSiriMusicSmartPlayRequest
    AFSiriMusicSubscriptionLeaseTakenRequest
    AFSiriNotificationRequest
    AFSiriRequest
    AFSiriRequestSucceededResponse
    AFSiriUserNotificationRequest
    AFSiriUserNotificationRequestCapabilityManager
    AFSpeechRequestOptions
    AFSpeechTestRequestOptions
    AFSpeechToken
    AFTestRequestOptions
    AFUpdateAlarmRequest
    AFUpdateMessageRequest
    AIASRequest
    AKAbsintheSigner
    AKAppleIDPasskeyCredentialRequestContext
    AKAppleIDSigningController
    AKAppleIDSigningDaemonInterface
    AKAttestationRequestData
    AKAttestationSigner
    AKAuthorizationAppSignInDiscovery
    AKAuthorizationCredentialStateRequest
    AKAuthorizationRequest
    AKAuthorizationRevokeUpgradeContext
    AKAuthorizationUpgradeContext
    AKBaseSignInViewController
    AKBasicServerRequest
    AKCATiburonRequestAttemptReporter
    AKCATiburonRequestReporter
    AKCircleRequestContext
    AKCircleRequestPayload
    AKCredentialRequest
    AKCredentialRequestContext
    AKDeviceListRequestContext
    AKIDPProvidedSignInViewController
    AKInlineSignInViewController
    AKLog.AKFileLogRequestModel
    AKMasterToken
    AKModalSignInViewController
    AKNetworkObserver
    AKParentalApprovalRequestViewController
    AKPasswordRequest
    AKServerRequestConfiguration
    AKSignInWithAppleAccount
    AKSignInWithAppleAccountShareInfo
    AKSignInWithAppleAvatarManager
    AKSignInWithAppleController
    AKSignInWithAppleRequestContext
    AKSimpleProfileContextUpgrade
    AKTapToSignInViewController
    AKToken
    AKURLRequestApprover
    AMSAbsintheSignature
    AMSAccountDeviceInfoTask
    AMSAccountPostSignInService
    AMSAccountSignOutService
    AMSAuthenticateRequest
    AMSBadgeRequest
    AMSBagNetworkDataSource
    AMSBagNetworkTask
    AMSBagNetworkTaskResult
    AMSBiometricHeaderNames
    AMSBiometricsSignatureRequest
    AMSBiometricsSignatureResult
    AMSBiometricsSignatureTask
    AMSBiometricsTokenUpdateTask
    AMSBiometricsTokenUpdateTaskShim
    AMSCB1PBagServiceObservationToken
    AMSCB1PEncodeHTTPRequestOptions
    AMSCB1PExecuteHTTPRequestOptions
    AMSCB1PHTTPHeaderDictionary
    AMSCB1PHTTPRequest
    AMSCB1PMediaRequest
    AMSCB1PMediaToken
    AMSCB1PMediaTokenProvider
    AMSCB1PMediaTokenRequestOptions
    AMSCB1PNetworkingProvider
    AMSChannelLinkRequestParametersBuilder
    AMSDelegateAuthenticateRequest
    AMSDelegateAuthenticateRequestTask
    AMSDelegatePaymentSheetRequest
    AMSDelegatePurchaseRequest
    AMSDelegateTokenTask
    AMSDeveloperSilentAuthToken
    AMSDeveloperSilentAuthTokenConsentTask
    AMSDeveloperSilentAuthTokenFetchTask
    AMSDeveloperSilentAuthTokenPerformer
    AMSDeveloperSilentAuthTokenUpdateConsentTask
    AMSDeveloperSilentAuthTokenUpdateTask
    AMSDialogRequest
    AMSEngagementEnqueueRequest
    AMSEngagementMessageRequest
    AMSEngagementRequest
    AMSEngagementSyncRequest
    AMSFDSRequest
    AMSFairPlayDeviceIdentityNetworkProvider
    AMSMediaRequestEncoder
    AMSMediaRestrictionsEditTokenResult
    AMSMediaToken
    AMSMediaTokenService
    AMSMediaTokenServiceBagProperties
    AMSMediaTokenServiceDeserializer
    AMSMediaTokenServiceKeychainStore
    AMSMediaTokenServicePATChallenge
    AMSMediaTokenServicePATFetcher
    AMSMediaTokenServiceStore
    AMSMediaTokenServiceThrottler
    AMSMockNetworkProxy
    AMSMockURLRequestComparator
    AMSNetworkConstraints
    AMSNetworkQualityInquiry
    AMSOnDeviceDataSyncRequest
    AMSPACTokenTask
    AMSPasscodeHeaderNames
    AMSPaymentAuthorizationDialogRequest
    AMSPaymentRequest
    AMSPaymentSheetRequest
    AMSPurchaseRequestEncoder
    AMSRemoteSignInRequest
    AMSServiceTokenTask
    AMSSignInContext
    AMSSignOutTask
    AMSSigningSecurityService
    AMSStorefrontHeaderValueCreation
    AMSURLRequest
    AMSURLRequestDecoration
    AMSURLRequestEncoder
    AMSURLRequestEncoderResult
    AMSURLRequestProperties
    AMSUnsignedChar
    AMSUnsignedInt
    AMSUnsignedInteger
    AMSUnsignedLong
    AMSUnsignedLongLong
    AMSUnsignedShort
    AMZNAuthorizeRequest
    AMZNCodePairRequest
    AMZNCreateCodePairRequest
    AMZNDelegateOTCExchangeRequest
    AMZNGetTokenRequest
    AMZNGetTokenResult
    AMZNLWA3POpenIdRequest
    AMZNLWAAccessToken
    AMZNLWAAccessTokenRequest
    AMZNLWAAccessTokenResponse
    AMZNLWAAccessTokenRetriever
    AMZNLWAAuthPortalRequest
    AMZNLWACodeExchangeRequest
    AMZNLWAExchangeRequest
    AMZNLWAProfileExchangerRequest
    AMZNLWARefreshToken
    AMZNLWASignInViewManager
    AMZNLWAToken
    AMZNLWATokenManager
    AMZNLogoutRequest
    AMZNOneTimeCodeRequest
    AMZNTokenForCodePairRequest
    AMZNTokenForCodePairRetriever
    AMZNWebViewAuthorizeRequest
    AMZNWorkflowRequest
    AMZNWorkflowToken
    ANSTBaseNetworkEspresso
    ANSTE5MLNetwork
    APMAppDelegateInterceptor
    APMEExperimentRequestBuilder
    APMPBExperimentRequest
    APMPBSkAdNetworkConversionValueRequest
    APMPBSkAdNetworkConversionValueResponse
    APMProductsRequest
    APSAppTokenInfo
    APSDNSRequest
    APSSignDataWithIdentityRequest
    APSSignDataWithIdentityResponse
    APSTimeSyncNetworkClock
    APSURLToken
    APSURLTokenInfo
    ARGeoTrackingLocationRequestHandler
    ARImageRotationTechnique
    ASAccountAuthenticationModificationReplacePasswordWithSignInWithAppleRequest
    ASAccountAuthenticationModificationRequest
    ASAccountAuthenticationModificationUpgradePasswordToStrongPasswordRequest
    ASAuthorizationAppleIDRequest
    ASAuthorizationOpenIDRequest
    ASAuthorizationPasswordRequest
    ASAuthorizationPlatformPublicKeyCredentialAssertionRequest
    ASAuthorizationPlatformPublicKeyCredentialRegistrationRequest
    ASAuthorizationProviderExtensionAuthorizationRequest
    ASAuthorizationRequest
    ASAuthorizationSecurityKeyPublicKeyCredentialAssertionRequest
    ASAuthorizationSecurityKeyPublicKeyCredentialRegistrationRequest
    ASAuthorizationSingleSignOnCredential
    ASAuthorizationSingleSignOnProvider
    ASAuthorizationSingleSignOnRequest
    ASCCollectionRequest
    ASCCredentialRequestContext
    ASCLockupBatchRequest
    ASCLockupFeatureSignpostTags
    ASCLockupFeatureSingleSignOn
    ASCLockupRequest
    ASCSignpostPredicate
    ASCSignpostSpan
    ASCredentialRequestBasicPaneViewController
    ASCredentialRequestButton
    ASCredentialRequestButtonContinue
    ASCredentialRequestCABLEAuthenticatingViewController
    ASCredentialRequestCABLEClientViewController
    ASCredentialRequestCABLEConnectingViewController
    ASCredentialRequestCABLEConsentViewController
    ASCredentialRequestCABLEErrorViewController
    ASCredentialRequestConfirmButtonSubPane
    ASCredentialRequestContainerViewController
    ASCredentialRequestContainerViewControllerAnimator
    ASCredentialRequestEnableBluetoothViewController
    ASCredentialRequestEnableICloudKeychainViewController
    ASCredentialRequestIconGenerator
    ASCredentialRequestPaneContext
    ASCredentialRequestPaneHeaderConfiguration
    ASCredentialRequestPaneViewController
    ASCredentialRequestSecondaryButton
    ASCredentialRequestSecurityKeyStringUtilities
    ASCredentialRequestSecurityKeyViewController
    ASCredentialRequestSubPane
    ASDAccountLookupRequest
    ASDAccountLookupRequestOptions
    ASDAlertPresentationRequest
    ASDCheckQueueRequest
    ASDCheckQueueRequestOptions
    ASDClaimApplicationsRequest
    ASDClaimApplicationsRequestOptions
    ASDClipRequest
    ASDCompleteCoordinatorsRequest
    ASDCreatePlaceholdersRequest
    ASDCreatePlaceholdersRequestOptions
    ASDDownloadQueueRequestOptions
    ASDEphemeralRequest
    ASDExtensionRequest
    ASDExternalManifestRequest
    ASDExternalManifestRequestOptions
    ASDGatherLogsRequest
    ASDGatherLogsRequestOptions
    ASDIAPInfoRequest
    ASDIAPInfoRequestOptions
    ASDIAPInfoUpdateRequest
    ASDInstallManifestRequest
    ASDInstallManifestRequestOptions
    ASDInstallManifestRequestResponse
    ASDLaunchableAppsRequest
    ASDLaunchableAppsRequestOptions
    ASDManagedApplicationRequest
    ASDManagedApplicationRequestOptions
    ASDManagedRequestStatus
    ASDManifestRequest
    ASDMigrationRequest
    ASDMigrationRequestOptions
    ASDPersistentRequest
    ASDPostBulletinRequest
    ASDPostBulletinRequestOptions
    ASDPurchaseRequest
    ASDPurchaseRequestOptions
    ASDPurgeAppsRequest
    ASDPurgeAppsRequestOptions
    ASDPurgeableAppRequest
    ASDPurgeableAppRequestOptions
    ASDPushCacheDeleteUpdateRequest
    ASDRepairApplicationRequest
    ASDRepairApplicationRequestOptions
    ASDRequest
    ASDRequestBroker
    ASDRequestOptions
    ASDRequestResponse
    ASDRestoreApplicationsRequest
    ASDRestoreApplicationsRequestOptions
    ASDRestoreApplicationsRequestResponse
    ASDRestoreDemotedApplicationsRequest
    ASDRestoreDemotedApplicationsRequestOptions
    ASDRestoreTotalDownloadSizeEstimateRequest
    ASDSystemAppRequest
    ASDVPPRequest
    ASDViewPresentationRequest
    ASGeneratePasswordsRequest
    ASKAuthHeaderRouting
    ASKAuthHeaderRoutingHeaderConfig
    ASKAuthHeaderRoutingPlugin
    ASKCipherPadding
    ASKCipherPaddingCompanion
    ASKEcdhKeyUtils
    ASKKtor_client_coreHttpRequestBuilder
    ASKKtor_client_coreHttpRequestBuilderCompanion
    ASKKtor_client_coreHttpRequestData
    ASKKtor_client_coreHttpRequestPipeline
    ASKKtor_client_coreHttpRequestPipelinePhases
    ASKKtor_httpHeaderValueParam
    ASKKtor_httpHeaderValueWithParameters
    ASKKtor_httpHeaderValueWithParametersCompanion
    ASKKtor_httpHeadersBuilder
    ASKNetworkConfigManager
    ASKSecurityCryptoRouting
    ASKSecurityCryptoRoutingContains
    ASKSecurityCryptoRoutingPlugin
    ASKSecurityCryptoRoutingSecurityCryptoConfig
    ASKWsRequest
    ASKWsRequestCompanion
    ASOneTimeCodeCredentialRequest
    ASPasskeyCredentialRequest
    ASPasskeyCredentialRequestParameters
    ASPasswordCredentialRequest
    ASPasswordSavingManagerRequest
    ASRSchemaASRConfusionPairToken
    ASRSchemaASRRequestContext
    ASRSchemaASRToken
    ASRSchemaASRTokenTier1
    ASSavePasswordRequest
    ATAudioTap
    ATAudioTapDescription
    AUAudioTapIOUnit
    AVAnnotation
    AVAnnotationImageRepresentation
    AVAnnotationPKDrawingRepresentation
    AVAnnotationPathRepresentation
    AVAnnotationRepresentation
    AVAnnotationSVGRepresentation
    AVAnnotationShapeRepresentation
    AVAnnotationTextRepresentation
    AVAnnotationUnknownRepresentation
    AVAssetClientURLRequestHelper
    AVAssetCustomURLRequest
    AVAssetReaderOutputAnnotationAdaptor
    AVAssetResourceLoadingContentInformationRequest
    AVAssetResourceLoadingContentInformationRequestInternal
    AVAssetResourceLoadingDataRequest
    AVAssetResourceLoadingDataRequestInternal
    AVAssetResourceLoadingRequest
    AVAssetResourceLoadingRequestInternal
    AVAssetResourceLoadingRequestor
    AVAssetResourceLoadingRequestorInternal
    AVAssetResourceRenewalRequest
    AVAssetWriterInputAnnotationAdaptor
    AVAssetWriterInputMediaDataRequester
    AVAsynchronousCIImageFilteringRequest
    AVAsynchronousCIImageFilteringRequestInternal
    AVAsynchronousVideoCompositionRequest
    AVAsynchronousVideoCompositionRequestInternal
    AVAudioSharedBufferToken
    AVCAuditToken
    AVCBasebandAudioTap
    AVCBasebandAudioTapRegistrationResult
    AVCCaptionsToken
    AVCMediaRecorderRequestConfiguration
    AVCMomentsRequest
    AVCNetworkAddress
    AVCaptureDeferredPhotoProcessingRequest
    AVCaptureDeviceControlRequest
    AVCaptureDeviceControlRequestQueue
    AVCaptureDeviceDynamicAspectRatioRequest
    AVCaptureDeviceFakeBiasControlRequest
    AVCaptureDeviceRotationCoordinator
    AVCapturePhotoRequest
    AVCapturePrepareBracketRequest
    AVCapturePreparedPhotoSettingsArrayRequest
    AVCaptureStillImageRequest
    AVContentKeyPSSHRequestTracker
    AVContentKeyRequest
    AVContentKeyRequestInternal
    AVContentKeyRequestParams
    AVContentKeyResponseAuthorizationToken
    AVExternalDeviceScreenBorrowToken
    AVExternalDeviceTurnByTurnToken
    AVFigEndpointSecondDisplayModeToken
    AVFigEndpointUIAgentOutputDeviceAuthorizationRequestImpl
    AVHapticProcessTaskToken
    AVInfoTabCoordinator
    AVKit.AVInfoTabViewController
    AVMediaDataRequester
    AVMetadataItemValueRequest
    AVMetadataItemValueRequestInternal
    AVMetricContentKeyRequestEvent
    AVMetricHLSMediaSegmentRequestEvent
    AVMetricHLSPlaylistRequestEvent
    AVMetricMediaResourceRequestEvent
    AVMomentCaptureMovieRequest
    AVNSURLProtocolRequest
    AVNetworkPlaybackPerfHUDLayer
    AVOutputDeviceAuthorizationRequest
    AVOutputDeviceAuthorizationRequestInternal
    AVOutputDeviceScreenBorrowToken
    AVOutputDeviceTurnByTurnToken
    AVPersistableContentKeyRequest
    AVPlannedSegmentWritingRequest
    AVResourceReclamationEventObserverToken
    AVSampleBufferRequest
    AVSampleBufferRequestInternal
    AVSpeechSynthesisProviderRequest
    AWDBltRequestToResponseDelay
    AWDCFNetworkCacheMetrics
    AWDCFNetworkStreamTaskTiming
    AWDCFNetworkTaskMetrics
    AWDCFNetworkTransactionMetrics
    AWDCFNetworkW3CNavigationTiming
    AWDCoreRoutineLMPRequestedInstance
    AWDCoreRoutineRankRoutesRequestedInstance
    AWDHoneybeeSignature
    AWDIDSSessionReinitiateRequested
    AWDIDSWebTunnelRequestCompleted
    AWDLibnetcoreNetworkdStatsReport
    AWDMMCSGetRequestInfo
    AWDMMCSPutRequestInfo
    AWDNetworkServiceProxyConnectionStatistics
    AWDNetworkServiceProxyControlRequestStatistics
    AWDNetworkServiceProxyProbeStatistics
    AWDNetworkServiceProxyRequestStatistics
    AWDNetworkUsage
    AWDPowerNetworkUsageMetrics
    AWDSiriNetworkAnalyzerRun
    AWDSiriRequestRecord
    AWDWiFiMetricCustomNetworkSetting
    AWDWiFiMetricNetworkPrefs
    AWDWiFiMetricsKnownNetworksEvent
    AWDWiFiMetricsManagerBGScanBlacklistedNetworks
    AWDWiFiMetricsManagerBlacklistedNetworkInfo
    AWDWiFiMetricsManagerNetworkTransitionCumulative
    AWDWiFiMetricsManagerNetworkTransitionRecord
    AWDWiFiMetricsManagerNetworkTransitionSession
    AWDWiFiOtaSystemInfo
    AWDWifiMostUsedNetworks
    AXDataAnnotation
    AXDragEndpointRequestSatisfier
    AXIPCOutstandingAsyncRequest
    AXMDataAnnotation
    AXMLayoutHeader
    AXMOutputRequest
    AXMOutputRequestHandle
    AXMSequenceRequestManager
    AXMSignificantEventDetectorNode
    AXMindNetNetwork
    AXOutputRequest
    AXRequest
    AXShotflowNetwork
    AXSubsystemVOTAudio
    AXUIContextDrawingAnnotation
    AcmeCertRequest
    ActivityKit.ActivityPushTokenClient
    ActivityKit.ActivityPushTokenManager
    Alamofire.DataRequest
    Alamofire.DownloadRequest
    Alamofire.NetworkReachabilityManager
    Alamofire.Request
    Alamofire.StreamRequest
    Alamofire.UploadRequest
    AlchemistBase.Signposter
    AlchemistService.InferenceRequest
    AlchemistService.Signposter
    AnnotatedCacheValue
    AppProtection.ClientPolicyObservationToken
    AppProtection.DefaultSubjectMonitorToken
    AppleMediaServices.AMSMetricsConsumerIDRotate
    AppleMediaServices.MetricsConsumerIDRotateActor
    AppleMediaServices.MockNetworkProxy
    AppleMediaServices.RemoteSignInTask
    AppleMediaServicesKitInternal.MediaTokenStore
    AskToCore.ATSignificantAppUpdateMetadata
    AskToCore.MessageComposeRequest
    AskToCore.SandboxExtensionToken
    AskToCore.SendRequestPayload
    AskToCore.SendableMessageComposeRequest
    AskToCore.SendableSendRequestPayload
    AuthenticationServices.ASAccountUpgradeInformationProviderImplementation
    AuthenticationServices.ASAuthorizationAccountCreationPlatformPublicKeyCredentialRequest
    AuthenticationServicesCore.ASCABLECryptographyManager
    AuthenticationServicesCore.ASCCredentialRequestTestOptions
    AuthenticationServicesCore.ASCPasswordSignInEvent
    AuthenticationServicesCore.ASPasswordSignInEventCollector
    AuthorizationTokenRequestParameters
    BCECDHKeyUtils
    BCECDHManager
    BENetworkingProcess
    BETextDocumentRequest
    BGAppRefreshTaskRequest
    BGContinuedProcessingTaskRequest
    BGFastPassSystemTaskRequest
    BGHealthResearchTaskRequest
    BGNonRepeatingSystemTaskRequest
    BGProcessingTaskRequest
    BGRepeatingSystemTaskRequest
    BGSystemTaskRequest
    BGTaskRequest
    BKSHIDEventDeferringSelectionChangeRequest
    BKSHIDEventDeferringToken
    BKSHIDHapticFeedbackRequest
    BKSMutableHIDEventDeferringSelectionChangeRequest
    BKSMutableHIDHapticFeedbackRequest
    BKSTouchAnnotation
    BKSTouchAnnotationController
    BLSBacklightChangeRequest
    BLSDesiredFidelityRequest
    BLSDisableCrownRotateToWakeAttribute
    BLSFrameSpecifiersRequest
    BLSFrameSpecifiersRequestAction
    BLSFrameSpecifiersRequestResponse
    BLSIgnoreCoverGestureAttribute
    BLSIgnoreWhenBacklightInactivatesAttribute
    BLSRequestGlobalUnrestrictedFramerateAttribute
    BLSRequestLiveUpdatingAttribute
    BLSRequestUnrestrictedFramerateAttribute
    BMASRContextualReplayRecordRequestMetadata
    BMASRRequestMetricsRecord
    BMCoreDuetDiscoverabilitySignalsSource
    BMDSLTumblingWindowAssigner
    BMDSLWindowAssigner
    BMDictationUserEditRequestMetadata
    BMDiscoverabilitySignalEvent
    BMDiscoverabilitySignalStream
    BMDiscoverabilitySignals
    BMFamilyScreenTimeRequest
    BMKeyboardTokenFrequency
    BMKeyboardTokenFrequencyTokenFrequency
    BMLocationSignificantVisit
    BMMailSearchUIEventBucketizedToken
    BMMailSearchUIEventToken
    BMMessagesSearchEventToken
    BMModelCatalogExplicitRequests
    BMPBMailContentHeaderEntry
    BMPBScreenTimeRequestEvent
    BMPostSiriEngagementEventSignal
    BMPostSiriEngagementEventSignalContent
    BMPostSiriEngagementEventSignalDeltaEvent
    BMPrivateCloudComputeRequestLog
    BMPrivateCloudComputeRequestLogAssetMetadata
    BMPrivateCloudComputeRequestLogAttestation
    BMProactiveHarvestingMailHeaderEntry
    BMSafariBrowsingAssistantServerRequestContext
    BMSafariBrowsingAssistantServerRequestContextEnded
    BMSafariBrowsingAssistantServerRequestContextFailed
    BMSafariBrowsingAssistantServerRequestContextStarted
    BMScreenTimeRequestEvent
    BMScreenTimeRequestStream
    BMSiriMusicInferenceTrainingDependentSignals
    BMSiriMusicInferenceTrainingIndependentSignals
    BMSiriPostSiriEngagementSignal
    BMSiriPostSiriEngagementSignalContent
    BMSiriPostSiriEngagementSignalDeltaEvent
    BMSiriRequestContext
    BMSiriRequestContextAddress
    BMSiriRequestContextContentRestriction
    BMSiriRequestContextMeCard
    BMSiriRequestContextUser
    BMSiriRequestCounts
    BMSiriRequestCountsMetadata
    BMSiriRequestCountsStatistics
    BMSpringBoardDominoStackRotation
    BMVisualIntelligenceCameraLookupEventRequestMetadata
    BMVisualIntelligenceCameraLookupEventServerRequestContext
    BMWritingToolsRequests
    BPSCountWindowAssigner
    BPSSessionWindowAssigner
    BPSSlidingWindowAssigner
    BPSTumblingWindowAssigner
    BPushBaseRequest
    BPushBindRequest
    BPushClearBadgeRequest
    BPushDelTagRequest
    BPushExtentionsStatsSwitchRequest
    BPushFrequencyGetRequest
    BPushFrequencySetRequest
    BPushListTagRequest
    BPushMsgSettingRequest
    BPushNotifyClickRequest
    BPushRequest
    BPushSetTagRequest
    BPushUnbindRequest
    BPushUniformDataGetRequest
    BPushUniformDataSetRequest
    BPushUpdateConfRequest
    BRAccountTokenWillChangeObserver
    BRFetchQuotaOperation
    BRLTTokenRange
    BRRFAEmailSettingRequest
    BRRFAUserNotificationsRequest
    BRShareCopyAccessTokenOperation
    BRSharingCopyShareTokenOperation
    BRSharingCopyShortTokenOperation
    BSAtomicSignal
    BSAuditToken
    BSBlockSentinelSignalContext
    BTAirPodsControlRequest
    BTAudioRoutingRequest
    BWColorConstancyProcessorControllerRequest
    BWDeepFusionProcessorRequest
    BWDeepZoomProcessorRequest
    BWDeferredCaptureControllerRequest
    BWDeferredProcessorControllerRequest
    BWDepthRotatorNode
    BWInferenceEngineControllerRequest
    BWIntelligentDistortionCorrectionProcessorRequest
    BWJasperColorStillsExecutorRequest
    BWJasperDisparityProcessorRequest
    BWLearnedNRRequest
    BWMetadataTimeMachineMetadataRequest
    BWMetadataTimeMachineRequest
    BWMetadataTimeMachineWaitRequest
    BWNRFProcessorRequest
    BWPendingIrisRecordingRequest
    BWPhotoEncoderControllerRequest
    BWRedEyeReductionRequest
    BWSWFRProcessorControllerRequest
    BWScalerProcessorControllerRequest
    BWSmartStyleRenderingProcessorControllerRequest
    BWSoftISPProcessorControllerRequest
    BWStereoDisparityRequest
    BWStillImageProcessorControllerRequest
    BWUBNRFProcessorRequest
    BWUBProcessorRequest
    BWVisionRequestInferenceCreator
    BWVisionRequestInferenceDescriptor
    BYAnalyticsEventAppleIDSignIn
    BYCellularNetworkInformation
    BYNetworkMonitor
    BYSilentLoginUpgradeGuarantor
    BesOTAManager
    BesOTAV3Manager
    BesOtaCMD
    BesOtaConstants
    BesOtaService
    BesOtaSetting
    BesV3OTACMD
    BesV3OTASetting
    BesV3OtaService
    BlastDoorAPSQuickRelayPluginRequest
    BlastDoorAPSQuickRelaySelfAllocToken
    BlastDoorAPSUserPayloadHttpHeaders
    BlastDoorBackgroundRequestInfo
    BlastDoorMarkUnreadRequest
    BlastDoorRelayReachabilityRequest
    BusinessServices.NetworkConnectivityTrampoline
    BusinessServices.NetworkProvider
    BusinessServices.NetworkReachabilityProvider
    BusinessServices.RCSChatBotNetworkProvider
    C2CallstackAnnotations
    C2MPNetworkEvent
    C2MetricRequestOptions
    C2MultipeerChunkDataRequest
    C2MultipeerDiscoveryRequest
    C2MultipeerNetworkConnection
    C2NetworkingDelegateURLSession
    C2NetworkingDelegateURLSessionDataTask
    C2NetworkingResponse
    C2RequestManager
    C2RequestOptions
    C2WarmRequest
    CAARSchemaCAARRequestContext
    CAARSchemaCAARRequestFailed
    CAARSchemaCAARRequestReceived
    CADAuditTokenTCCPermissionChecker
    CADPKeyExchangeRequest
    CADPLaunchApplicationRequest
    CADPLocalNetworkId
    CADPLocalNetworkPermissionInfo
    CADPLogRequest
    CADPMDNSRequestStatistics
    CADPNetworkSwitchInfo
    CADSequenceToken
    CAFAutomakerRequestContent
    CAFDisableNotificationRequest
    CAFEnableNotificationRequest
    CAFGroupDisableNotificationRequest
    CAFGroupEnableNotificationRequest
    CAFGroupReadRequest
    CAFGroupRequest
    CAFGroupWriteRequest
    CAFReadRequest
    CAFRequest
    CAFRequestContent
    CAFRequestKey
    CAFRequestTemporaryContent
    CAFRotationalSpeedStateCharacteristic
    CAFTestAccRequestNoParamsControl
    CAFTestAccRequestWithReqAndResParamsControl
    CAFTestAccRequestWithReqParamsControl
    CAFTestAccRequestWithResParamsControl
    CAFTestDevRequestNoParamsControl
    CAFTestDevRequestWithReqAndResParamsControl
    CAFTestDevRequestWithReqParamsControl
    CAFTestDevRequestWithResParamsControl
    CAFTurnSignalCharacteristic
    CAFTurnSignals
    CAFUnitRotationalSpeed
    CAFWriteRequest
    CAHostingToken
    CAMSchemaCAMRequestReceived
    CARSessionRequestAgent
    CARSessionRequestBonjourHost
    CARSessionRequestClient
    CARSessionRequestDisplayConfiguration
    CARSessionRequestHandlerProxy
    CARSessionRequestHost
    CARSessionScreenBorrowToken
    CASDFGeneratorRequest
    CATActiveIDSServiceConnectionContentRequestMissingData
    CATIDSServiceConnectionInvitationRequest
    CATNetworkPowerPrimitivesBackedAssertionProvider
    CATNetworkReachability
    CATTaskRequest
    CBATTRequest
    CBBootArgsConfigProvider
    CBDeviceRequest
    CBReadRequest
    CBUserNotificationRequest
    CBWriteRequest
    CCAppCustomPhotoTagContent
    CCAppCustomPhotoTagMetaContent
    CCSignificantLocationAddress
    CCSignificantLocationContent
    CCSignificantLocationMetaContent
    CCSignificantLocationSubPremise
    CCSpotlightEmailHeader
    CCSpotlightEmailHeadersEntry
    CCSpotlightMessageAttributesEmailHeadersEntry
    CCToolKitToolRuntimeRequirementAvailabilityAnnotation
    CCToolKitToolToolInvocationSignature
    CCToolKitToolToolInvocationSignatureListOfRelations
    CCToolKitToolToolInvocationSignatureValueConstraintsEntry
    CEMClassroomRequestMirroringCommand
    CEMClassroomRequestMirroringCommand_Status
    CEMNetwork8021XBuiltinWirelessDeclaration
    CEMNetwork8021XBuiltinWirelessDeclaration_Status
    CEMNetwork8021XFirstActiveEthernetDeclaration
    CEMNetwork8021XFirstActiveEthernetDeclaration_Status
    CEMNetwork8021XFirstEthernetDeclaration
    CEMNetwork8021XFirstEthernetDeclaration_Status
    CEMNetwork8021XGlobalEthernetDeclaration
    CEMNetwork8021XGlobalEthernetDeclaration_Status
    CEMNetwork8021XSecondActiveEthernetDeclaration
    CEMNetwork8021XSecondActiveEthernetDeclaration_Status
    CEMNetwork8021XSecondEthernetDeclaration
    CEMNetwork8021XSecondEthernetDeclaration_Status
    CEMNetwork8021XThirdActiveEthernetDeclaration
    CEMNetwork8021XThirdActiveEthernetDeclaration_Status
    CEMNetwork8021XThirdEthernetDeclaration
    CEMNetwork8021XThirdEthernetDeclaration_Status
    CEMNetworkBluetoothDeclaration
    CEMNetworkBluetoothDeclaration_Status
    CEMNetworkCellularDeclaration
    CEMNetworkCellularDeclaration_APNsItem
    CEMNetworkCellularDeclaration_AttachAPN
    CEMNetworkCellularDeclaration_Status
    CEMNetworkCellularSettingsDeclaration
    CEMNetworkCellularSettingsDeclaration_Status
    CEMNetworkContentCachingDeclaration
    CEMNetworkContentCachingDeclaration_Ranges
    CEMNetworkContentCachingDeclaration_Status
    CEMNetworkDNSProxyDeclaration
    CEMNetworkDNSProxyDeclaration_Status
    CEMNetworkDirectoryServiceDeclaration
    CEMNetworkDirectoryServiceDeclaration_Status
    CEMNetworkDomainsDeclaration
    CEMNetworkDomainsDeclaration_Status
    CEMNetworkGlobalHTTPProxyDeclaration
    CEMNetworkGlobalHTTPProxyDeclaration_Status
    CEMNetworkHostNameDeclaration
    CEMNetworkHostNameDeclaration_Status
    CEMNetworkSettingsDeclaration
    CEMNetworkSettingsDeclaration_Status
    CEMNetworkUsageRulesDeclaration
    CEMNetworkUsageRulesDeclaration_ApplicationRulesItem
    CEMNetworkUsageRulesDeclaration_Status
    CEMNetworkVPNAppLayerDeclaration
    CEMNetworkVPNAppLayerDeclaration_Status
    CEMNetworkVPNAppToAppLayerMappingDeclaration
    CEMNetworkVPNAppToAppLayerMappingDeclaration_AppLayerVPNMappingItem
    CEMNetworkVPNAppToAppLayerMappingDeclaration_Status
    CEMNetworkVPNDeclaration
    CEMNetworkVPNDeclaration_AlwaysOn
    CEMNetworkVPNDeclaration_AlwaysOnAllowedCaptiveNetworkPlugin
    CEMNetworkVPNDeclaration_AlwaysOnServiceException
    CEMNetworkVPNDeclaration_AlwaysOnTunnelConfiguration
    CEMNetworkVPNDeclaration_DNS
    CEMNetworkVPNDeclaration_IKEv2
    CEMNetworkVPNDeclaration_IPSec
    CEMNetworkVPNDeclaration_IPv4
    CEMNetworkVPNDeclaration_OnDemandRulesElement
    CEMNetworkVPNDeclaration_OnDemandRulesElementActionParameters
    CEMNetworkVPNDeclaration_PPP
    CEMNetworkVPNDeclaration_Proxies
    CEMNetworkVPNDeclaration_SecurityAssociationParameters
    CEMNetworkVPNDeclaration_Status
    CEMNetworkVPNDeclaration_VPN
    CEMNetworkVPNDeclaration_VendorConfig
    CEMNetworkWiFiDeclaration
    CEMNetworkWiFiDeclaration_EAPClientConfiguration
    CEMNetworkWiFiDeclaration_QoSMarkingPolicy
    CEMNetworkWiFiDeclaration_Status
    CEMPasscodeRequestUnlockTokenCommand
    CEMPasscodeRequestUnlockTokenCommand_Status
    CEMPasscodeSetFirmwarePasswordCommand
    CEMPasscodeSetFirmwarePasswordCommand_Status
    CEMPasscodeVerifyFirmwarePasswordCommand
    CEMPasscodeVerifyFirmwarePasswordCommand_Status
    CEMSecurityInformationCommand_StatusSecurityInfoFirmwarePasswordStatus
    CEMSecuritySingleSignOnDeclaration
    CEMSecuritySingleSignOnDeclaration_Kerberos
    CEMSecuritySingleSignOnDeclaration_Status
    CFNetworkTimer
    CHEncoderDecoderNetwork
    CHJapaneseTokenizationAndConversionStep
    CHMutableTokenizedMathResultToken
    CHMutableTokenizedResultColumn
    CHMutableTokenizedTextResult
    CHMutableTokenizedTextResultToken
    CHPatternNetwork
    CHPostprocessingStepModifyingOriginalTokens
    CHRecognitionInsightRequest
    CHRecurrentNeuralNetwork
    CHRecurrentNeuralNetworkCoreML
    CHReflowableSynthesisResultToken
    CHReflowableTextResultToken
    CHReflowableTextToken
    CHRemoteDocumentLayoutAnalysisRequest
    CHRemoteInventoryContentCheckRequest
    CHRemoteInventoryRequest
    CHRemoteLineWrappingRequest
    CHRemotePowerLoggingInferenceRequest
    CHRemotePowerLoggingLoadingRequest
    CHRemotePowerLoggingRequest
    CHRemotePowerLoggingUnloadingRequest
    CHRemoteRecognitionMathRequest
    CHRemoteRecognitionRequest
    CHRemoteRecognitionSketchRequest
    CHRemoteRecognitionTextRequest
    CHRemoteSynthesisRequest
    CHRemoteSynthesisStringChunkingRequest
    CHSDescriptorEnablementChangeRequest
    CHSPlaceholderRequest
    CHSReaperRequest
    CHSTimelineReloadRequest
    CHSURLSessionToken
    CHSemanticTokenizerStep
    CHSynthesisRequestConcreteHandler
    CHSynthesisRequestOptions
    CHTokenizedMathResult
    CHTokenizedMathResultToken
    CHTokenizedResult
    CHTokenizedResultColumn
    CHTokenizedResultToken
    CHTokenizedStrokeResult
    CHTokenizedTextResult
    CHTokenizedTextResultToken
    CHUpdateTokenPropertyForUnitConversionStep
    CHUpdateTokenPropertyForVariableAssignmentStep
    CIFourfoldRotatedTile
    CIPerspectiveRotate
    CISignedDistanceGradientFromRedMask
    CISixfoldRotatedTile
    CKAssetUploadRequestMetadata
    CKCBCorecryptoECPoint
    CKCBCorecryptoECScalar
    CKContextRequest
    CKDCancelToken
    CKDPOneTimeFullTokenInfo
    CKDURLRequestLifecycleAction
    CKDeviceToDeviceShareInvitationToken
    CKFetchUserQuotaOperation
    CKFetchWebAuthTokenOperation
    CKFetchWebAuthTokenOperationInfo
    CKOperationMMCSRequestOptions
    CKPackageUploadRequestMetadata
    CKReplaceDeltasRequest
    CKRequestAssetOperation
    CKRequestInfo
    CKSQLiteTOCImageInfoTable
    CKServerChangeToken
    CKShareAccessRequestOperation
    CKShareAccessRequester
    CKShareRequestAccessOperation
    CKShareRequestAccessOperationInfo
    CKSignatureGenerator
    CKSignificantIssue
    CKSignificantIssueHandler
    CKSignpost
    CKTapToRadarRequest
    CKTestRequestProperties
    CKUploadRequestConfiguration
    CKUploadRequestManager
    CKUploadRequestManagerInternals
    CKUploadRequestManagerResponseActionThrottler
    CKUploadRequestManagerResponseActionThrottlerMetadata
    CKUploadRequestManagerStateMachine
    CKUploadRequestMetadata
    CKUploadRequestPersistentStore
    CLEEDCryptoUtilities
    CLEEDFeedbackRequest
    CLEEDRequest
    CLEEDRequestHelper
    CLEEDStreamingRequest
    CLEEDUploadRequest
    CLFindMyAccessoryFirmwareUpdateManager
    CLFindMyAccessoryFirmwareVersion
    CLKClockTimerToken
    CLSAdminRequest
    CLSAdminRequestAccount
    CLSAdminRequestor
    CLSAssetProcessedSignals
    CLSAssetProcessedSignals_v1
    CLSAssetProcessedSignals_v3
    CLSAssetProcessedSignals_v4
    CLSAssetProcessedSignals_v5
    CLSHandoutAssignedItem
    CLSSignalNode
    CLSTaxonomyBasedSignalNode
    CLSensorRecorderSensorDataRequestById
    CLSensorRecorderSensorMetaRequestByDateRange
    CLSensorRecorderSensorMetaRequestById
    CMCardioToken
    CMHistoricalFetchToken
    CMIInferenceNetworkEspressoV1
    CMIInferenceNetworkEspressoV2
    CMIInferenceNetworkIOPortEspressoV1
    CMIInferenceNetworkIOPortEspressoV2
    CMIInferenceNetworkInstanceBindingEspressoV1
    CMIInferenceNetworkInstanceEspressoV1
    CMIInferenceNetworkInstanceEspressoV2
    CMITiledInferenceProcessorNetworkConfig
    CMITiledInferenceProcessorNetworkImpl
    CMLNetworkManager
    CMMobilityToken
    CMNetworkActivityMonitor
    CMNetworkActivityObserver
    CMRecordedRotationRateData
    CMRotationRateData
    CMRotationRateDataInternal
    CMSignificantElevationSample
    CNAccountSyncRequest
    CNAtomicUnsignedIntegerGenerator
    CNAuditToken
    CNAuditTokenUtilities
    CNAutocompleteFetchRequest
    CNAutocompleteInputStringTokenizer
    CNAutocompleteNetworkActivityPolicy
    CNAutocompleteNetworkActivityThrottlingPolicy
    CNAutocompleteResultTokenMatcher
    CNAutocompleteSuggestionsViewSectionHeader
    CNAutocompleteTokenMatcher
    CNAvatarCardHeaderView
    CNCallProvidersChangedCancelationToken
    CNCancelationToken
    CNChangeHistoryClearRequest
    CNChangeHistoryFetchRequest
    CNCollationHeaderSection
    CNComposeHeaderLabelView
    CNComposeHeaderView
    CNConcatenateCancelationToken
    CNContactChangeRequest
    CNContactFetchRequest
    CNContactFetchRequestEffectiveKeyExtender
    CNContactFetchRequestExecutor
    CNContactFetchRequestExecutorPredicateEvaluator
    CNContactHeaderCollapsedView
    CNContactHeaderDisplayView
    CNContactHeaderEditView
    CNContactHeaderStaticDisplayView
    CNContactHeaderView
    CNContactHeaderViewSizeAttributes
    CNContactImageCreateRequest
    CNContactImageDeleteRequest
    CNContactImageFetchRequest
    CNContactImageSaveRequest
    CNContactImageUpdateRequest
    CNContactListHeaderView
    CNContactListSectionHeaderFooterView
    CNContactOrbHeaderView
    CNContactOrbHeaderViewController
    CNContactPosterCreateRequest
    CNContactPosterDataChangeRequest
    CNContactPosterDataChangeRequestClassifier
    CNContactPosterDataCreateRequest
    CNContactPosterDataDeleteRequest
    CNContactPosterDataFetchRequest
    CNContactPosterDataRequest
    CNContactPosterDataUpdateRequest
    CNContactPosterDeleteRequest
    CNContactPosterFetchRequest
    CNContactPosterUpdateRequest
    CNContactSuggestionsViewSectionHeader
    CNContactTableViewHeaderFooterView
    CNCoreRecentsSaveRequest
    CNDelayCancelationToken
    CNDelaySubscriptionCancelationToken
    CNDematerializeCancelationToken
    CNDonationExtensionRequestHandler
    CNEnumerateObjectsUsingBlockCancelationToken
    CNFetchRequest
    CNFlatMapSubscribeCancelationToken
    CNFlatMapSubscribeInnerObservableCancelationToken
    CNGroupIdentityHeaderContainerView
    CNGroupIdentityHeaderViewController
    CNImmediateSchedulerCancelationToken
    CNIndexRequestHandler
    CNInlineSchedulerCancelationToken
    CNLocalAccountSyncRequest
    CNMainQueueSchedulerCancelationToken
    CNMainRunLoopSchedulerCancelationToken
    CNMeCardSharingHeaderViewController
    CNMeCardSharingOnboardingHeaderViewController
    CNMeCardSharingSettingsHeaderViewController
    CNNameComponentsStringTokenizer
    CNNameStringTokenizer
    CNObservableWithErrorCancelationToken
    CNObservableWithFutureCancelationToken
    CNObservableWithResultCancelationToken
    CNObserveOnCancelationToken
    CNOperationQueueSchedulerCancelationToken
    CNPRUISPosterSnapshotRequest
    CNPhotoPickerHeaderButton
    CNPhotoPickerHeaderView
    CNPhotoPickerHeaderViewTextField
    CNPhotoPickerSectionHeader
    CNPostalAddressStringTokenizer
    CNPropertyIDSRequest
    CNQueueSchedulerCancelationToken
    CNSaveRequest
    CNSaveRequestContactIdentifierCollector
    CNSaveRequestVerifier
    CNSaveRequestVisitationTask
    CNSharingProfileOnboardingHeaderView
    CNStarkContactListSectionHeaderView
    CNStarkHeaderPlatterView
    CNStringTokenizer
    CNSuggestedSaveRequest
    CNSwitchWithSchedulerProviderCancelationToken
    CNSwitchWithSchedulerProviderOuterCancelationToken
    CNSwitchWithSchedulerProviderSwitchedCancelationToken
    CNTakeCancelationToken
    CNTakeLastCancelationToken
    CNTimeoutAfterDelayCancelationToken
    CNUIAccountsFacadeRequestRunner
    CNUICoreContactFetchRequestAccumulator
    CNUICoreFamilyMemberSaveRequestFactory
    CNUIIDSRequest
    CNUIPRUISPosterSnapshotRequest
    CNUIUserActionTargetDiscoveringObservableCancelationToken
    CNUnifiedContactPosterDataRequestFactory
    CNVisualIdentityAvatarStyleSectionHeaderView
    CNWarningHeaderFooterView
    CNWrappingCancelableToken
    CNiOSPersonFetchRequest
    COMAPPLEFELDSPARPROTOCOLLIVERPOOLNotabilityScore
    COMAPPLEFELDSPARPROTOCOLLIVERPOOLNotabilityScores
    COMAPPLEFELDSPARPROTOCOLLIVERPOOLNotabilityTagScore
    COSE_Sign1
    CPAnalyticsSignpostDestination
    CPAnnotation
    CPAuthorizationRequestOverrides
    CPBackgroundSessionCreationRequest
    CPLNetworkIndicator
    CPLNetworkState
    CPLNetworkWatcher
    CPLPlaceAnnotation
    CPLRampingRequest
    CPLRampingRequestResource
    CPLServerFeedbackRequest
    CPListTemplateDetailsHeader
    CPNetworkObserver
    CPParticipantTranslationRequest
    CPPresenceSessionCreationRequest
    CPRequestEndpointAction
    CPRotatedRegion
    CPSimulatedDataCryptor
    CRCHNetworkCursor
    CRCHPatternNetwork
    CRSUIClimateQuickControlRequestAction
    CRSUIClimateQuickControlRequestActionHandler
    CSIndexExtensionRequestHandler
    CSRequestQueue
    CSSearchableIndexRequest
    CSTokenScopeParser
    CSUCLIPImageEncoderV3NetworkOutput
    CSUCLIPTextEncoderV3NetworkOutput
    CSUDetectionPrintNetwork
    CSUDetectionPrintNetworkConfiguration
    CSUDetectionPrintNetworkOutput
    CSUImageCaptionDecoderAXKVCacheE1Network
    CSUSceneNetV5CustomClassifierNetworkOutput
    CSUSceneNetV5NetworkOutput
    CSUSystemSearchTextEncoderV1NetworkOutput
    CSUSystemSearchTextEncoderV1TokenEmbeddingInput
    CSUSystemSearchTextEncoderV1TokenIDInput
    CSUSystemSearchTokenizer
    CSUTextEncoderE5MLNetworkOutput
    CSUTextEncoderE5MLTokenEmbeddingInput
    CSUTextEncoderE5MLTokenIDInput
    CSUTokenEmbedding
    CSUTokenID
    CSUTokenizer
    CSUVisualGenerationTextEncoderV1NetworkOutput
    CTBClientAuthenticityRequestWrapper
    CTCarrierSignupPlan
    CTCellularPlanProvisioningOnDeviceActivationRequest
    CTCellularPlanProvisioningRequest
    CTCellularPlanTransferCrossPlatformRequest
    CTDedicatedBearerRequest
    CTEOSFirmwareInfo
    CTLazuliChatBotAddressEntry
    CTLazuliChatBotAddressEntryList
    CTLazuliFileCryptoMaterial
    CTLazuliSuggestedActionRequestLocationPush
    CTLazuliSupport.NetworkMonitor
    CTNetwork
    CTNetworkList
    CTNetworkSelectionInfo
    CTPNRRequestSentInfo
    CTPNRRequestType
    CTPXCSetUpeSIMLaunchedRequest
    CTPlanSignUpDetails
    CTPrivateNetworkCapabilities
    CTPrivateNetworkSimInfo
    CTSignalStrengthInfo
    CTSignalStrengthMeasurements
    CTStewieCompressionRequest
    CTStewieRequestContext
    CTSubscriberAuthRequest
    CTTelephonyNetworkInfo
    CTXPCAcknowledgeIncomingMessagesRequest
    CTXPCActivateCrossPlatformTransportRequest
    CTXPCActivateProximityTransferRequest
    CTXPCAddParticipantsRequest
    CTXPCAddPlanWithOnDeviceActivationRequest
    CTXPCAddPlanWithPropertiesRequest
    CTXPCAddPlanWithProvisioningRequest
    CTXPCAddQRCodePlanRequest
    CTXPCAllowSimLockRequest
    CTXPCCanRunActivationCodeProvisioningRequest
    CTXPCCancelPlanInstallationRequest
    CTXPCCancelTransferPlanRequest
    CTXPCChangeIconRequest
    CTXPCChangePINRequest
    CTXPCChangeSubjectRequest
    CTXPCCheckCrossPlatformTransferEligbilityForDeviceRequest
    CTXPCCheckPreFlightEligibilityRequest
    CTXPCCheckProfileEligibilityRequest
    CTXPCConnectCrossPlatformTransportWithCodeRequest
    CTXPCContinueTransferWithoutWifiRequest
    CTXPCConvertCountryCodeToISORequest
    CTXPCConvertISOToMCCMNCRequest
    CTXPCConvertMCCMNCToISORequest
    CTXPCConvertPhysicalToeSIMRequest
    CTXPCCreateEncryptedIdentityRequest
    CTXPCCreateGroupChatRequest
    CTXPCDeactivateCrossPlatformTransportRequest
    CTXPCDeclineCrossPlatformTransferRequest
    CTXPCDecodeSuggestionsBase64Request
    CTXPCDeleteChatRequest
    CTXPCDeleteTransferPlansRequest
    CTXPCDeleteZoneRequest
    CTXPCDiscoverCapabilitiesRequest
    CTXPCDiscoverRemoteCapabilitiesRequest
    CTXPCEmbeddedSIMHealthRequest
    CTXPCEmbeddedSIMOnlyConfigRequest
    CTXPCEnablePINRequest
    CTXPCEncryptDataRequest
    CTXPCEndPlanTransferRequest
    CTXPCEvaluateDtoPolicyRequest
    CTXPCExitGroupChatRequest
    CTXPCFetchNetworkListRequest
    CTXPCFetchRemoteCapabilitiesRequest
    CTXPCFetchRenderInformationRequest
    CTXPCFirmwareUpdateInfoRequest
    CTXPCFirmwareUpdateInfoResponse
    CTXPCGenerateTokenForContextRequest
    CTXPCGet2GSwitchEnabledRequest
    CTXPCGet2GUserPreferenceRequest
    CTXPCGetBandInfoRequest
    CTXPCGetCachedCapabilitiesRequest
    CTXPCGetCameraScanInfoForCardDataRequest
    CTXPCGetCarrierSetupItemsRequest
    CTXPCGetCurrentRatRequest
    CTXPCGetDCTCodeRequest
    CTXPCGetDefaultVoiceRequest
    CTXPCGetDeviceInfoRequest
    CTXPCGetEncryptionStatusRequest
    CTXPCGetEnhancedVoiceLinkQualityMetricRequest
    CTXPCGetHiddenTransferPlansRequest
    CTXPCGetIMSRegistrationStatusRequest
    CTXPCGetIsDataAttachedRequest
    CTXPCGetIsInHomeCountryRequest
    CTXPCGetIsNetworkReselectionNeededRequest
    CTXPCGetIsNetworkReselectionNeededResponse
    CTXPCGetIsNetworkSelectionMenuAvailableRequest
    CTXPCGetIsNetworkSelectionMenuAvailableResponse
    CTXPCGetLastKnownMobileCountryCodeRequest
    CTXPCGetLocalDeviceIdentifierRequest
    CTXPCGetMaxDataRateRequest
    CTXPCGetMobileCountryCodeRequest
    CTXPCGetMobileNetworkCodeRequest
    CTXPCGetMobileNetworkCodeResponse
    CTXPCGetNRStatusRequest
    CTXPCGetNetworkListRequest
    CTXPCGetNetworkListResponse
    CTXPCGetNetworkSelectionInfoRequest
    CTXPCGetNetworkSelectionInfoResponse
    CTXPCGetNetworkSelectionRequest
    CTXPCGetNetworkSelectionResponse
    CTXPCGetOperatorNameRequest
    CTXPCGetPendingInstallPlansRequest
    CTXPCGetPlanTransferCredentialsRequest
    CTXPCGetPlansPendingCrossPlatformTransferRequest
    CTXPCGetProvisioningServerURLRequest
    CTXPCGetRadioAccessTechnologyRequest
    CTXPCGetRatSelectionRequest
    CTXPCGetRegistrationDisplayStatusRequest
    CTXPCGetRegistrationIMSTransportInfoRequest
    CTXPCGetRegistrationStatusRequest
    CTXPCGetRegulatedRATsSwitchEnabledRequest
    CTXPCGetRegulatedRATsUserPreferenceRequest
    CTXPCGetRejectCauseCodeRequest
    CTXPCGetRemoteDeviceForTransferRequest
    CTXPCGetRemoteDevicesForTransferRequest
    CTXPCGetRemoteDevicesRequest
    CTXPCGetRemotePlanManageAccountInfoRequest
    CTXPCGetRemotePlanSignupInfoRequest
    CTXPCGetRoamingStatusRequest
    CTXPCGetServingPlmnRequest
    CTXPCGetSignalStrengthInfoRequest
    CTXPCGetSignalStrengthInfoResponse
    CTXPCGetSignalStrengthMeasurementsRequest
    CTXPCGetSignalStrengthMeasurementsResponse
    CTXPCGetSimDeactivationInfoRequest
    CTXPCGetSimLabelRequest
    CTXPCGetSupportedDataRatesRequest
    CTXPCGetSupports5GStandaloneRequest
    CTXPCGetSystemConfigRequest
    CTXPCGetTokenRequest
    CTXPCGetTokenResponse
    CTXPCGetTransferPlansRequest
    CTXPCGetTransferTypeRequest
    CTXPCGetVoiceLinkQualityMetricRequest
    CTXPCGetWebsheetInfoForTransferRemotePlanRequest
    CTXPCGetWirelessTechnologyRequest
    CTXPCHandleTermsAndConditionsCompletedRequest
    CTXPCHandleUserEnteredOtpRequest
    CTXPCHasProvisioningServiceImpactRequest
    CTXPCHideTransferPlanRequest
    CTXPCInstallMultiplePlansRequest
    CTXPCInstallPendingPlanRequest
    CTXPCInstallPendingPlansRequest
    CTXPCInvalidateCrossPlatformPlanTransferRequest
    CTXPCInvalidateProximityTransferRequest
    CTXPCIsAnyPlanOfTransferCapabilityAvailableForThisDeviceRequest
    CTXPCIsAnyPlanTransferableFromThisDeviceForFlowRequest
    CTXPCIsAnySimReadyRequest
    CTXPCIsAutofillAllowedForDomainRequest
    CTXPCIsAutofillAllowedForDomainWithinClientRequest
    CTXPCIsMemoryConstrainedRequest
    CTXPCIsSimMatchingRequest
    CTXPCIsTokenValidRequest
    CTXPCLastKnownMobileSubscriberCountryCodeRequest
    CTXPCLoadCarrierStoreVisitStatusRequest
    CTXPCLoadSimSetupInfoRequest
    CTXPCMessageRevokeRequest
    CTXPCMobileEquipmentInfoRequest
    CTXPCMobileSubscriberCountryCodeRequest
    CTXPCMobileSubscriberGID1Request
    CTXPCMobileSubscriberGID2Request
    CTXPCMobileSubscriberHomeCountryListRequest
    CTXPCMobileSubscriberISOSubregionCodeRequest
    CTXPCMobileSubscriberIdentityRequest
    CTXPCMobileSubscriberNetworkCodeRequest
    CTXPCNeedToLaunchSetUpeSIMRequest
    CTXPCOverridePlanSelectionRequest
    CTXPCPINOperationCompletedRequest
    CTXPCPrepareCrossPlatformCellularPlanLabelRequest
    CTXPCPrepareCrossPlatformPlanTransferRequest
    CTXPCPromptForSIMUnlockRequest
    CTXPCQueryStartSessionRequest
    CTXPCReadCachedCapabilitiesRequest
    CTXPCReadCachedChatBotRenderInfoRequest
    CTXPCRefreshCarrierTokenRequest
    CTXPCRegisterSetUpeSIMLaunchedEventRequest
    CTXPCRemainingPINRetriesRequest
    CTXPCRemainingPUKRetriesRequest
    CTXPCRemoveParticipantsRequest
    CTXPCRenewOneTimePasswordRequest
    CTXPCReportChatBotSpamRequest
    CTXPCReportSpamRequest
    CTXPCRequestMessage
    CTXPCResetProximityTransportExtensionRequest
    CTXPCResumeCrossPlatformTransferSessionRequest
    CTXPCRetrieveAllMessagesRequest
    CTXPCRetrieveMessageRequest
    CTXPCRevokeTokenForBundleIDRequest
    CTXPCSaveCarrierStoreVisitStatusRequest
    CTXPCSaveCellularSettingsRequest
    CTXPCSaveSimSetupInfoRequest
    CTXPCSelectNetworkRequest
    CTXPCSelectTransferPlansRequest
    CTXPCSendComposingIndicatorRequest
    CTXPCSendDeviceActionRequest
    CTXPCSendDeviceSettingsRequest
    CTXPCSendDispositionNotificationMessageRequest
    CTXPCSendFileTransferMessageRequest
    CTXPCSendGeolocationMessageRequest
    CTXPCSendOneToManyFileTransferRequest
    CTXPCSendOneToManyGeoLocationRequest
    CTXPCSendOneToManyTextMessageRequest
    CTXPCSendResponseForSuggestedActionRequest
    CTXPCSendResponseForSuggestedReplyRequest
    CTXPCSendTextMessageRequest
    CTXPCSendTravelBuddyCAEventRequest
    CTXPCSendTravelBuddyCAEventWithDetailsRequest
    CTXPCSet2GUserPreferenceRequest
    CTXPCSetActiveBandInfoRequest
    CTXPCSetBusinessMessagingStateRequest
    CTXPCSetDefaultDataRequest
    CTXPCSetDefaultVoiceRequest
    CTXPCSetLazuliEncryptionStateRequest
    CTXPCSetLazuliStateRequest
    CTXPCSetMaxDataRateRequest
    CTXPCSetPlanRequest
    CTXPCSetProvisioningServerURLRequest
    CTXPCSetRatSelectionMaskRequest
    CTXPCSetRatSelectionRequest
    CTXPCSetRegulatedRATsUserPreferenceRequest
    CTXPCSetSimLabelRequest
    CTXPCSetSupports5GStandaloneRequest
    CTXPCShortLabelRequest
    CTXPCShouldShoweSIMTravelTipRequest
    CTXPCShowRoamingEducationRequest
    CTXPCShowTravelEducationRequest
    CTXPCSimHardwareInfoRequest
    CTXPCSimIdentityRequest
    CTXPCSimLockStateRequest
    CTXPCSimStatusRequest
    CTXPCSimTrayStatusRequest
    CTXPCStartPendingPlanInstallFlowRequest
    CTXPCSubmitAutoReconnectionDetailsRequest
    CTXPCSubmitPlanSetupDetailsRequest
    CTXPCSubmitSIMSetupUsageRequest
    CTXPCSubscriberAuthenticateRequest
    CTXPCSubscriberEvaluateIdentityDataRequest
    CTXPCSubscriberEvaluateIdentityStringRequest
    CTXPCSubscriberGetPseudoIdentityRequest
    CTXPCSubscriberSupportsEncryptedIdentityRequest
    CTXPCSubscriptionContextPrivateRequest
    CTXPCSubscriptionContextRequest
    CTXPCSubscriptionNameRequest
    CTXPCSupportEmbeddedSimRequest
    CTXPCSupportsHydraRequest
    CTXPCSupportsLimitedUseSIMsRequest
    CTXPCSupportsPlanProvisioningRequest
    CTXPCTACRequest
    CTXPCTransferPlanRequest
    CTXPCTransferPlansRequest
    CTXPCTransferRemotePlanFromDeviceRequest
    CTXPCTravelInfoRequest
    CTXPCTravelTripInfoRequest
    CTXPCTraveleSIMCheckRequest
    CTXPCTriggerKeepAliveWakeupRequest
    CTXPCUnblockPUKRequest
    CTXPCUnhideTransferPlanRequest
    CTXPCUnlockPINRequest
    CTXPCUpdateCellularPlanPropertiesRequest
    CTXPCUpdateSecureIntentDataRequest
    CTXPCUserAuthTokenRequest
    CTXPCUserAuthTokenResponse
    CTXPCUserDidExitWebsheetFlowForPlanRequest
    CTXPCUsingBootstrapDataServiceRequest
    CTXPCValidateProximityTransferRequest
    CTXPCWebsheetInfoForPlanRequest
    CTXPCtransferPlanWithCardDataRequest
    CUAudioRequest
    CUBluetoothFindDeviceRequest
    CUFileReadRequest
    CUFileWriteRequest
    CUIDesignColor
    CUIDesignLibrary
    CUIDesignLibraryCatalog
    CUIDesignLibraryCompositeCatalog
    CUIKORContentImageRequest
    CUIKSpotlightEntityAnnotator
    CUIKViewEntityAnnotation
    CUISignedDistanceField
    CUMessageRequestEntry
    CUReadRequest
    CUTNetworkInterfaceListener
    CUVoiceRequest
    CUWriteRequest
    CVABackgroundRequestImplBase
    CVABackgroundRequestImplOpaque
    CVABackgroundRequestImplSDOF
    CVABackgroundRequestImplSourceImage
    CVADisparityPostprocessingRequest
    CVALightRequestImplBase
    CVALightRequestImplContour
    CVALightRequestImplStudio
    CVAMattingRequest
    CVAPortraitGenericRequestCubeImpl
    CVAPortraitGenericRequestImpl
    CVAPortraitRequest
    CVAPortraitRequest_StageLight
    CVAPostProcessingRequestImplColorCube
    CVNLPTextDecodingToken
    CVNLPTokenIDConverter
    CVNLPVisionRequestHandler
    CWFAutoJoinRequest
    CWFBackgroundScanNetwork
    CWFKnownNetworkPreparer
    CWFLocalNetworkDevice
    CWFLocalNetworkFilteredName
    CWFNearbySyncNetwork
    CWFNetworkDenyList
    CWFNetworkDenyListInfo
    CWFNetworkDenyListItem
    CWFNetworkOfInterestManager
    CWFNetworkProfile
    CWFNetworkSignature
    CWFRemoteInterfaceNetworkInfo
    CWFRequestParameters
    CWFSCNetworkConfiguration
    CWFSCNetworkInterface
    CWFSCNetworkReachability
    CWFSCNetworkService
    CWFWiFiNetworkSharingAskToShareNetwork
    CWFWiFiNetworkSharingAskToShareScanResult
    CWFWiFiNetworkSharingClientID
    CWFWiFiNetworkSharingConnectedAP
    CWFWiFiNetworkSharingConnectedAPLink
    CWFWiFiNetworkSharingConnectedAPUpdate
    CWFWiFiNetworkSharingEAPCredentials
    CWFWiFiNetworkSharingEventID
    CWFWiFiNetworkSharingManager
    CWFWiFiNetworkSharingNetwork
    CWFWiFiNetworkSharingNetworkID
    CWFWiFiNetworkSharingNetworkListUpdate
    CWFWiFiNetworkSharingNetworkMetadata
    CWFWiFiNetworkSharingStore
    CWFWiFiNetworkSharingUtil
    CWFXPCRequest
    CWFXPCRequestProxy
    CXCallTokens
    CXNetworkExtensionMessageController
    CXNetworkExtensionMessageControllerHost
    CXNetworkExtensionMessageControllerHostConnection
    CXNetworkExtensionMessageControllerXPCClient
    CXScreenSharingRequestMetadata
    CachedShouldRequestWGS84Elevations
    CalCancellationTokenSource
    CalDAVCalendarInfoTaskGroup
    CalSignalSensor
    CalculateRequest
    CalculateScanRequest
    CalculateToken
    CalculateTokenizer
    CalendarLinkSpotlightEntityAnnotator
    CardDAVFolderInfoTaskGroup
    ChronoServices.ControlSessionSubscriptionRequest
    CipherML.AMSNetworking
    CipherML.ActiveUseCaseTracker
    CipherML.AllowList
    CipherML.AspireNetworkManager
    CipherML.CMLXPCServer
    CipherML.Cache
    CipherML.CacheCleaner
    CipherML.ConfigTable
    CipherML.EvaluationKeyConfigTable
    CipherML.KVSKeyStorage
    CipherML.KeyRotation
    CipherML.ManagedURLSession
    CipherML.NetworkManagerHelper
    CipherML.PegasusNetworking
    CipherML.RequestsManager
    CipherML.RotationTask
    CipherML.SendableBGSystemTask
    CipherML.SqliteCache
    CipherML.StoredConfig
    CipherML.StoredEvaluationKeyConfig
    CipherML.TokenCache
    CipherML.TokenFetcherTask
    CipherML.WorkAroundForIdleMemory
    CipherML.XPCHandler
    CloudAsset.LoadingRequestHandler
    CloudKit.ChunkDataDecryptor
    CloudSubscriptionFeatures.FeatureRequestHandler
    CloudTelemetryTools.RequestOptions
    Coherence.Upgrade4to5
    Coherence.UpgradeKeyPaths
    ContactsFoundation.CNDataEncryptor
    ContactsUI.CNContactHeaderQuickActionsModel
    ContactsUI.CNTipHeaderView
    ContactsUI.ContactHeaderAppearance
    ContactsUICore.ContactCardHeaderSwiftUIViewModel
    ContactsUICore.ContactHeaderAppearance
    ContactsUICore.UserInputRequestCoordinator
    CopresenceCore.GroupSessionDataCryptorProvider
    CopresenceCore.OnceToken
    CopresenceCore.TransparentTopicCryptorProvider
    CoreCryptoP256Private
    CoreDAVBulkRequestsItem
    CoreDAVBulkRequestsSetItem
    CoreDAVBulkRequestsSupportedItem
    CoreDAVContainerInfoTaskGroup
    CoreDAVICloudQuotaItem
    CoreDAVRequestLogger
    CoreIDCred.XPCCredentialPresentmentRequest
    CoreIDV.DigitalPresentmentRequest
    CoreIDV.XPCAuditToken
    CoreIDV.XPCMobileDocumentProviderRegistrationRequest
    CoreIDV.XPCMobileDocumentProviderUnregisterRequest
    CoreIDV.XPCMobileDocumentReaderCertificateRequest
    CoreIDV.XPCMobileDocumentReaderIdentityKeyRequest
    CoreIDV.XPCMobileDocumentReaderRequest
    CoreIDVShared.APDURequest
    CoreIDVShared.NetworkMonitor
    CoreIDVShared.XPCMobileDocumentProviderPresentmentRequest
    CoreIDVShared.XPCPartialWebPresentmentRequest
    CoreIDVShared.XPCWebPresentmentRequest
    CoreODIEssentials.DIPAppleWebRequest
    CoreODIEssentials.DIPCryptoKeychain
    CoreODIEssentials.DIPWebRequest
    CoreODIEssentials.RequestHeader
    CoreWiFi.WINetworkSharingController
    CoreWiFi.WINetworkSharingProvider
    CoreWiFi.WINetworkSharingUtil
    CryptoKit.Drbg
    CryptoKit.Rng
    CryptoKit.SequenceDrbg
    CryptoKitPrivate.ARCAwaitingActivationWrapper
    CryptoKitPrivate.ARCCredentialWrapper
    CryptoKitPrivate.ARCPresentationWrapper
    CryptoKitPrivate.ARCServer
    CryptoKitPrivate.ATHMClient
    CryptoKitPrivate.ATHMKeyCommitments
    CryptoKitPrivate.ATHMServer
    CryptoKitPrivate.AlishaSPAKE2Prover
    CryptoKitPrivate.AlishaSPAKE2ProverConfirmed
    CryptoKitPrivate.CKPIETFKeyBlinding
    CryptoKitPrivate.Drbg
    CryptoKitPrivate.RSAPSSSPKI_Bridging
    CryptoKitPrivate.Rng
    CryptoKitPrivate.Scrypt
    CryptoKitPrivate.SequenceDrbg
    CryptoKitPrivate.TDMClient
    CryptoKitPrivate.TDMServer
    CryptoKitPrivate.TDMServerEvaluation
    DAAccountUpgrader
    DAAlishaKeyEncryptedRequest
    DADraftMessageRequest
    DAKeyBindingAttestationRequestData
    DAKeyInvitationRequestConfig
    DAKeyPairingConfig
    DAKeyPairingSession
    DAMailboxDeleteMessageRequest
    DAMailboxFetchMessageRequest
    DAMailboxFetchSearchResultRequest
    DAMailboxGetUpdatesRequest
    DAMailboxRequest
    DAMailboxSetFlagsRequest
    DAMessageFetchAttachmentRequest
    DAMessageMoveRequest
    DAPriorityRequest
    DAResolveRecipientsRequest
    DASharingSecondFactorRequestConfiguration
    DCCredentialAuthorizationToken
    DCCredentialCryptoKey
    DCCredentialCryptoKeyInfo
    DCDocumentCameraViewServiceSessionRequest
    DCPresentmentRequest
    DCPresentmentRequestedElement
    DDMLToken
    DDMLTokenType
    DEAnnotatedGroup
    DEAnnotation
    DEDAEAEncryptor
    DEDEncryptorFactory
    DEDHealthLogsEncryptor
    DEDRequestAdvertiser
    DEDRequestRecord
    DEDSeedingFilerToken
    DEPDeviceUploadRequestType
    DEPDeviceUploadSubmitDeviceRequestPayload
    DGActivityIndicatorBallClipRotateAnimation
    DGActivityIndicatorBallClipRotateMultipleAnimation
    DGActivityIndicatorBallClipRotatePulseAnimation
    DGActivityIndicatorBallRotateAnimation
    DGActivityIndicatorRotatingSandglassAnimation
    DGActivityIndicatorRotatingSquaresAnimation
    DGActivityIndicatorRotatingTrigonAnimation
    DIIdentityRequest
    DIPStreamingCryptor
    DMCHTTPRequestor
    DMCNetworkMonitor
    DMFActivityTransactionRequest
    DMFAppRequest
    DMFAssignUserRequest
    DMFBatchRequestOperation
    DMFBeginTransactionRequest
    DMFClearActivationLockBypassCodeRequest
    DMFClearRestrictionsPasswordRequest
    DMFCreateConfigurationOrganizationRequest
    DMFDDMStartManagingAppRequest
    DMFDeactivateConfigurationOrganizationRequest
    DMFDeleteUserRequest
    DMFDevicePropertyNotificationSubscriptionRequest
    DMFDisableLostModeRequest
    DMFEchoRequest
    DMFEnableLostModeRequest
    DMFEndTransactionRequest
    DMFFetchActivationLockBypassCodeRequest
    DMFFetchAppInfoRequest
    DMFFetchApplicationsRequest
    DMFFetchAppsRequest
    DMFFetchAvailableOSUpdatesRequest
    DMFFetchCertificatesRequest
    DMFFetchClassroomInstructorEndpointRequest
    DMFFetchConfigurationOrganizationsRequest
    DMFFetchConfigurationSourceSyncTokenRequest
    DMFFetchConfigurationSourceSyncTokenResultObject
    DMFFetchControlGroupIdentifiersRequest
    DMFFetchDMDStateRequest
    DMFFetchDeclarationCapabilitiesRequest
    DMFFetchDeclarationsRequest
    DMFFetchDevicePropertiesRequest
    DMFFetchGlobalRestrictionsRequest
    DMFFetchInstalledApplicationsRequest
    DMFFetchInstalledCertificatesRequest
    DMFFetchInstalledProfilesRequest
    DMFFetchInstalledProvisioningProfilesRequest
    DMFFetchLastLoginDateRequest
    DMFFetchLocationRequest
    DMFFetchManagedBooksRequest
    DMFFetchOSUpdateStatusRequest
    DMFFetchProfilesRequest
    DMFFetchProvisioningProfilesRequest
    DMFFetchRestrictionsRequest
    DMFFetchSafariBookmarksRequest
    DMFFetchScreenshotRequest
    DMFFetchSecurityInformationRequest
    DMFFetchStreamEventsRequest
    DMFFetchUsersRequest
    DMFInstallAppRequest
    DMFInstallConfigurationRequest
    DMFInstallManagedBookRequest
    DMFInstallProfileRequest
    DMFInstallProvisioningProfileRequest
    DMFInviteUserToVPPRequest
    DMFJoinControlGroupRequest
    DMFLeaveControlGroupRequest
    DMFLockDeviceRequest
    DMFLogOutUserRequest
    DMFLogoutUserRequest
    DMFMDMv1InstallAppRequest
    DMFMDMv1StartManagingAppRequest
    DMFMDMv1UpdateAppRequest
    DMFManagementLockRequest
    DMFManagementUnlockRequest
    DMFOpenAppRequest
    DMFOpenURLRequest
    DMFPlayLostModeSoundRequest
    DMFProcessDeclarationsRequest
    DMFProcessStatusRequest
    DMFRefreshCellularPlansRequest
    DMFRefreshStatusRequest
    DMFRegisterConfigurationSourceRequest
    DMFRemoveAppRequest
    DMFRemoveConfigurationRequest
    DMFRemoveManagedBookRequest
    DMFRemoveOSUpdateRequest
    DMFRemoveProfileRequest
    DMFRemoveProtectedProfileRequest
    DMFRemoveProvisioningProfileRequest
    DMFRequestAirPlayMirroringRequest
    DMFRequestAirPlayMirroringResultObject
    DMFRestartDeviceRequest
    DMFScheduleOSUpdateRequest
    DMFSendEventRequest
    DMFSetAirPlayRouteRequest
    DMFSetAppAllowUserToHideRequest
    DMFSetAppAllowUserToLockRequest
    DMFSetAppAnalyticsEnabledRequest
    DMFSetAppAssociatedDomainsEnableDirectDownloadsRequest
    DMFSetAppAssociatedDomainsRequest
    DMFSetAppCellularSliceUUIDRequest
    DMFSetAppConfigurationRequest
    DMFSetAppExtensionUUIDsRequest
    DMFSetAppRemovabilityRequest
    DMFSetAppTapToPayScreenLockRequest
    DMFSetAppVPNUUIDRequest
    DMFSetBluetoothEnabledRequest
    DMFSetDataRoamingEnabledRequest
    DMFSetDeclarationsRequest
    DMFSetDeviceNameRequest
    DMFSetDiagnosticSubmissionEnabledRequest
    DMFSetInterfaceOrientationRequest
    DMFSetMaximumResidentUsersRequest
    DMFSetPasscodeLockGracePeriodRequest
    DMFSetPersonalHotspotEnabledRequest
    DMFSetVoiceRoamingEnabledRequest
    DMFSetVolumeRequest
    DMFShutDownDeviceRequest
    DMFStartAppLockRequest
    DMFStopAirPlayMirroringRequest
    DMFStopAppLockRequest
    DMFStopManagingAppRequest
    DMFStopManagingBooksRequest
    DMFTaskRequest
    DMFTriggerDiagnosticsRequest
    DMFUpdateAppAttributesRequest
    DMFUpdateAppRequest
    DMFUpdateDeclarationsRequest
    DMFUpdateEnqueuedCommandsRequest
    DMFUpdatePickableAirPlayRoutesRequest
    DMFValidateApplicationsRequest
    DNDModeAssertionUserRequestedLifetime
    DNDRequestDetails
    DODMLASRSchemaDODMLASRTokenInfo
    DOMTokenList
    DesignLibrary.SegmentedControlDragTrackingInfo
    DesignLibrary._ImpossibleActor
    Doraemon.CINetworkHelper
    DriverManagement.ApprovalStateUpdateRequest
    EARSpeechRecognitionToken
    EARTokenPronounciations
    ECAppleToken2AuthScheme
    ECAppleTokenAuthScheme
    ECDKIMCryptoUtil
    ECDKIMMessageHeader
    ECHeaderAuthenticationResultProperty
    ECHeaderAuthenticationResultStatement
    ECHeaderAuthenticationResults
    ECRawMessageHeader
    ECRawMessageHeaders
    ECSignatureInfo
    EDAddBrandIndicatorEvidenceTableUpgradeStep
    EDAddBrandIndicatorsTableUpgradeStep
    EDAddBusinessAddressesTableCategoryColumnUpgradeStep
    EDAddBusinessColumnsUpgradeStep
    EDAddBusinessesSchemaUpgradeStep
    EDAddCategorizationStateUpgradeStep
    EDAddDisplayDateColumnUpgradeStep
    EDAddDownloadStateToMessageGlobalDataUpgradeStep
    EDAddFollowUpJsonStringForModelEvaluationForSuggestionsColumnUpgradeStep
    EDAddFrecencyAndServerMetadataUpgradeStep
    EDAddGeneratedSummaryUpgradeStep
    EDAddIndexingAnalyticsItemStartedAtIndexUpgradeStep
    EDAddIndexingAnalyticsTablesUpgradeStep
    EDAddIsUrgentColumnUpgradeStep
    EDAddMailboxDatabaseIDColumnToMailboxActionsDataUpgradeStep
    EDAddMailboxSyncInfoUpgradeStep
    EDAddMessageIDHeaderUpgradeStep
    EDAddMessagesBrandIndicatorColumnUpgradeStep
    EDAddMessagesDeletedDateReceivedIndexUpgradeStep
    EDAddMessagesFollowUpColumnUpgradeStep
    EDAddMessagesIsUrgentIndexUpgradeStep
    EDAddMessagesSearchableMessageColumnUpgradeStep
    EDAddMessagesValidationStateUpgradeStep
    EDAddReadLaterTableUpgradeStep
    EDAddRebuildTableUpgradeStep
    EDAddRemoteContentLinksTableUpgradeStep
    EDAddRichLinkTableUpgradeStep
    EDAddSearchableDataDetectionResultsTableUpgradeStep
    EDAddSendLaterTableUpgradeStep
    EDAddSenderCategoryColumnUpgradeStep
    EDAddSendersTableUpgradeStep
    EDAddThreadTablesUpgradeStep
    EDAddiCloudCleanupColumnUpgradeStep
    EDBusinessCommonPrefixGroupingUpgradeStep
    EDCleanModelResultColumnsUpgradeStep
    EDDonateGenericAttributesForAppIntentsUpgradeStep
    EDDropMessagesReadIndexUpgradeStep
    EDExistingMessageWithMessageIDHeader
    EDForceRecategorizationUpgradeStep
    EDMailMessageEntityIDIntegerProtectionUpgradeStep
    EDMessageGlobalDataBlackPearlUpgradeStep
    EDMigrateBlockedSenderEnabledToBlockedSenderActionEnumUpgradeStep
    EDMigrateCategoryTypeUpgradeStep
    EDMigrateServerMetadataFromPListUpgradeStep
    EDMigrateUserDefaultsUpgradeStep
    EDRemoveRebuildTableUpgradeStep
    EDRemoveUnusedSchemaTableUpgradeStep
    EDRenameThreadsTableUpgradeStep
    EDSearchableMessagesIndexReindexTypeUpgradeStep
    EDSkyAddMessageAttachmentsAndMigrateAttachmentsTableUpgradeStep
    EDSubjectTokenizer
    EDTruncateMailboxUpgradeStep
    EDUpdateOthersCategoryTypeUpgradeStep
    EFCancelationToken
    EFDeallocInvocationToken
    EFInvocationToken
    EFManualCancelationToken
    EFNetworkDomainUtilities
    EFNetworkStatus
    EFPriorityDesignator
    EKDuetSignalEventSerializer
    EKEventDetailTextCellHeader
    EKEventFetchRequestToken
    EKMapSearchCompletionResolverRequest
    EKNullFetchRequestToken
    EKReminderFetchRequestToken
    EKRequestAvailabilityOperation
    EKSequenceToken
    EKSubscribedCalendarDescriptionHeader
    EKUICalendarListViewHeader
    EKUICalendarListViewHeaderContentView
    EKUIListViewHeader
    EKUIOverlayCalendarSignificantDatesProvider
    EKUITextAndHeaderItem
    EMContentRequestOptions
    EMDaemonInterfaceRequest
    EMFEmojiToken
    EMFQueryUntokenized
    EMHMERecipientCreationRequest
    EMMessageHeaders
    EMMessageSigner
    EMSuppressNotAuthenticatedAction
    EMTAlignmentProcessorToken
    EMTToken
    EMTTokenizer
    ENRemotePresentationRequest
    ENSignature
    ENSignatureFile
    EXAuditToken
    EXExtensionRequest
    EXPSiriSchemaEXPClientSiriRequestExperimentTriggeredTier1
    EmojiSectionHeaderLayoutInvalidationContext
    EndSessionRequestParameters
    EspressoFDOverfeatNetwork
    EspressoNetwork
    EspressoProfilingNetworkANEInfo
    EspressoProfilingNetworkInfo
    EventAndSignal
    ExecutorSiriSchemaExecutorRequestCanceled
    ExecutorSiriSchemaExecutorRequestContext
    ExecutorSiriSchemaExecutorRequestEnded
    ExecutorSiriSchemaExecutorRequestFailed
    ExecutorSiriSchemaExecutorRequestStarted
    FAAgeRangeRequestModel
    FACancelInvitationRequest
    FAChildAccountCutOffAgeRequest
    FAClearFamilyCircleCacheRequest
    FAClearPhotoCacheRequest
    FADeleteFamilyRequest
    FAEligiblityEvaluationRequest
    FAEnableScreenTimeSettingsRequest
    FAFamilyCircleRequest
    FAFamilyMemberPhotoRequest
    FAFetchFamilyCircleRequest
    FAFetchFamilyPhotoRequest
    FAFetchFollowupRequest
    FAFetchScreenTimeSettingsCacheRequest
    FAHandleFamilyEventPushNotificationRequest
    FAHeartbeatRequest
    FAInviteFollowUpTestRequest
    FALaunchOutOfProcessRequest
    FAMemberPhotoRequest404Cache
    FAParentalControlsRequest
    FARegisterPushTokenRequest
    FARemoveFamilyMemberRequest
    FARequestCoalescer
    FARequestConfigurator
    FARequestEphemeralSigner
    FASaveScreenTimeSettingsCacheRequest
    FAScreenTimeRequestProvider
    FASettingAccountRestrictionsRequest
    FASettingProtoAccountRestrictionsRequest
    FASettingsPresetsRequest
    FAUpdateFamilyInviteStatusRequest
    FAUpdateFamilyMemberFlagRequest
    FAUpdateFamilyMemberFlagsRequest
    FBKAnnotatedFileBrowserTableViewController
    FBKBoxedRequest
    FBKFilerToken
    FBKRequestRecord
    FBKRequestRecordWrapper
    FBKRequestsLog
    FBKSAnnotatedContentObjc
    FBKSDeviceToken
    FBSALOToken
    FBSDataResetRequest
    FBSDisplayConfigurationRequest
    FBSLegacySignatureValidationService
    FBSMutableDisplayConfigurationRequest
    FBSProcessTerminationRequest
    FBSSceneIdentityToken
    FBSSceneSnapshotAction
    FBSSceneSnapshotRequest
    FBSSceneSnapshotRequestAction
    FBSSceneSnapshotRequestHandle
    FBSSignatureValidationService
    FBSWorkspaceSceneRequestOptions
    FBSceneSnapshotAction
    FBSystemServiceOpenApplicationRequest
    FBWorkspaceSceneRequest
    FCANEFHeader
    FCAVAssetKeyFetchRequest
    FCAppReviewRequestConfig
    FCAssetHandleDownloadRequest
    FCBiomeSignalProvider
    FCCKAESSIVRecordNameCipher
    FCCKDirectRequestOperation
    FCCKDirectRequestOperationURLCache
    FCCKFeedRequest
    FCCKOrderFeedRequest
    FCCKPrivateDatabaseServerChangeToken
    FCCKTestRecordNameCipher
    FCEmailSignupConfig
    FCFeedInsertionToken
    FCFeedPrewarmRequest
    FCFeedRequest
    FCFeedRequestOperation
    FCFileAccessToken
    FCGetWebTokenOperation
    FCHideMyEmailSignupConfig
    FCInterestToken
    FCMescalSignature
    FCMultiNetworkBehaviorMonitor
    FCMyArticlesRequest
    FCNetworkActivity
    FCNetworkBehaviorMonitor
    FCNetworkEvent
    FCNetworkEventGroupKey
    FCNetworkEventStats
    FCNetworkOperation
    FCNetworkReachability
    FCNetworkSession
    FCOperationDelayedRetrySignal
    FCOperationExternalSignal
    FCOperationImmediateRetrySignal
    FCOperationNotificationRetrySignal
    FCPingBasedOnlineNetworkTransitionMonitor
    FCRegisterDeviceTokenCommand
    FCSimulatorSearchAPITokenProvider
    FCSupportedCountryNetworkReachabilityRequirement
    FCTagSubscriptionOrderAssigner
    FCTelemetryBasedOfflineNetworkTransitionMonitor
    FCTelemetryBasedOfflineNetworkTransitionOperation
    FCTodayFeedConfigRequest
    FCURLRequest
    FCURLRequestScheduler
    FIDSNode_NetworkNearby
    FIDSNode_NetworkSidebar
    FIRCLSDataCollectionToken
    FIRCLSFABNetworkClient
    FIRCLSNetworkOperation
    FIRCLSNetworkResponseHandler
    FIRInstallationsAuthTokenResult
    FIRInstallationsIIDTokenInfo
    FIRInstallationsIIDTokenStore
    FIRInstallationsStoredAuthToken
    FIRMessagingTokenDeleteOperation
    FIRMessagingTokenFetchOperation
    FIRMessagingTokenInfo
    FIRMessagingTokenManager
    FIRMessagingTokenOperation
    FIRMessagingTokenStore
    FKBackgroundRefreshConfirmationPromptToken
    FLOWSchemaFLOWHomeAutomationRequest
    FLOWSchemaFLOWHomeAutomationRequestMetadata
    FMCancelationToken
    FMDCommandValidationSignatureRequestContext
    FMDIdentitySigningRequest
    FMDPairingCheckCommandRequestInfo
    FMDPairingLockRegisterRequestInfo
    FMDPairingLockUpdateRequestInfo
    FMTokenBucket
    FPActionLocatorAccessToken
    FPSearchOnServerRequestDescriptor
    FTCinematicTapRequest
    FTNetworkDescriptor
    FTNetworkSupport
    FTURLRequestMessage
    FWFNSUrlRequestData
    FamilyCircle.FABuildInviteRequest
    FamilyCircle.FAFamilyChecklistRankingConfigRequest
    FamilyCircle.SignificantChangeAckExtensionContext
    FeedbackCore.FBKAttachmentAnnotation
    FeedbackCore.FBKTableSectionHeaderView
    FetchRequest
    FetchRequestPropertiesDescriptor
    FigCaptureDeferredPhotoProcessorRequest
    FigHTTPRequestSessionDataDelegate
    FigNetworkWirelessReportingInterface
    FigPWDKeyExchangeSenderServerHelperProd
    FigPWDKeyExchangeSenderTelementryHelper
    FinanceKit.ApplePayMerchantTokenUsageInformationPackage
    FinanceKit.AuditTokenWrapper
    FinanceKit.LastTokenManager
    FinanceKit.ManagedAnnotation
    FinanceKit.ManagedApplePayMerchantTokenAutomaticReloadPaymentDetails
    FinanceKit.ManagedApplePayMerchantTokenDeferredPaymentDetails
    FinanceKit.ManagedApplePayMerchantTokenMetadata
    FinanceKit.ManagedApplePayMerchantTokenPastPayment
    FinanceKit.ManagedApplePayMerchantTokenPastPaymentLineItem
    FinanceKit.ManagedApplePayMerchantTokenPastPaymentSummaryItem
    FinanceKit.ManagedApplePayMerchantTokenRecurringPaymentDetails
    FinanceKit.ManagedApplePayMerchantTokenResource
    FinanceKit.ManagedApplePayMerchantTokenScheduledPayment
    FinanceKit.ManagedApplePayMerchantTokenUpcomingPayment
    FinanceKit.ManagedApplePayMerchantTokenUsageInformation
    FinanceKit.ManagedApplePayMerchantTokenUsageInformationPackage
    FinanceKit.ManagedApplePayMerchantTokenUsageMetadata
    FinanceKit.ManagedLabRequest
    FinanceKit.ManagedMapsLookupRequest
    FinanceKit.ManagedNetworkRequestEvent
    FinanceKit.ManagedNetworkResponseEvent
    FinanceKit.NetworkEventRecorder
    FinanceKit.SendableNSPersistentHistoryToken
    FindMyBase.TokenBucket
    FindMyLocate.LocationShiftingRequest
    FirebaseSessions.NetworkInfo
    FlutterTokenizer
    GATSchemaGATGenerativeRequestContext
    GATSchemaGATGenerativeRequestEventEnded
    GATSchemaGATGenerativeRequestEventFailed
    GATSchemaGATGenerativeRequestEventStarted
    GATSchemaGATRequestCanceled
    GATSchemaGATRequestContext
    GATSchemaGATRequestEnded
    GATSchemaGATRequestFailed
    GATSchemaGATRequestHandoff
    GATSchemaGATRequestStarted
    GCCCreateRelaycastSessionRequest
    GCCGetRelaycastDiscoveredDevicesRequest
    GCCIsRelaycastSupportedRequest
    GCKAdBreakClipVastAdsRequest
    GCKBroadcastKeyExchangeChannel
    GCKBroadcastKeyPair
    GCKCryptoUtils
    GCKDBNetworkAddress
    GCKDBNetworkInfo
    GCKGuestModeCreateSessionRequest
    GCKGuestModeQueryAppPublishedStatusRequest
    GCKGuestModeServerRequest
    GCKGuestModeToggleAudioRequest
    GCKLaunchRequestTracker
    GCKMediaLoadRequestData
    GCKMediaLoadRequestDataBuilder
    GCKMediaRequestItem
    GCKMessageEncryptor
    GCKNHTTPRequest
    GCKNHTTPRequestMap
    GCKNLocalNetworkPermissionStatus
    GCKNNetworkAddress
    GCKNNetworkInterface
    GCKNNetworkReachability
    GCKNNetworkUtils
    GCKNetworkAddress
    GCKNetworkUtils
    GCKOCCreateSessionRequest
    GCKOCFindDevicesRequest
    GCKOCSendMessageRequest
    GCKOCVisibleBleToken
    GCKProberSchedulerRequest
    GCKRelayAccessTokenHelper
    GCKRequest
    GCKRequestTracker
    GCKUILocalNetworkInformationAlertViewModel
    GCKVASTAdsRequest
    GCREWrapKeyRequest
    GEOABAssignmentRequest
    GEOABAssignmentResponse
    GEOABExperimentAssignment
    GEOABSecondPartyPlaceRequestClientMetaData
    GEOAPNetworkSelectionHarvestReporter
    GEOAbAssignInfo
    GEOAbstractOfflineTileRequester
    GEOAbstractRequestResponseTicket
    GEOAddressCorrectionInitRequest
    GEOAddressCorrectionRequester
    GEOAddressCorrectionTaggedLocationRequest
    GEOAddressCorrectionUpdateRequest
    GEOAnnotatedItemList
    GEOApplicationAuditToken
    GEOBatchRevGeocodeRequest
    GEOBatchTileRequester
    GEOBatchTileRequesterOpportunisticAdapter
    GEOBusinessResolutionRequest
    GEOChargingNetworkInfo
    GEOClientNetworkMetrics
    GEOClientNetworkTransactionMetrics
    GEOClientRequestInfo
    GEOComposedRouteAnnotation
    GEOComposedStringTokenReplacementOptions
    GEOComposedStringTokenReplacementResult
    GEOComposedTrafficSignal
    GEOConfigAddChangeListenerRequest
    GEOConfigClearExpiredKeyRequest
    GEOConfigGetAllValueInStoreRequest
    GEOConfigGetCompanionSyncValuesForKeysRequest
    GEOConfigGetExpiringKeysRequest
    GEOConfigMigrateEntitledKeyRequest
    GEOConfigRemoveChangeListenerRequest
    GEOConfigSetAllValueInStoreRequest
    GEOConfigSetExpiringKeyRequest
    GEOConfigStorageGetValueForKeyRequest
    GEOConfigStorageSetValueForKeyRequest
    GEOContourLinesSimpleTileRequester
    GEOCountryConfigFetchGeoIPRequest
    GEOCountryConfigUpdateRequest
    GEODataRequest
    GEODataRequestThrottler
    GEODataRequestThrottlerToken
    GEODirectionsCollectionRequest
    GEODirectionsRequest
    GEODirectionsRequestFeedback
    GEODirectionsRequestResponseAnalyticsData
    GEODirectionsRequester
    GEODirectionsRequesterRemoteProxy
    GEODirectionsServiceRequest
    GEODirectionsServiceRequestBuilder
    GEODirectionsServiceRequestBuilderResult
    GEODirectionsServiceRequestParameters
    GEODisplayHeaderSubstitute
    GEOETARequest
    GEOETARequestExtension
    GEOETARequestSimple
    GEOETARequestUpdateable
    GEOETARequester
    GEOETATrafficUpdateRequest
    GEOETATrafficUpdateRequestExtension
    GEOETATrafficUpdateRequester
    GEOETAUpdateableWillSendRequest
    GEOExperimentFetchBucketIDRequest
    GEOExternalRequestCounterCountReply
    GEOExternalRequestCounterCountRequest
    GEOExternalRequestCounterIncrementRequest
    GEOExternalRequestCounterInfo
    GEOExternalRequestCounterTicketBase
    GEOExternalTileRequest
    GEOFeatureSpecificSimpleTileRequester
    GEOFollowUpRequestMetadata
    GEOGeocodeRequestConfig
    GEOGeocodeRequester
    GEOGeographicMetadataRequester
    GEOGloriaQuadIDTileRequester
    GEOHeaderButtonModuleConfiguration
    GEOIdentifiedMapDataRequester
    GEOImageServiceCalculateFreeableSizeRequest
    GEOImageServicePurgeCacheToSizeRequest
    GEOImageServiceRequest
    GEOImageServiceRequestSimple
    GEOImageServiceRequester
    GEOLegacyVisualLocalizationTileRequester
    GEOLiveTileRequester
    GEOLocationShiftRequest
    GEOLocationShiftingCachedResponseFetchRequest
    GEOLocationShiftingEnabledRequest
    GEOLocationShiftingFlushCacheRequest
    GEOLocationShiftingFunctionRequest
    GEOLocationShiftingIsRequiredRequest
    GEOLocationShiftingListCacheRequest
    GEOLocationShiftingPruneCacheRequest
    GEOLocationShiftingVersionRequest
    GEOLogMessageCollectionRequest
    GEOLogMsgEventDirectionsRequestDetails
    GEOLogMsgEventNetwork
    GEOLogMsgEventNetworkEventSummary
    GEOLogMsgEventNetworkSelectionHarvest
    GEOLogMsgStatePlaceRequest
    GEOMAResourceCalculateFreeableSizeRequest
    GEOMAResourceFetchRequest
    GEOMAResourcePurgeCacheToSizeRequest
    GEOMIFAutocompleteRequest
    GEOMIFAutocompleteRequestParameters
    GEOMapItemInitialRequestData
    GEOMapQueryCollectionRequest
    GEOMapRequest
    GEOMapRequestManager
    GEOMapSubscriptionAddRequest
    GEOMapSubscriptionCancelDownloadRequest
    GEOMapSubscriptionContainmentRequest
    GEOMapSubscriptionFetchLastUpdatedDateRequest
    GEOMapSubscriptionFetchPairedDeviceAvailableOfflineStorageRequest
    GEOMapSubscriptionFetchPairedDeviceSubscriptionsSummaryRequest
    GEOMapSubscriptionFetchSubscriptionsForWatchSyncRequest
    GEOMapSubscriptionForceUpdateRequest
    GEOMapSubscriptionGetIdentifiersForPairedDeviceSyncRequest
    GEOMapSubscriptionGetPairedDeviceSubscriptionsToObserveRequest
    GEOMapSubscriptionHandlePairedDeviceSubscriptionStateUpdateRequest
    GEOMapSubscriptionRemoveRequest
    GEOMapSubscriptionSetPairedDeviceSubscriptionsSummaryRequest
    GEOMapSubscriptionSetPairedDeviceSyncRequest
    GEOMapSubscriptionSizeEstimationCancelRequest
    GEOMapSubscriptionSizeEstimationRequest
    GEOMapSubscriptionStartDownloadRequest
    GEOMapSubscriptionStateRequest
    GEOMapSubscriptionStateStartObservingRequest
    GEOMapSubscriptionStateStopObservingRequest
    GEOMapSubscriptionTotalOfflineDataSizeReply
    GEOMapSubscriptionTotalOfflineDataSizeRequest
    GEOMapSubscriptionsFetchRequest
    GEOMapsURLShortenerRequest
    GEOMatchedToken
    GEOMuninHEIFTextureRequester
    GEOMuninMeshRequester
    GEOMuninTileRequester
    GEONetworkDataReader
    GEONetworkDefaults
    GEONetworkEventData
    GEONetworkEventDataRecorder
    GEONetworkEventFile
    GEONetworkEventFileManager
    GEONetworkObserver
    GEONetworkServiceRequesterOperation
    GEONetworkSessionTaskTransactionMetrics
    GEOOfflineContourLinesTileRequester
    GEOOfflineDataCheckExistenceRequest
    GEOOfflineDataFetchAvailableKeysRequest
    GEOOfflineDataFetchRequest
    GEOOfflineDataKeysServiceRequester
    GEOOfflineDataRequest
    GEOOfflineDataRequester
    GEOOfflineDataSizeEstimationServiceRequester
    GEOOfflineDirectionsServiceRequesterOperation
    GEOOfflineIdentifiedMapDataRequester
    GEOOfflinePlacesServiceRequesterOperation
    GEOOfflineServiceRequest
    GEOOfflineServiceRequestCancel
    GEOOfflineServiceRequesterOperation
    GEOOfflineServiceSetStateRequest
    GEOOfflineServiceStateFetchStateRequest
    GEOOfflineServiceStateSubscribeRequest
    GEOOfflineTileConfigurationFetchRequest
    GEOOfflineVectorTileRequester
    GEOOfflineVersionMetadataFetchRequest
    GEOPBOfflineDataBatchesRequest
    GEOPBOfflineDataBatchesSizeRequest
    GEOPBOfflineRequestMetadata
    GEOPDAllGuidesLocationsSectionHeader
    GEOPDAnnotatedItemList
    GEOPDAnnotatedItemListFilter
    GEOPDDisplayHeaderSubstitute
    GEOPDFollowUpRequestMetadata
    GEOPDHeaderButtonsConfiguration
    GEOPDMIFAutocompleteRequest
    GEOPDMIFAutocompleteRequestParameters
    GEOPDPlaceRequest
    GEOPDPlaceRequestParameters
    GEOPDPlacesRequestResponseAnalyticsData
    GEOPDSInferredSignals
    GEOPDSSearchStructureIntentRequestType
    GEOPDSearchAddressLabeledToken
    GEOPDSearchEnrichmentRequestMetadata
    GEOPDSearchQueryGeoTagMetadata
    GEOPDSearchQueryTokenImportanceMetadata
    GEOPDSearchQueryTokenizerMetadata
    GEOPDSearchSpellerRequest
    GEOPDSearchToken
    GEOPDSearchTokenCandidate
    GEOPDSearchTokenCandidates
    GEOPDSearchTokenForm
    GEOPDSearchTokenImportance
    GEOPDSearchTokenSet
    GEOPDSearchTokenSpan
    GEOPDSearchTokenSynonymMetadata
    GEOPDToken
    GEOPDTokenSet
    GEOPDTokenizerResult
    GEOPDTokenizerResultFilter
    GEOPairedDeviceCheckinRequest
    GEOPairedDeviceCheckinWithSubscriptionStateSummaryRequest
    GEOPairedDeviceConfigureSubscriptionShouldSyncRequest
    GEOPairedDeviceFetchGeoIPCCRequest
    GEOPairedDeviceGetStorageInfoRequest
    GEOPairedDeviceServiceRequest
    GEOPairedDeviceSubscriptionStartStopDownloadRequest
    GEOPairedDeviceSubscriptionStateSynchronizationRequest
    GEOPlaceByIdentifiersRequest
    GEOPlaceByPhoneNumberRequest
    GEOPlaceCachePlaceRequest
    GEOPlaceCalculateFreeableSpaceRequest
    GEOPlaceCancelRequest
    GEOPlaceCardRequester
    GEOPlaceClearCacheRequest
    GEOPlaceDataRequestConfig
    GEOPlaceDataRequester
    GEOPlaceFetchCacheRequest
    GEOPlaceFetchURLCacheRequest
    GEOPlaceFreeSpaceRequest
    GEOPlacePlaceRequestExtrasRegistered
    GEOPlaceRegisterPlaceRequestExtras
    GEOPlaceRequestMessage
    GEOPlaceSearchFeedbackRequest
    GEOPlaceSearchRequest
    GEOPolyLocationShiftRequest
    GEOPolygonSelectionSimpleTileRequester
    GEOQuickETARequest
    GEOQuickETARequester
    GEORPFeedbackFieldAnnotations
    GEORPFeedbackFieldOptionAnnotations
    GEORPFeedbackFormFieldAnnotations
    GEORPFeedbackRequest
    GEORPFeedbackRequestParameters
    GEORPFeedbackRequester
    GEORPIncidentAnnotationDetails
    GEORPLegacyProblemRequester
    GEORPPlaceRequestResponse
    GEORPProblemCollectionRequest
    GEORPProblemOptInRequest
    GEORPProblemOptInRequestConfig
    GEORPProblemOptInRequester
    GEORPProblemRequest
    GEORPProblemStatusRequest
    GEORPTdmFraudRequestInfo
    GEORRRequestResponseEvent
    GEORegionalResourcesTileRequester
    GEORequestCountPowerLogger
    GEORequestCounter
    GEORequestCounterCacheAddEntry
    GEORequestCounterCacheGetResults
    GEORequestCounterCacheGetResultsReply
    GEORequestCounterCacheResults
    GEORequestCounterInfo
    GEORequestCounterLocalProxy
    GEORequestCounterLogInfo
    GEORequestCounterPersistence
    GEORequestCounterProactiveTileDownloadInfo
    GEORequestCounterProactiveTileDownloadPolicyInfo
    GEORequestCounterRemoteProxy
    GEORequestCounterStatistics
    GEORequestCounterTicketBase
    GEORequestOption
    GEORequestOptions
    GEORequestResponseMetadata
    GEORequestResponseMetadataRecorder
    GEORequestResponsePersistedEvent
    GEORequestResponsePersister
    GEORequestThrottler
    GEOResourceFetchRequest
    GEOResourceManifestActivateFilterRequest
    GEOResourceManifestDeactivateFilterRequest
    GEOResourceManifestUpdateAssertionXPCCheckinRequest
    GEOResourceRequester
    GEOResourceRequesterRemoteProxy
    GEORoadSelectionSimpleTileRequester
    GEORouteAnnotation
    GEORouteHypothesisRequest
    GEOS2MapTileRequester
    GEOSearchRequest
    GEOServiceRequestDefaultConfig
    GEOServiceRequester
    GEOSignGuidance
    GEOSignGuidanceFeedback
    GEOSignedResource
    GEOSignificantLocation
    GEOSimpleTileRequester
    GEOSpatialLookupBatchRequest
    GEOSpatialLookupRequest
    GEOSpatialLookupRequestConfig
    GEOSpatialLookupRequester
    GEOStorageRouteRequestStorage
    GEOTargetLayout
    GEOTaskQueue
    GEOThrottlerIsSafeRequest
    GEOThrottlerRequester
    GEOTileRequest
    GEOTileRequestBalancer
    GEOTileRequester
    GEOToolRequester
    GEOTrafficSignal
    GEOTransitRouteUpdateRequest
    GEOTransitRouteUpdateRequestSimple
    GEOTransitRouteUpdateRequester
    GEOTransitSignInstruction
    GEOTransitUpdateRequester
    GEOTransitVehicleUpdateRequester
    GEOURLComponentsWithHeaders
    GEOURLWithHeaders
    GEOUtilityCheckinWithPairedDeviceRequest
    GEOUtilityDefaultNavigationStateRequest
    GEOVectorTileRequest
    GEOVisualLocalizationMetadataTileRequester
    GEOVisualLocalizationTileRequester
    GEOVoltaireSimple3DTileRequester
    GEOVoltaireSputnikMetadataTileRequester
    GEOVoltaireTileRequester
    GEOWiFiQualityNetworkSearch
    GEOWiFiQualityNetworkSearchResult
    GEOWiFiQualityServiceRequest
    GEOXPCDirectionsRequest
    GEOXPCRequest
    GEOZilchDecoderRequest
    GHCCRelayAccessToken
    GMSSchemaGMSModelRequestContext
    GMSSchemaGMSModelRequestEnded
    GMSSchemaGMSModelRequestFailed
    GMSSchemaGMSModelRequestStarted
    GNNetworkClient
    GNSPlaybackTokenCache
    GNSPlaybackTokenCacheKey
    GNSPlaybackTokenPCMData
    GNSTokenBroadcasterParams
    GNSTokenListenerParams
    GRPCURLSessionTransportInternal.RequestPartOutputStreamBridge
    GULNetwork
    GULNetworkInfo
    GULNetworkURLSession
    GenerativeFunctions.JsonTokenStream
    GenerativeFunctions.StreamingObjectTokenStreamProcessor
    GenerativeFunctionsInstrumentation.PartnerCloudRequestProcessor
    HENetwork
    HKAuthorizationPresentationRequest
    HKAuthorizationRequestRecord
    HKChangesSyncRequest
    HKCloudSyncRequest
    HKContextSyncRequest
    HKFeatureAvailabilityRequirementNotAgeGatedForUserDefaultsKey
    HKFeatureAvailabilityRequirementOnboardingNotAcknowledged
    HKHealthWrapCodableMessageHeader
    HKHealthWrapCodablePayloadHeader
    HKHealthWrapEncryptor
    HKMedicalIDSyncRequest
    HKRecalibrateEstimatesRequestRecord
    HKSignedClinicalDataItem
    HKSignedClinicalDataRecord
    HKSignedClinicalDataRecordType
    HKSignedClinicalDataSubject
    HKSignedClinicalDataUtilities
    HKStateSyncRequest
    HKSummarySharingSyncRequest
    HKUserAnnotatedMedication
    HKUserAnnotatedMedicationQuery
    HKUserAnnotatedMedicationQueryConfiguration
    HKUserAnnotatedMedicationType
    HMAccessCodeAddRequest
    HMAccessCodeAddRequestValue
    HMAccessCodeConstraints
    HMAccessCodeManager
    HMAccessCodeModificationResponse
    HMAccessCodeModificationResponseValue
    HMAccessCodeRemoveRequest
    HMAccessCodeRemoveRequestValue
    HMAccessCodeUpdateRequest
    HMAccessCodeUpdateRequestValue
    HMAccessCodeUserInformation
    HMAccessCodeUserInformationValue
    HMAccessCodeValue
    HMAccessControl
    HMAccessory
    HMAccessoryAccessCode
    HMAccessoryAccessCodeConstraintsFetchResponse
    HMAccessoryAccessCodeConstraintsFetchResponseValue
    HMAccessoryAccessCodeFetchResponse
    HMAccessoryAccessCodeFetchResponseValue
    HMAccessoryAccessCodeValue
    HMAccessoryAdvertisementInfo
    HMAccessoryAllowedHost
    HMAccessoryBrowser
    HMAccessoryCapabilities
    HMAccessoryCategory
    HMAccessoryCollectionSetting
    HMAccessoryCollectionSettingItem
    HMAccessoryDataSetting
    HMAccessoryDiagnosticInfo
    HMAccessoryDiagnosticInfoProtoAppleMediaAccessoryDiagnosticInfo
    HMAccessoryDiagnosticInfoProtoCloudInfo
    HMAccessoryDiagnosticInfoProtoCurrentAccessoryInfo
    HMAccessoryDiagnosticInfoProtoDiagnosticInfo
    HMAccessoryDiagnosticInfoProtoIdsInfo
    HMAccessoryDiagnosticInfoProtoPrimaryResidentDiagnosticInfo
    HMAccessoryDiagnosticInfoProtoSetupInfo
    HMAccessoryDiagnosticInfoProtoVisibleDeviceInfo
    HMAccessoryDiagnosticsMetadata
    HMAccessoryDiagnosticsOptions
    HMAccessoryEventTopic
    HMAccessoryInfoAccount
    HMAccessoryInfoDataProvider
    HMAccessoryInfoFetchController
    HMAccessoryInfoMediaState
    HMAccessoryInfoPrimaryUser
    HMAccessoryInfoProtoAccountInfoEvent
    HMAccessoryInfoProtoAirportInfoEvent
    HMAccessoryInfoProtoMediaStateEvent
    HMAccessoryInfoProtoNetworkInfoEvent
    HMAccessoryInfoProtoNetworkServiceEvent
    HMAccessoryInfoProtoPrimaryUserInfoEvent
    HMAccessoryInfoProtoPublicPairingIdentity
    HMAccessoryInfoProtoSleepWakeStateEvent
    HMAccessoryInfoProtoSoftwareVersionInfoEvent
    HMAccessoryInfoProtoWifiNetworkInfoEvent
    HMAccessoryInfoSleepWakeState
    HMAccessoryInfoSoftwareVersion
    HMAccessoryInfoWifiInfo
    HMAccessoryInvitation
    HMAccessoryLastSeenStatus
    HMAccessoryLinkQualityResult
    HMAccessoryNetworkAccessViolation
    HMAccessoryNetworkProtectionGroup
    HMAccessoryNumberSetting
    HMAccessoryOwnershipToken
    HMAccessoryProfile
    HMAccessorySelectionSetting
    HMAccessorySelectionSettingItem
    HMAccessorySetting
    HMAccessorySettingConstraint
    HMAccessorySettingFetchResult
    HMAccessorySettingGroup
    HMAccessorySettings
    HMAccessorySettingsAdapter
    HMAccessorySettingsController
    HMAccessorySettingsDataSource
    HMAccessorySettingsFetchRequestMessagePayload
    HMAccessorySettingsFetchResponseMessagePayload
    HMAccessorySettingsMessageDispatcherFinishSendingMessageEvent
    HMAccessorySettingsMessageDispatcherStartSendingMessageEvent
    HMAccessorySettingsMessenger
    HMAccessorySettingsMetricsDispatcher
    HMAccessorySettingsPartialFetchFailureInformation
    HMAccessorySettingsUpdateRequestMessagePayload
    HMAccessorySetupCompletedInfo
    HMAccessorySetupCoordinator
    HMAccessorySetupManager
    HMAccessorySetupPayload
    HMAccessorySetupRequest
    HMAccessorySetupResult
    HMAccessorySoftwareUpdateControllerV2
    HMAccessoryStringSetting
    HMAccessoryWiFiController
    HMAction
    HMActionSet
    HMActionSetBuilder
    HMAddAccessoryRequest
    HMAddAccessoryRequestPayload
    HMAttributeReadRequest
    HMAttributeRequest
    HMAttributeWriteRequest
    HMBatchRequest
    HMCameraClipCryptoUtilities
    HMCameraClipSignificantEvent
    HMCameraSignificantEvent
    HMCameraSignificantEventPersonFamiliarityNotificationCondition
    HMCameraSignificantEventReasonNotificationCondition
    HMCharacteristicBatchRequest
    HMCharacteristicReadRequest
    HMCharacteristicRequest
    HMCharacteristicWriteRequest
    HMDeviceSetupRequestMessage
    HMDeviceSetupSessionExchangeDataRequest
    HMEraseAnisetteDataRequest
    HMExecuteRequest
    HMExecuteTurnOffRequest
    HMFHTTPRequest
    HMFHTTPRequestHandler
    HMFHTTPRequestInternal
    HMFMutableHTTPRequest
    HMFNetworkBrowser
    HMFNetworkDiagnostic
    HMFNetworkDiagnosticCollector
    HMFNetworkDiagnosticPing
    HMFNetworkService
    HMFNetworkServiceInfo
    HMFObjectCacheHMAccessoryCategory
    HMFWiFiNetworkInfo
    HMFWifiNetworkAssociation
    HMFetchAnisetteDataRequest
    HMHomeNetworkInfo
    HMLegacyAnisetteDataRequest
    HMMMClientRequestHandlerOptions
    HMMMRequestOptions
    HMMediaDestinationControllerRequestMessagePayload
    HMMediaGroupStageRequestPayload
    HMMutableSignificantTimeEvent
    HMNetworkConfigurationProfile
    HMNetworkConfigurationWiFiOptions
    HMNetworkRouterFirewallRuleManager
    HMNetworkRouterWANStatus
    HMNetworkRouterWANStatusList
    HMPendingRequests
    HMProvisionAnisetteDataRequest
    HMRequestBase
    HMSignificantTimeEvent
    HMSyncAnisetteDataRequest
    HMThreadNetworkMetadata
    HSActivityRequest
    HSArtworkRequest
    HSAuthorizedDSIDsUpdateRequest
    HSAuthorizedDSIDsUpdatesRequest
    HSBrowseRequest
    HSCheckInRentalAssetRequest
    HSCheckOutRentalAssetRequest
    HSContainersRequest
    HSDatabasesRequest
    HSFairPlaySetupRequest
    HSGetAuthorizedAccountsInfoRequest
    HSGetAuthorizedAccountsTokenRequest
    HSGetAuthorizedAccountsTokenResponse
    HSHomeSharingVerifyRequest
    HSIncrementRequest
    HSItemDataRequest
    HSItemsRequest
    HSLoginRequest
    HSLogoutRequest
    HSNowPlayingArtworkRequest
    HSPlayStatusUpdateRequest
    HSPlaybackControlRequest
    HSRequest
    HSServerInfoRequest
    HSSetPropertyRequest
    HSSetRentalPlaybackStartDateRequest
    HSUpdateRequest
    HTHangRequest
    HealthKit.DarwinNotificationObserverToken
    HomeKitClips.CloudQuotaManager
    IAGCipheredData
    IASignalAnalytics
    IASignalAnalyticsObject
    ICAddToWishListRequest
    ICAuthServiceClientTokenProviderDebugConfiguration
    ICAuthorizeMachineRequest
    ICAuthorizeMachineURLRequest
    ICBuyProductRequest
    ICCloudContentTasteRequestListener
    ICContentKeyNonceRequest
    ICDateHeadersUtilities
    ICDelegateToken
    ICDelegationConsumerServiceRequest
    ICDelegationConsumerServiceSessionRequestInfo
    ICDelegationConsumerServiceSessionRequestResult
    ICDelegationPlayInfoRequest
    ICDelegationPlayInfoRequestOperation
    ICDelegationPlayInfoResponseToken
    ICDelegationPlayInfoTokenRequest
    ICDeveloperTokenDefaultProvider
    ICDeveloperTokenFetchRequest
    ICDocCamNonRotatableViewController
    ICIAMLogEventRequest
    ICIAMSerialCheckRequest
    ICIAMSynchronizeMessagesRequest
    ICInAppMessageSyncRequest
    ICInAppReportEventRequest
    ICJSSign
    ICJSSignConfiguration
    ICLibraryAuthServiceBulkClientTokenRequest
    ICLibraryAuthServiceBulkClientTokenResponse
    ICLibraryAuthServiceClientTokenIdentifier
    ICLibraryAuthServiceClientTokenProvider
    ICLibraryAuthServiceClientTokenRequest
    ICLibraryAuthServiceClientTokenResponse
    ICLibraryAuthServiceClientTokenResult
    ICLibraryAuthServiceClientTokenStatus
    ICLightweightMusicSubscriptionStatusRequest
    ICMatchRedownloadRequest
    ICMediaAssetDownloadRequest
    ICMediaRedownloadRequest
    ICMusicAccountNotificationsSettingsRequestOperation
    ICMusicKitRequestContext
    ICMusicKitTokensResponse
    ICMusicKitURLRequest
    ICMusicLibraryAuthToken
    ICMusicLibraryAuthTokenStatus
    ICMusicRestoreRequest
    ICMusicRestoreRequestParameters
    ICMusicSubscriptionAccountlessPlaybackRequest
    ICMusicSubscriptionLeasePlaybackRequest
    ICMusicSubscriptionPlaybackRequestOperation
    ICMusicSubscriptionPlaybackURLRequest
    ICMusicSubscriptionRecommendationsRequest
    ICMusicSubscriptionRequest
    ICMusicSubscriptionStatusRemoteRequesting
    ICMusicSubscriptionStatusRequest
    ICMusicSubscriptionStatusRequestOperation
    ICMusicUserTokenCache
    ICMusicUserTokenFetchRequest
    ICMutableNetworkConstraints
    ICNetworkConstraints
    ICPBDGSFinishDelegationRequest
    ICPBDGSPlayerDelegateInfoToken
    ICPBDGSPlayerInfoContextRequestToken
    ICPBDGSPlayerInfoContextToken
    ICPBDGSRequest
    ICPBDGSStartDelegationRequest
    ICPlayInfoRequest
    ICPurchaseRedownloadRequest
    ICPushNotificationsDisableTypesRequest
    ICPushNotificationsEnableTypesRequest
    ICPushNotificationsRegisterAPNSTokenRequest
    ICRadioFetchMetadataRequest
    ICRadioGetTracksRequest
    ICRadioURLRequest
    ICRemoteRequestOperation
    ICRemoteRequestOperationController
    ICRemoteRequestOperationExecuting
    ICRemoteRequestOperationExecutionContext
    ICRemoteRequestOperationExecutionResponse
    ICRequestContext
    ICRequestOperation
    ICSAPSessionSignDataOperation
    ICSAPSessionVerifySignatureOperation
    ICSTokenizer
    ICSagaGetAccountStatusRequest
    ICSecureKeyDeliveryRequest
    ICSecureKeyDeliveryRequestOperation
    ICSetParentalControlRequestOperation
    ICSiriAddToAccousticHistoryRequest
    ICSongDownloadDoneRequest
    ICStorePlatformRequest
    ICStorePlatformRequestOperation
    ICStoreRequestContext
    ICStoreURLRequest
    ICStoreURLRequestBuilderProperties
    ICSubscriptionRedownloadRequest
    ICSuzeLeaseRequest
    ICURLRequest
    ICUpdateAutomaticDownloadMediaKindsRequest
    ICUserAuthenticationValidationRequest
    ICUserCredentialRequest
    ICUserVerificationRequest
    IDENTITYSchemaIDENTITYIdentityRequestContext
    IDENTITYSchemaIDENTITYIdentityRequestFailed
    IDSAuthenticationCertificateSignature
    IDSAuthenticationSigningResult
    IDSBAASigner
    IDSBAASignerContext
    IDSBAASigningResult
    IDSBaseMessageSigningData
    IDSCKServerChangeToken
    IDSCacheClearRequest
    IDSCacheClearRequestContext
    IDSCarrierToken
    IDSCarrierTokenRequestParameters
    IDSCloudKitTransportLogChangeToken
    IDSDaemonRequestContext
    IDSDaemonRequestTimer
    IDSDestinationPushToken
    IDSFoundation.IDSToolRequestHandler
    IDSFoundation._IDSLinksQualityMeasurerSyncToken
    IDSGFTMetricsRequest
    IDSGlobalLinkAllocateRequestHandle
    IDSGlobalLinkHTTPRequest
    IDSGlobalLinkRequestMetadata
    IDSGroupSessionDataCryptor
    IDSKTOptInOutRequest
    IDSLinksQualityMeasurerSyncToken
    IDSLinksQualityReportSyncTokenObject
    IDSMMCSAccessRequestMessage
    IDSMPFullServiceIdentitySigning
    IDSMPPublicServiceIdentitySigning
    IDSPseudonymRequestProperties
    IDSPushToken
    IDSQRH3ChannelConfigRequest
    IDSQRProtoAllocBindRequest
    IDSQRProtoCallModeUpdateRequest
    IDSQRProtoGetMaterialRequest
    IDSQRProtoH3EndToEndChannelRegisterAckRequest
    IDSQRProtoH3EndToEndChannelRegisterRequest
    IDSQRProtoH3EndToEndChannelUnRegisterRequest
    IDSQRProtoInfoRequest
    IDSQRProtoParticipantUpdateRequest
    IDSQRProtoPluginControlRequest
    IDSQRProtoPutMaterialRequest
    IDSQRProtoSessionInfoRequest
    IDSQRProtoStatsRequest
    IDSQRProtoTestRequest
    IDSQRProtoUnAllocBindRequest
    IDSQuickRelayFixedTokenAllocator
    IDSRegistrationStateRequest
    IDSServerBagNetworkLoader
    IDSSessionReinitiateRequestedMetric
    IDSSignInController
    IDSSignInControllerAccountDescription
    IDSSignInServiceUserInfo
    IDSSignInServiceUserStatus
    IDSSigningKeyDiversifier
    IDSSigningOptions
    IDSTapToRadarRequest
    IDSToolObjCRequestHandler
    IDSWebTunnelRequestMessage
    IDSXPCBAASignerInterface
    IFPlatformRequestSchemaIFPlanCycleGenerated
    IFPlatformRequestSchemaIFPlatformRequestClientEvent
    IFPlatformRequestSchemaIFPlatformRequestClientEventMetadata
    IFPlatformRequestSchemaIFPlatformRequestContext
    IFPlatformRequestSchemaIFPlatformRequestEnded
    IFPlatformRequestSchemaIFPlatformRequestFailed
    IFPlatformRequestSchemaIFPlatformRequestInvoked
    IFPlatformRequestSchemaIFPlatformRequestStarted
    IFPlatformRequestSchemaIFPlatformRequestStructuredError
    IFTSchemaIFTActionResolverRequest
    IFTSchemaIFTContextPrewarmRequest
    IFTSchemaIFTExecutionPreconditionEvaluatorRequest
    IFTSchemaIFTExecutionPreconditionEvaluatorRequestActionRequest
    IFTSchemaIFTExplicitResolutionRequest
    IFTSchemaIFTParameterNotAllowed
    IFTSchemaIFTRequest
    IFTSchemaIFTRequestContent
    IFTSchemaIFTRequestContentHeadGestureContent
    IFTSchemaIFTRequestContentSpeechContent
    IFTSchemaIFTRequestContentStopContent
    IFTSchemaIFTRequestContentTextContent
    IFTSchemaIFTRequestContentTextContentTier1
    IFTSchemaIFTRequestContentTouchContent
    IFTSchemaIFTRequestPrescribedPlan
    IFTSchemaIFTRequestPrescribedPlanConvertTool
    IFTSchemaIFTRequestPrescribedPlanKnowledgeTool
    IFTSchemaIFTRequestPrescribedPlanOpenSuccessValueFromLatestRequestTool
    IFTSchemaIFTRequestPrescribedPlanOpenTool
    IFTSchemaIFTRequestPrescribedPlanSearchTool
    IFTSchemaIFTRequestPrescribedPlanTextTool
    IFTSchemaIFTResponseGenerationRequest
    IFTSchemaIFTSpeechRequestCandidate
    IFTSchemaIFTSystemRequirementAuthenticationRequest
    IFTSchemaIFTSystemRequirementProtectedAppRequest
    IFTSchemaIFTSystemRequirementUserLocationForSystemRequest
    ILCallClassificationRequest
    ILClassificationReportRequest
    ILClassificationRequest
    ILMessageClassificationRequest
    ILMessageFilterCapabilitiesQueryRequest
    ILMessageFilterQueryRequest
    ILMessageFilterReportRequest
    ILNetworkResponse
    IMActionRequestLocation
    IMCollaborationInitiationRequestInfo
    IMCommSafetyRequestsManager
    IMMobileNetworkManager
    IMNetworkAvailability
    IMNetworkConnectionMonitor
    IMNetworkMonitor
    IMNetworkReachability
    IMNicknameEncryptionCipherRecordField
    IMPerfSignpost
    IMServiceReachabilityRequest
    IMSharedUtilities.IntentClientRequestAdapter
    IMSharedUtilities.RemoteIntentFileMirrorRequestManager
    IMSharedUtilities.RemoteIntentFileMirrorRequestTask
    IMTextInputCryptographer
    IMURLRequestSession
    IMUltraConstrainedNetworkMonitor
    INActivateCarSignalIntent
    INActivateCarSignalIntentResponse
    INCAppLaunchRequest
    INCExtensionRequest
    INCarSignalOptionsResolutionResult
    INFERENCESchemaINFERENCEBackgroundContactHandleSignalSet
    INFERENCESchemaINFERENCEBackgroundContactSignalSet
    INFERENCESchemaINFERENCECommonAppDependentEntityFrequencyAndRecencySignals
    INFERENCESchemaINFERENCECommonAppDependentFrequencyAndRecencySignals
    INFERENCESchemaINFERENCECommonAppDependentSignals
    INFERENCESchemaINFERENCECommonAppIndependentSignals
    INFERENCESchemaINFERENCECommsAppSelectionTrainingAppDependentMessageSignals
    INFERENCESchemaINFERENCECommsAppSelectionTrainingAppDependentPhoneCallSignals
    INFERENCESchemaINFERENCECommsAppSelectionTrainingAppDependentSignals
    INFERENCESchemaINFERENCECommsAppSelectionTrainingAppIndependentSignals
    INFERENCESchemaINFERENCECommsAppSelectionTrainingContactDependentMessageSignals
    INFERENCESchemaINFERENCECommsAppSelectionTrainingContactDependentPhoneCallSignals
    INFERENCESchemaINFERENCECommsAppSelectionTrainingContactDependentSignals
    INFERENCESchemaINFERENCEContactHandleSignalSet
    INFERENCESchemaINFERENCEContactSignalSet
    INFERENCESchemaINFERENCEMusicTrainingDependentSignals
    INFERENCESchemaINFERENCEMusicTrainingIndependentSignals
    INFERENCESchemaINFERENCENotebookAppSelectionTrainingDependentSignals
    INFERENCESchemaINFERENCENotebookAppSelectionTrainingIndependentSignals
    INFERENCESchemaINFERENCEPervasiveEntityResolutionChoiceDependentSignals
    INFERENCESchemaINFERENCEPervasiveEntityResolutionCommonSignals
    INFERENCESchemaINFERENCERequestMatchSignalSet
    INFERENCESchemaINFERENCEResolutionRequestContext
    INFERENCESchemaINFERENCEResolutionRequestEnded
    INFERENCESchemaINFERENCEResolutionRequestFailed
    INFERENCESchemaINFERENCEResolutionRequestStarted
    INFERENCESchemaINFERENCEVideoPlayOnThirdPartyAppDependentSignals
    INFERENCESchemaINFERENCEVideoPlayOnThirdPartyAppIndependentSignals
    INFERENCESchemaINFERENCEVideoSmartAppSelectionDisambiguationDependentSignals
    INFERENCESchemaINFERENCEVideoSmartAppSelectionDisambiguationIndependentSignals
    INFERENCESchemaINFERENCEVideoSmartAppSelectionDisambiguationSignalsGenerated
    INFERENCESchemaINFERENCEWorkoutsAppSelectionTrainingDependentSignals
    INFERENCESchemaINFERENCEWorkoutsAppSelectionTrainingIndependentSignals
    INFSentenceToken
    INFSentenceTokenWithContext
    INIntentStartCallRequestMetadataSlotValueTransformer
    INItemProviderRequestMetadata
    INRequestPaymentCurrencyAmountResolutionResult
    INRequestPaymentIntent
    INRequestPaymentIntentResponse
    INRequestPaymentPayerResolutionResult
    INRequestRideIntent
    INRequestRideIntentResponse
    INStartCallRequestMetadata
    INUIExtensionRequestInfo
    IOAccelMemoryPoolTotals
    IPABestFitEvenTotalPixelCountImageSizePolicy
    IPABestFitEvenWidthTotalPixelCountImageSizePolicy
    IPABestFitTotalPixelCountImageSizePolicy
    ISBiometricSignatureOperation
    ISGenerationRequest
    ISNetworkObserver
    ISOpenURLRequest
    ISPersonalizeOffersRequest
    ISRateCurveRequest
    ISStoreServicesRequestOperation
    ISURLRequest
    ISURLRequestPerformance
    IXUnregisterOSModuleToken
    JLOtaCrc
    JLOtaHelper
    JL_OTA
    JPSignatureVerifier
    JRSchemaJRModelDiagnosticsSignals
    JRSchemaJRTokenConfidence
    JetEngine.CommonCryptoAESGCMCryptor
    JetEngine.CommonNetworkObservation
    JetEngine.JSCryptoObject
    JetEngine.SignpostAggregator
    KCJoiningRequestAccountCircleDelegate
    KCJoiningRequestCircleSession
    KCJoiningRequestSecretSession
    KCSharingGroupCreateRequest
    KCSharingGroupDeleteRequest
    KCSharingGroupFetchRequest
    KCSharingGroupLeaveRequest
    KCSharingGroupUpdateRequest
    KTNetworkResponse
    KTOptInStateRequest
    LACAuditToken
    LACBootArgParser
    LACCompanionAuthenticationRequest
    LACCompanionAuthenticationSignpostEvent
    LACCredentialSignpostEvent
    LACCryptoHelper
    LACDTOMutableKVStoreReadRequest
    LACDTOMutableKVStoreWriteRequest
    LACDTOMutableLostModeFetchRequest
    LACDTOMutablePolicyEvaluationRequest
    LACEvaluationRequestDefault
    LACEvaluationRequestProcessorEmpty
    LACEvaluationRequestProcessorFactory
    LACMutableCredentialRequest
    LACMutablePasscodeVerificationRequest
    LACMutableSharedModeDataSourceRequestOptions
    LACSharedModePolicyCoordinatorACMStorageRequest
    LACSharedModePolicyCoordinatorACMStorageRequestFactory
    LACSignpostEvent
    LACUIScenePresentationRequest
    LACUserInterfaceRequest
    LACUserInterfaceRequestCoder
    LAPSFetchNewPasscodeRequest
    LAPSFetchOldPasscodeRequest
    LAPSPasscodeOptionsPresentationRequest
    LCServiceConfigurationRequest
    LKAUpgradeOutcomeReport
    LNActionConfirmationRequest
    LNAllEntitiesQueryRequestType
    LNAvailabilityAnnotation
    LNChoiceRequest
    LNConfigurableQueryRequest
    LNConfirmationRequest
    LNConnectionPolicySignals
    LNContinueInAppRequest
    LNContinueInAppRequestSceneOptions
    LNDaemonApplicationIdentifierRequest
    LNDaemonApplicationIntentValueQueryRequest
    LNDaemonApplicationRequest
    LNDisambiguationRequest
    LNEntityQueryRequestType
    LNIntentValueQueryRequestType
    LNNeedsValueRequest
    LNOneShotActionExecutor
    LNOpenURLRequest
    LNPropertyQueryRequestType
    LNQueryRequest
    LNQueryRequestAnyQueryTarget
    LNQueryRequestDefaultQueryTarget
    LNQueryRequestOptions
    LNQueryRequestParameterTarget
    LNQueryRequestTargetBase
    LNQueryRequestTypeBase
    LNRequest
    LNSearchableItemQueryRequestType
    LNStageContextRequest
    LNStringQueryRequestType
    LNSuggestedEntitiesQueryRequestType
    LNSuggestionsRequest
    LNURLLaunchRequest
    LNUniqueQueryRequestType
    LNViewAnnotations
    LRSchemaLRComponentIdentifierRedactionSignal
    LRSchemaLRRedactionSignal
    LRSchemaLRTimespanRedactionSignal
    LSIconChangeAlertToken
    LSOperationRequestContext
    LegacySigningKeyPrivate
    LegacySigningKeyPublic
    LibNetwork.NetworkManager
    LibNetwork.NetworkReinforceConfig
    LibNetwork.NetworkReinforceManager
    LibNetwork.Reachability
    LinkPresentationStyleSheetParsing.Tokenizer
    LocalAuthenticationCore.LACAutoLockBiometrySignal
    LocalAuthenticationCore.LACAutoLockEvaluationRequest
    LocalAuthenticationCore.LACAutoLockFamiliarLocationSignal
    LocalAuthenticationCore.LACAutoLockKeybagSignal
    LocalAuthenticationCore.LACAutoLockNetworkMonitor
    LocalAuthenticationCore.LACAutoLockNetworkSignal
    LocalAuthenticationCore.LACAutoLockOneTimeSignalAggregator
    LocalAuthenticationCore.LACAutoLockPeriodicSignalAggregator
    LocalAuthenticationCore.LACAutoLockSnatchSignal
    LocalAuthenticationCore.LACAutoLockWatchSignal
    LocalAuthenticationCore.LACCompanionAuthenticationControllerPendingRequest
    LocalAuthenticationCore.LACEvaluationRequestCompoundProcessor
    LocalAuthenticationCore.LACEvaluationRequestRootProcessor
    LocalAuthenticationCore.LACPreboardStorageRequest
    LocalNetworkPrivacy
    MAAutoAssetSuspendResumeForSoftwareUpdateRequestInfo
    MAAutoAssetSuspendResumeForSoftwareUpdateStatusRequestInfo
    MAAutoAssetSuspendResumeForSoftwareUpdateSuspendWithNeededBytesRequestInfo
    MADChangeRequest
    MADChangeTokenEntry
    MADCoreMLRequest
    MADExposureImageRequest
    MADFaceDetectionImageRequest
    MADFaceDetectionVideoRequest
    MADFetchRequest
    MADImageCaptionRequest
    MADImageCoreMLRequest
    MADImageEmbeddingRequest
    MADImagePersonalizationGatingRequest
    MADImageSafetyClassificationRequest
    MADImageVisionRequest
    MADMLEnhancementRequest
    MADMLScalingRequest
    MADManagedChangeToken
    MADManagedRequest
    MADMovieCurationRequest
    MADMultiModalRequest
    MADPersonIdentificationRequest
    MADPersonalizedEmbeddingRequest
    MADRemoveBackgroundMaskRequest
    MADRemoveBackgroundMatteRequest
    MADRequest
    MADRichLabelClassificationRequest
    MADSceneClassificationImageRequest
    MADSceneClassificationVideoRequest
    MADServiceVideoTask
    MADSharedTextTokenizer
    MADSharpnessImageRequest
    MADTextEmbeddingRequest
    MADTextInputTokenSegment
    MADTextRequest
    MADTextTokenizationRequest
    MADTextTokenizationResult
    MADTextTokenizationTask
    MADTextTokenizerMD7Resource
    MADTextTokenizerResource
    MADVIDocumentRecognitionRequest
    MADVIFaceRequest
    MADVIMachineReadableCodeDetectionRequest
    MADVIRectangleDetectionRequest
    MADVISceneClassificationRequest
    MADVITextLookupRequest
    MADVIUserFeedbackRequest
    MADVIVisualSearchGatingRequest
    MADVIVisualSearchRequest
    MADVideoCoreMLRequest
    MADVideoRemoveBackgroundPreviewRequest
    MADVideoRemoveBackgroundRequest
    MADVideoRequest
    MADVideoSafetyClassificationRequest
    MADVideoSessionRequest
    MADVideoSessionSafetyRequest
    MADVideoVisionRequest
    MADVisionRequest
    MBNetworkPathMonitor
    MCCellularPrivateNetworkPayload
    MCCrypto
    MCExtensibleSingleSignOnPayload
    MCNearbyPeerTableViewHeader
    MCNetworkUsageRulesPayload
    MCSelfSignedCertificatePayload
    MCSignpost
    MCSignpostManager
    MCSingleSignOnPayload
    MCSingleSignOnPayloadKerberosInfo
    MDIndexExtensionRequestHandler
    MDLTransformRotateOp
    MDLTransformRotateXOp
    MDLTransformRotateYOp
    MDLTransformRotateZOp
    MDMBearerTokenAuthenticator
    MDMCheckInRequest
    MDMMAIDBearerTokenAuthenticator
    MEAddressAnnotation
    MEMessageSigner
    MFAddIMAPTimeToDownloadAnalyticsTableUpgradeStep
    MFAddLastModifiedColumnUpgradeStep
    MFComposeHeaderView
    MFDAMessageStoreSaveDraftRequest
    MFDARequestQueue
    MFDateHeaderCollectionViewCell
    MFDatePickerSectionHeaderView
    MFGmailClientTokenAuthScheme
    MFHeaderLabelView
    MFHideMyEmailHeaderView
    MFIMAPConnectionFlagSearchRequest
    MFLocalizedMessageHeaders
    MFMailComposeHeaderView
    MFMailMessageLibraryAddBrandIDColumnUpgradeStep
    MFMailMessageLibraryAddJournaledConversationIDDateReceivedUpgradeStep
    MFMailMessageLibraryAddMailboxActionsUpgradeStep
    MFMailMessageLibraryAddSearchableIndexTablesUpgradeStep
    MFMailMessageLibraryFixPopUidsUniquenessConstraintUpgradeStep
    MFMailMessageLibraryGlobalDataUpgradeStep
    MFMailMessageLibraryRebuildThreadsTableUpgradeStep
    MFMailMessageLibraryRecreateMessageIndicesUpgradeStep
    MFMailMessageLibrarySetThreadSendersRecipientsConflictResolutionUpgradeStep
    MFMailMessageLibraryThreadFlagColorsUpgradeStep
    MFMailSignatureController
    MFMessageContentRequest
    MFMessageHeaders
    MFMessageLibrarySetContentProtectionForAttachmentsUpgradeStep
    MFMessageSigner
    MFMessageSignerEMMessageSignerTransformer
    MFMutableMessageHeaders
    MFMutableMessageHeadersFactory
    MFNetworkController
    MFOAuth2TokenAuthScheme
    MFPartialNetworkDataConsumer
    MFPhotoPickerSectionHeaderView
    MFRequestQueue
    MFSecureMIMEContactHeaderAction
    MFSecureMIMEContactHeaderViewModel
    MFSecureMIMEPersonHeaderView
    MFSendLaterHeaderCollectionViewCell
    MFSendLaterHeaderCollectionViewHelper
    MFSignatures
    MFTimeHeaderCollectionViewCell
    MHSchemaMHSiriLaunchRequestContext
    MHSchemaMHSiriLaunchRequestEnded
    MHSchemaMHSiriLaunchRequestStarted
    MIBundleContainerToken
    MICodeSigningInfo
    MICodeSigningVerifier
    MIContainerToken
    MIDINetworkConnection
    MIDINetworkHost
    MIDINetworkSession
    MISignatureAgnosticHasher
    MIStagingRootAbsolute
    MJRefreshGifHeader
    MJRefreshHeader
    MJRefreshNormalHeader
    MJRefreshStateHeader
    MKAnnotatedMapSnapshotter
    MKAnnotationContainerView
    MKAnnotationManager
    MKAnnotationView
    MKAnnotationViewInternal
    MKBlockBasedSnapshotRequester
    MKClusterAnnotation
    MKDirectionsRequest
    MKExploreGuidesRequest
    MKGeocodingRequest
    MKLinkPreviewMetadataRequest
    MKLinkPreviewSnapshotRequest
    MKLocalPointsOfInterestRequest
    MKLocalSearchRequest
    MKLookAroundSceneRequest
    MKMapFeatureAnnotation
    MKMapItemAnnotation
    MKMapItemMetadataImageRequest
    MKMapItemMetadataRequest
    MKMapItemMetadataRequester
    MKMapItemRequest
    MKMapSnapshotCustomFeatureAnnotation
    MKMapSnapshotFeatureAnnotation
    MKMapSnapshotRequest
    MKMarkerAnnotationView
    MKPinAnnotationView
    MKPlaceCardHeaderViewController
    MKPlaceHeaderButton
    MKPlaceHeaderButtonsViewController
    MKPlaceSectionHeaderView
    MKPointAnnotation
    MKReverseGeocodingRequest
    MKRotationFilter
    MKTileOverlayRequesterOp
    MKTransitDepartureContainerHeaderCell
    MKTransitDepartureContainerHeaderView
    MKTransitDepartureContainerHeaderViewModel
    MKUserLocationAnnotation
    MKUserLocationAnnotationViewProxy
    MKWalletMerchantLookupRequest
    ML3ArtworkTokenSet
    ML3ArtworkTokenTable
    ML3ItemVideoTable
    MLCompilerNeuralNetworkOutput
    MLGenericPredictionRequest
    MLModelStructureNeuralNetwork
    MLModelStructureNeuralNetworkLayer
    MLNeuralNetworkCompiler
    MLNeuralNetworkContainer
    MLNeuralNetworkEngine
    MLNeuralNetworkFunctionInfo
    MLNeuralNetworkMLComputeGraph
    MLNeuralNetworkMLComputeLayer
    MLNeuralNetworkMLComputeUpdateEngine
    MLNeuralNetworkUpdateEngine
    MLNeuralNetworkUpdateUtils
    MLNeuralNetworkV1Container
    MLNeuralNetworkV1Engine
    MLNeuralNetworksCompileTimeParams
    MLPCNNNetwork
    MLPNetwork
    MLPSeqNetwork
    MMCSRequestorContext
    MNCommuteRouteManagerCancellableRequest
    MNDirectionsRequestDetails
    MNDirectionsRequestManager
    MNETAUpdateRequester
    MNGetNavigationStatusRequest
    MNGuidanceSignDescription
    MNGuidanceSignInfo
    MNIPCGuidanceStateRequest
    MNNavigationServiceDirectionsRequestTicket
    MNRouteEditorRequest
    MNRouteEditorRequestTicket
    MNSignInstructionContents
    MNTraceAnnotatedUserBehaviorRow
    MNTraceAnnotatedUserEnvironmentRow
    MNTraceNetworkConditionHelper
    MNTraceNetworkEvent
    MNTracePlayerETAUpdateRequester
    MPAVRoutingTableHeaderView
    MPAVRoutingTableViewHeaderView
    MPAbstractNetworkArtworkDataSource
    MPDispatchQueueExclusiveAccessToken
    MPMediaLibraryArtworkRequest
    MPModelForYouRecommendationsMusicKitRequestOperation
    MPModelForYouRecommendationsRequest
    MPModelForYouRecommendationsRequestOperation
    MPModelLibraryAddToPlaylistChangeRequest
    MPModelLibraryAddToPlaylistChangeRequestOperation
    MPModelLibraryAlbumAppDataChangeRequest
    MPModelLibraryAlbumAppDataChangeRequestOperation
    MPModelLibraryChangeRequest
    MPModelLibraryDeleteEntityChangeRequest
    MPModelLibraryDeleteEntityChangeRequestOperation
    MPModelLibraryDownloadQueueRequest
    MPModelLibraryDuplicatePlaylistChangeRequest
    MPModelLibraryDuplicatePlaylistChangeRequestOperation
    MPModelLibraryEndCollaborationChangeRequest
    MPModelLibraryEndCollaborationChangeRequestOperation
    MPModelLibraryFavoriteEntityChangeRequest
    MPModelLibraryFavoriteEntityChangeRequestOperation
    MPModelLibraryFavoriteEntityRequestAction
    MPModelLibraryGlobalPlaylistImportChangeRequestOperation
    MPModelLibraryHasPurchasesRequest
    MPModelLibraryHasPurchasesRequestOperation
    MPModelLibraryImportChangeRequest
    MPModelLibraryImportChangeRequestOperation
    MPModelLibraryJoinCollaborationChangeRequest
    MPModelLibraryJoinCollaborationChangeRequestOperation
    MPModelLibraryKeepLocalChangeRequest
    MPModelLibraryKeepLocalChangeRequestOperation
    MPModelLibraryKeepLocalStatusRequestOperation
    MPModelLibraryModelObjectImportChangeRequestOperation
    MPModelLibraryPinnedEntityChangeRequest
    MPModelLibraryPlaylistEditChangeRequest
    MPModelLibraryPlaylistEditChangeRequestOperation
    MPModelLibraryPlaylistEntryReactionChangeRequest
    MPModelLibraryPlaylistEntryReactionChangeRequestOperation
    MPModelLibraryReconcileAlbumAvailabilityChangeRequest
    MPModelLibraryReconcileAlbumAvailabilityChangeRequestOperation
    MPModelLibraryRemoveCollaboratorsChangeRequest
    MPModelLibraryRemoveCollaboratorsChangeRequestOperation
    MPModelLibraryRemoveFromPlaylistChangeRequest
    MPModelLibraryRemoveFromPlaylistChangeRequestOperation
    MPModelLibraryRequest
    MPModelLibraryRequestOperation
    MPModelLibrarySDKAddToPlaylistChangeRequest
    MPModelLibrarySDKAddToPlaylistChangeRequestOperation
    MPModelLibrarySDKPlaylistEditChangeRequestOperation
    MPModelLibrarySearchRequest
    MPModelLibrarySearchRequestOperation
    MPModelLibraryStartCollaborationChangeRequest
    MPModelLibraryStartCollaborationChangeRequestOperation
    MPModelLibraryStoreIDsImportChangeRequestOperation
    MPModelPlaylistEntriesShareEligibilityRequest
    MPModelPlaylistEntriesShareEligibilityRequestOperation
    MPModelRecentlyPlayedRequest
    MPModelRecentlyPlayedRequestOperation
    MPModelRequest
    MPModelShimRequest
    MPModelStaticRequest
    MPModelStoreBrowseMusicKitRequestOperation
    MPModelStoreBrowseRequest
    MPModelStoreBrowseRequestOperation
    MPModelStoreBrowseRoomMusicKitRequestOperation
    MPModelStoreBrowseRoomRequest
    MPModelStoreGroupingsMusicKitRequestOperation
    MPModelStoreRadioMusicKitRequestOperation
    MPModelVerifyLocalFileAssetIntegrityRequest
    MPNetworkObserver
    MPNowPlayingInfoLyricsItemToken
    MPPThreadKeyExclusiveAccessToken
    MPRequest
    MPRequestResponseController
    MPSCNNNeuronSoftSign
    MPSCNNNeuronSoftSignNode
    MPSGraphAssignVariableOp
    MPSGraphExecutableConstantDataRequest
    MPSGraphSignalEvent
    MPSNDArraySign
    MPSNDArraySignGradient
    MPSNDArraySignbit
    MPSNDArraySignbitGradient
    MPSStateRequest
    MPServerObjectDatabaseAssetImportRequest
    MPServerObjectDatabaseImportRequest
    MPServerObjectDatabaseMediaKitImportRequest
    MPServerObjectDatabaseMetadataImportRequest
    MPServerObjectDatabaseSINFImportRequest
    MPServerObjectDatabaseStorePlatformImportRequest
    MPServerObjectDatabaseSubPlaybackDispatchImportRequest
    MPStoreArtworkRequestToken
    MPStoreAssetInfoPlaybackCacheRequest
    MPStoreItemMetadataRequest
    MPStoreItemMetadataRequestController
    MPStoreLibraryMappingRequestOperation
    MPStoreLibraryPersonalizationRequest
    MPStoreLibraryPersonalizationRequestOperation
    MPStoreLyricsMusicKitRequestOperation
    MPStoreLyricsRequest
    MPStoreLyricsRequestOperation
    MPStoreLyricsSnippetRequest
    MPStoreLyricsSnippetRequestOperation
    MPStoreModelRequest
    MPStoreModelRequestConfiguration
    MPStoreModelRequestOperation
    MPStoreSocialPendingFollowRequestOperationDataSource
    MPStoreSocialRequestOperation
    MPTiledArtworkRepresentationToken
    MPTiledArtworkRequest
    MRApplicationConnectionMessageHeader
    MRApplicationConnectionRequestInfo
    MRBaseBannerRequest
    MRCompanionLinkClientRequest
    MRContentItemRequest
    MRCreateHostedEndpointRequestMessage
    MRCriticalSectionToken
    MRCryptoPairingIdentity
    MRCryptoPairingMessage
    MRCryptoPairingSession
    MRCryptoPairingSessionBlockDelegate
    MRDeviceInfoRequest
    MRESignature
    MRGroupSessionBannerRequest
    MRGroupSessionRequestManager
    MRGroupSessionToken
    MRGroupTopologyModificationRequest
    MRLocalVolumeHUDPresentationRequest
    MRMediaSuggestionRequest
    MRMediaSuggestionRequestOptions
    MRMicrophoneConnectionRequestMessage
    MRModifyOutputContextRequestMessage
    MRNowPlayingClientRequests
    MRNowPlayingOriginClientRequests
    MRNowPlayingPlayerClientRequests
    MRNowPlayingRequest
    MRPlaybackQueueParticipantRequest
    MRPlaybackQueueRequest
    MRPlaybackQueueRequestMessage
    MRPlaybackSessionMigrateRequest
    MRPlaybackSessionMigrateRequestMessage
    MRPlaybackSessionRequest
    MRPlaybackSessionRequestMessage
    MRRequestDetails
    MRRequestGroupSessionMessage
    MRRouteBannerRequest
    MRStaticRouteBannerRequest
    MRUpdateActiveSystemEndpointRequest
    MRVolumeHUDPresentationRequest
    MSCMSCounterSignerInfo
    MSCMSCountersignatureAttribute
    MSCMSMultipleSignaturesAttribute
    MSCMSSignedData
    MSCMSSignerInfo
    MSCMSSigningTimeAttribute
    MSDKSignedManifest
    MSOpenComposeDelegateRequest
    MSPMediaSyncHeader
    MSTimestampRequest
    MSVArtworkServiceColorAnalysisRequest
    MSVArtworkServiceConversionRequest
    MSVArtworkServiceRequest
    MSVArtworkServiceResizeRequest
    MSVArtworkServiceResizeRequestDestination
    MTLCompileFunctionRequestData
    MTRAttributeRequestPath
    MTRBaseClusterEthernetNetworkDiagnostics
    MTRBaseClusterNetworkCommissioning
    MTRBaseClusterOTASoftwareUpdateProvider
    MTRBaseClusterOTASoftwareUpdateRequestor
    MTRBaseClusterOtaSoftwareUpdateProvider
    MTRBaseClusterOtaSoftwareUpdateRequestor
    MTRBaseClusterThreadNetworkDiagnostics
    MTRBaseClusterThreadNetworkDirectory
    MTRBaseClusterTotalVolatileOrganicCompoundsConcentrationMeasurement
    MTRBaseClusterWebRTCTransportRequestor
    MTRBaseClusterWiFiNetworkDiagnostics
    MTRBaseClusterWiFiNetworkManagement
    MTRChannelClusterPageTokenStruct
    MTRClusterEthernetNetworkDiagnostics
    MTRClusterNetworkCommissioning
    MTRClusterOTASoftwareUpdateProvider
    MTRClusterOTASoftwareUpdateRequestor
    MTRClusterOtaSoftwareUpdateProvider
    MTRClusterOtaSoftwareUpdateRequestor
    MTRClusterThreadNetworkDiagnostics
    MTRClusterThreadNetworkDirectory
    MTRClusterTotalVolatileOrganicCompoundsConcentrationMeasurement
    MTRClusterWebRTCTransportRequestor
    MTRClusterWiFiNetworkDiagnostics
    MTRClusterWiFiNetworkManagement
    MTRCommissionerControlClusterCommissioningRequestResultEvent
    MTRCommissionerControlClusterRequestCommissioningApprovalParams
    MTRCommodityPriceClusterGetDetailedForecastRequestParams
    MTRCommodityPriceClusterGetDetailedPriceRequestParams
    MTRDeviceEnergyManagementClusterCancelPowerAdjustRequestParams
    MTRDeviceEnergyManagementClusterCancelRequestParams
    MTRDeviceEnergyManagementClusterModifyForecastRequestParams
    MTRDeviceEnergyManagementClusterPauseRequestParams
    MTRDeviceEnergyManagementClusterPowerAdjustRequestParams
    MTRDeviceEnergyManagementClusterRequestConstraintBasedForecastParams
    MTRDeviceEnergyManagementClusterResumeRequestParams
    MTRDeviceEnergyManagementClusterSlotAdjustmentStruct
    MTRDeviceEnergyManagementClusterStartTimeAdjustRequestParams
    MTRDiagnosticLogsClusterRetrieveLogsRequestParams
    MTREthernetNetworkDiagnosticsClusterResetCountsParams
    MTREventRequestPath
    MTRGeneralDiagnosticsClusterNetworkFaultChangeEvent
    MTRGeneralDiagnosticsClusterNetworkInterface
    MTRGeneralDiagnosticsClusterNetworkInterfaceType
    MTRGeneralDiagnosticsClusterPayloadTestRequestParams
    MTRICDManagementClusterStayActiveRequestParams
    MTRJointFabricAdministratorClusterICACCSRRequestParams
    MTRJointFabricAdministratorClusterTransferAnchorRequestParams
    MTRMessagesClusterCancelMessagesRequestParams
    MTRMessagesClusterPresentMessagesRequestParams
    MTRNetworkCommissioningClusterAddOrUpdateThreadNetworkParams
    MTRNetworkCommissioningClusterAddOrUpdateWiFiNetworkParams
    MTRNetworkCommissioningClusterConnectNetworkParams
    MTRNetworkCommissioningClusterConnectNetworkResponseParams
    MTRNetworkCommissioningClusterNetworkConfigResponseParams
    MTRNetworkCommissioningClusterNetworkInfo
    MTRNetworkCommissioningClusterNetworkInfoStruct
    MTRNetworkCommissioningClusterQueryIdentityParams
    MTRNetworkCommissioningClusterQueryIdentityResponseParams
    MTRNetworkCommissioningClusterRemoveNetworkParams
    MTRNetworkCommissioningClusterReorderNetworkParams
    MTRNetworkCommissioningClusterScanNetworksParams
    MTRNetworkCommissioningClusterScanNetworksResponseParams
    MTRNetworkCommissioningClusterThreadInterfaceScanResult
    MTRNetworkCommissioningClusterThreadInterfaceScanResultStruct
    MTRNetworkCommissioningClusterWiFiInterfaceScanResult
    MTRNetworkCommissioningClusterWiFiInterfaceScanResultStruct
    MTRNetworkInterfaceInfo
    MTROTAHeader
    MTROTAHeaderParser
    MTROTAImageTransferHandlerWrapper
    MTROTASoftwareUpdateProviderClusterApplyUpdateRequestParams
    MTROTASoftwareUpdateProviderClusterApplyUpdateResponseParams
    MTROTASoftwareUpdateProviderClusterNotifyUpdateAppliedParams
    MTROTASoftwareUpdateProviderClusterQueryImageParams
    MTROTASoftwareUpdateProviderClusterQueryImageResponseParams
    MTROTASoftwareUpdateRequestorClusterAnnounceOTAProviderParams
    MTROTASoftwareUpdateRequestorClusterDownloadErrorEvent
    MTROTASoftwareUpdateRequestorClusterProviderLocation
    MTROTASoftwareUpdateRequestorClusterStateTransitionEvent
    MTROTASoftwareUpdateRequestorClusterVersionAppliedEvent
    MTROperationalCredentialsClusterAttestationRequestParams
    MTROperationalCredentialsClusterCSRRequestParams
    MTROperationalCredentialsClusterCertificateChainRequestParams
    MTROperationalCredentialsClusterSignVIDVerificationRequestParams
    MTROperationalCredentialsClusterSignVIDVerificationResponseParams
    MTROtaSoftwareUpdateProviderClusterApplyUpdateRequestParams
    MTROtaSoftwareUpdateProviderClusterApplyUpdateResponseParams
    MTROtaSoftwareUpdateProviderClusterNotifyUpdateAppliedParams
    MTROtaSoftwareUpdateProviderClusterQueryImageParams
    MTROtaSoftwareUpdateProviderClusterQueryImageResponseParams
    MTROtaSoftwareUpdateRequestorClusterAnnounceOtaProviderParams
    MTROtaSoftwareUpdateRequestorClusterDownloadErrorEvent
    MTROtaSoftwareUpdateRequestorClusterProviderLocation
    MTROtaSoftwareUpdateRequestorClusterStateTransitionEvent
    MTROtaSoftwareUpdateRequestorClusterVersionAppliedEvent
    MTRSmokeCOAlarmClusterSelfTestRequestParams
    MTRTestClusterClusterSimpleStructEchoRequestParams
    MTRTestClusterClusterTestComplexNullableOptionalRequestParams
    MTRTestClusterClusterTestEmitTestEventRequestParams
    MTRTestClusterClusterTestEmitTestFabricScopedEventRequestParams
    MTRTestClusterClusterTestEnumsRequestParams
    MTRTestClusterClusterTestListInt8UArgumentRequestParams
    MTRTestClusterClusterTestListInt8UReverseRequestParams
    MTRTestClusterClusterTestListNestedStructListArgumentRequestParams
    MTRTestClusterClusterTestListStructArgumentRequestParams
    MTRTestClusterClusterTestNestedStructArgumentRequestParams
    MTRTestClusterClusterTestNestedStructListArgumentRequestParams
    MTRTestClusterClusterTestNullableOptionalRequestParams
    MTRTestClusterClusterTestSimpleArgumentRequestParams
    MTRTestClusterClusterTestSimpleOptionalArgumentRequestParams
    MTRTestClusterClusterTestStructArgumentRequestParams
    MTRTestClusterClusterTestStructArrayArgumentRequestParams
    MTRTestClusterClusterTimedInvokeRequestParams
    MTRThermostatClusterAtomicRequestParams
    MTRThermostatClusterSetActivePresetRequestParams
    MTRThermostatClusterSetActiveScheduleRequestParams
    MTRThreadBorderRouterManagementClusterGetActiveDatasetRequestParams
    MTRThreadBorderRouterManagementClusterGetPendingDatasetRequestParams
    MTRThreadBorderRouterManagementClusterSetActiveDatasetRequestParams
    MTRThreadBorderRouterManagementClusterSetPendingDatasetRequestParams
    MTRThreadNetworkDiagnosticsClusterConnectionStatusEvent
    MTRThreadNetworkDiagnosticsClusterNeighborTable
    MTRThreadNetworkDiagnosticsClusterNeighborTableStruct
    MTRThreadNetworkDiagnosticsClusterNetworkFaultChangeEvent
    MTRThreadNetworkDiagnosticsClusterOperationalDatasetComponents
    MTRThreadNetworkDiagnosticsClusterResetCountsParams
    MTRThreadNetworkDiagnosticsClusterRouteTable
    MTRThreadNetworkDiagnosticsClusterRouteTableStruct
    MTRThreadNetworkDiagnosticsClusterSecurityPolicy
    MTRThreadNetworkDirectoryClusterAddNetworkParams
    MTRThreadNetworkDirectoryClusterGetOperationalDatasetParams
    MTRThreadNetworkDirectoryClusterOperationalDatasetResponseParams
    MTRThreadNetworkDirectoryClusterRemoveNetworkParams
    MTRThreadNetworkDirectoryClusterThreadNetworkStruct
    MTRUnitTestingClusterGlobalEchoRequestParams
    MTRUnitTestingClusterSimpleStructEchoRequestParams
    MTRUnitTestingClusterStringEchoRequestParams
    MTRUnitTestingClusterTestBatchHelperRequestParams
    MTRUnitTestingClusterTestComplexNullableOptionalRequestParams
    MTRUnitTestingClusterTestDifferentVendorMeiRequestParams
    MTRUnitTestingClusterTestEmitTestEventRequestParams
    MTRUnitTestingClusterTestEmitTestFabricScopedEventRequestParams
    MTRUnitTestingClusterTestEnumsRequestParams
    MTRUnitTestingClusterTestListInt8UArgumentRequestParams
    MTRUnitTestingClusterTestListInt8UReverseRequestParams
    MTRUnitTestingClusterTestListNestedStructListArgumentRequestParams
    MTRUnitTestingClusterTestListStructArgumentRequestParams
    MTRUnitTestingClusterTestNestedStructArgumentRequestParams
    MTRUnitTestingClusterTestNestedStructListArgumentRequestParams
    MTRUnitTestingClusterTestNullableOptionalRequestParams
    MTRUnitTestingClusterTestSecondBatchHelperRequestParams
    MTRUnitTestingClusterTestSimpleArgumentRequestParams
    MTRUnitTestingClusterTestSimpleOptionalArgumentRequestParams
    MTRUnitTestingClusterTestStructArgumentRequestParams
    MTRUnitTestingClusterTestStructArrayArgumentRequestParams
    MTRUnitTestingClusterTimedInvokeRequestParams
    MTRWebRTCTransportRequestorClusterAnswerParams
    MTRWebRTCTransportRequestorClusterEndParams
    MTRWebRTCTransportRequestorClusterICECandidatesParams
    MTRWebRTCTransportRequestorClusterOfferParams
    MTRWiFiNetworkDiagnosticsClusterAssociationFailureEvent
    MTRWiFiNetworkDiagnosticsClusterConnectionStatusEvent
    MTRWiFiNetworkDiagnosticsClusterDisconnectionEvent
    MTRWiFiNetworkDiagnosticsClusterResetCountsParams
    MTRWiFiNetworkManagementClusterNetworkPassphraseRequestParams
    MTRWiFiNetworkManagementClusterNetworkPassphraseResponseParams
    MTSchemaMTBatchRequestCancelled
    MTSchemaMTBatchRequestContext
    MTSchemaMTBatchRequestEnded
    MTSchemaMTBatchRequestFailed
    MTSchemaMTBatchRequestStarted
    MTSchemaMTFrameworkRequestResponseReceived
    MTSchemaMTFrameworkRequestSent
    MXNetworkTransferMetric
    MXSignpostIntervalData
    MXSignpostMetric
    MXSignpostRecord
    MXUnitSignalBars
    MX_NetworkObserver
    ManageSubscriptionsRequest
    ManagedNetworkSettings
    ManagedSettingsSupport.TokenDecoder
    ManagedSettingsSupport.TokenEncoder
    MapKit._MKMapItemRequestSwiftExtensions
    MessageProtection.TetraMessageSignerFormatter
    ModelCatalog.AcquireCoherenceTokenResponse
    ModelKeyServerAPIFetchKeyRequest
    ModelKeyServerAPISignedKey
    ModelManagerServices.InferenceProviderRequestStream
    ModelManagerServices.InferenceProviderXPCRequestDispatcher
    ModelManagerServices.InputStreamingRequest
    ModelManagerServices.OneShotRequest
    ModelManagerServices.PerRequestInferenceProviderXPCRequestDispatcher
    ModelManagerServices.RunningBoardSelfAssertionToken
    ModelManagerServices.StreamingRequest
    ModuleAnkaAI.SCTabAnkaAICollectionHeaderView
    ModuleAnkaAI.SCTabAnkaAIHeaderPresenter
    ModuleCommon.SCBaseHeaderNetScene
    ModuleCommon.SCHDFSRequestModel
    ModuleCommon.SCLUMIsOnRequestModel
    ModuleCommon.SCOMCProductsRequestModel
    ModuleCommon.SCOnlineProductsRequestModel
    ModuleCommon.SCPrivacyPolicyRequestModel
    ModuleCommon.SCReachabilityNetworkManager
    ModuleCommon.SCTrackHDFSRequestModel
    ModuleCommon.SCUpUseLanguageRequestModel
    ModuleCommon.ZBaseRequestModel
    ModuleConnect.ClassicalBlueToothMacReadHelper
    ModuleConnect.DeviceBindInfoRequest
    ModuleConnect.DeviceBindRequest
    ModuleConnect.DeviceUnbindRequest
    ModuleConnect.SCActivitiesAwardsRequestModel
    ModuleConnect.SCActivitiesRequestModel
    ModuleConnect.SCActivityRequestManager
    ModuleConnect.SCAdvertiseReportStateRequestModel
    ModuleConnect.SCAdvertiseRequestModel
    ModuleConnect.SCBindDeviceWithUserRequestModel
    ModuleConnect.SCChangePopStateRequestModel
    ModuleConnect.SCConnectListRequestModel
    ModuleConnect.SCIDFAUploadCloudRequestModel
    ModuleConnect.SCPopUpHomeRequestModel
    ModuleConnect.SCSeriesListHeaderView
    ModuleConnect.SCSurveyNetworkManager
    ModuleConnect.SCSurveyPostRequestModel
    ModuleConnect.SCUnbindDeviceWithUserRequestModel
    ModuleControls.MCControlHeaderView
    ModuleDeviceHome.DHTwsUnifyHeaderConfig
    ModuleDeviceHome.DHTwsUnifyTipsRequestModel
    ModuleDeviceHome.SCBetaDataUrlRequestApi
    ModuleDualDevice.SCDeviceListHeaderView
    ModuleEQ.MECustomizeEQDeleteRequestModel
    ModuleEQ.MECustomizeEQRequestModel
    ModuleEQ.MECustomizeEQUpdateRequestModel
    ModuleEQ.MEDefaultEQHeaderFooterView
    ModuleEQ.MEEQNetwork
    ModuleEQ.MESoundEffectHeaderView
    ModuleOTA.ABOta
    ModuleOTA.ABOtaManager
    ModuleOTA.BesAudioFileTransfer
    ModuleOTA.ByteBuffer
    ModuleOTA.FirmwareUpdateEXT
    ModuleOTA.FirmwareUpdatePackageModel
    ModuleOTA.GaiaDeviceUpdaterPlugin
    ModuleOTA.GaiaManager
    ModuleOTA.GaiaRWCPHandler
    ModuleOTA.GaiaV2Updater
    ModuleOTA.OTAModuleRegister
    ModuleOTA.OtaCommandGenerator
    ModuleOTA.OtaConstants
    ModuleOTA.OtaDataProvider
    ModuleOTA.OtaEAManager
    ModuleOTA.OtaManager
    ModuleOTA.RWCPHandlerState
    ModuleOTA.SCA3561AlertView
    ModuleOTA.SCA3561AlertViewController
    ModuleOTA.SCA3561DatePickerView
    ModuleOTA.SCA3561DatePickerViewController
    ModuleOTA.SCA3561EditStyleTableView
    ModuleOTA.SCA3561EffectColorConfigModel
    ModuleOTA.SCA3561EffectConfigModel
    ModuleOTA.SCA3561EffectDataGenreator
    ModuleOTA.SCA3561MorePopTableViewCell
    ModuleOTA.SCA3561PaintGuideView
    ModuleOTA.SCA3561PopWindow
    ModuleOTA.SCA3561SingleColorView
    ModuleOTA.SCA3956OTAModel
    ModuleOTA.SCAMACMDManager
    ModuleOTA.SCAMAOTACMDManager
    ModuleOTA.SCAMAOTAModel
    ModuleOTA.SCBesV3OTABridge
    ModuleOTA.SCDownloadPacketModelService
    ModuleOTA.SCDownloadPacketPresenter
    ModuleOTA.SCDownloadPacketViewController
    ModuleOTA.SCLEDStripBrightnessSlider
    ModuleOTA.SCLEDStripColorSlider
    ModuleOTA.SCLEDStripEffectSpeedSlider
    ModuleOTA.SCLEDStripHubSlider
    ModuleOTA.SCLEDStripPaintView
    ModuleOTA.SCLEDStripRGBDiskView
    ModuleOTA.SCLocalOTATestViewController
    ModuleOTA.SCNewsDetailPresenter
    ModuleOTA.SCNewsDetailViewController
    ModuleOTA.SCOTAA3956FinishViewController
    ModuleOTA.SCOTAA3956UpdateView
    ModuleOTA.SCOTAA3956UpdateViewController
    ModuleOTA.SCOTAA3956ViewController
    ModuleOTA.SCOTABridge
    ModuleOTA.SCOTABridgeA3956
    ModuleOTA.SCOTABridgeActions
    ModuleOTA.SCOTABridgeActionsNew
    ModuleOTA.SCOTABridgeBES
    ModuleOTA.SCOTABridgeBESNew
    ModuleOTA.SCOTABridgeBluetrum
    ModuleOTA.SCOTABridgeCSR
    ModuleOTA.SCOTABridgeMFI
    ModuleOTA.SCOTABridgeQualcomm
    ModuleOTA.SCOTABridgeSunitec
    ModuleOTA.SCOTABridgeTelink
    ModuleOTA.SCOTABridgeWQ
    ModuleOTA.SCOTABridgeWQMusic
    ModuleOTA.SCOTAConfig
    ModuleOTA.SCOTAFinishedModelService
    ModuleOTA.SCOTAFinishedPresenter
    ModuleOTA.SCOTAFinishedViewController
    ModuleOTA.SCOTAModel
    ModuleOTA.SCOTAModelService
    ModuleOTA.SCOTAMultipleModel
    ModuleOTA.SCOTAMultipleRequestModel
    ModuleOTA.SCOTAMultipleResponseModel
    ModuleOTA.SCOTANetworkManager
    ModuleOTA.SCOTAPresenter
    ModuleOTA.SCOTARequestModel
    ModuleOTA.SCOTAResponseModel
    ModuleOTA.SCOTATempFirewareDataModel
    ModuleOTA.SCOTATempFirewareRequestModel
    ModuleOTA.SCOTATempFirewareResponseModel
    ModuleOTA.SCOTAUpdateAlertManager
    ModuleOTA.SCOTAUpdateModelService
    ModuleOTA.SCOTAUpdatePresenter
    ModuleOTA.SCOTAUpdateViewController
    ModuleOTA.SCOTAViewController
    ModuleOTA.SCOtaLog
    ModuleOTA.SCSunitecOTA
    ModuleOTA.SCSunitecOTACMDBaseModel
    ModuleOTA.SCSunitecOTACMDWriteModel
    ModuleOTA.SCSunitecOTADeviceInfoModel
    ModuleOTA.SCSunitecOTAManager
    ModuleOTA.SCSuniterOTADFUNotifyModel
    ModuleOTA.SCUPFirmwareVersionRequestModel
    ModuleOTA.SCUpdateCheckModelService
    ModuleOTA.SCUpdateCheckPresenter
    ModuleOTA.SCUpdateCheckViewController
    ModuleOTA.SCZ5180Model
    ModuleOTA.SoundCoreModel
    ModuleOTA.UpdateProgressInfo
    ModuleOTA.WQOTAManger
    ModuleOTA.WQOTAUtility
    ModuleOTA.ZipMerger
    ModuleShare.SCEQAnalysisRequestModel
    ModuleUserCenter.SCActivateUserRequestModel
    ModuleUserCenter.SCAgreementRecordRequestModel
    ModuleUserCenter.SCBenefitClaimRequestModel
    ModuleUserCenter.SCBenefitConfirmRequestModel
    ModuleUserCenter.SCBenefitListRequestModel
    ModuleUserCenter.SCBenefitRedDotRequestModel
    ModuleUserCenter.SCBindPhoneRequestModel
    ModuleUserCenter.SCCheckRegisterRequestModel
    ModuleUserCenter.SCCouponListRequestModel
    ModuleUserCenter.SCCouponRedDotRequestModel
    ModuleUserCenter.SCCreditsCompleteTaskRequestModel
    ModuleUserCenter.SCCreditsGetTasksRequestModel
    ModuleUserCenter.SCDeleteAccountRequestModel
    ModuleUserCenter.SCEditNicknameRequestModel
    ModuleUserCenter.SCForgotPasswordRequestModel
    ModuleUserCenter.SCLoginRequestModel
    ModuleUserCenter.SCLogoutRequestModel
    ModuleUserCenter.SCMenuInfoRequestModel
    ModuleUserCenter.SCMessageReddotRequestModel
    ModuleUserCenter.SCMineCheckBenefitsRequestModel
    ModuleUserCenter.SCMineClaimBenefitsRequestModel
    ModuleUserCenter.SCNoChinaBindPhoneRequestModel
    ModuleUserCenter.SCPushAndPromoRequestModel
    ModuleUserCenter.SCResetPWDRequestModel
    ModuleUserCenter.SCSetPushAndPromoRequestModel
    ModuleUserCenter.SCSignUpViewController
    ModuleUserCenter.SCSignupRequestModel
    ModuleUserCenter.SCSignupResponseModel
    ModuleUserCenter.SCThirdLoginRequestModel
    ModuleUserCenter.SCTourRequestModel
    ModuleUserCenter.SCUpUserInfoRequestModel
    ModuleUserCenter.SCUserAvatarRequestModel
    ModuleUserCenter.SCUserAvatarResourcesRequestModel
    ModuleUserCenter.SCUserBenefitsRequestModel
    ModuleUserCenter.SCUserMsgRequestModel
    ModuleUserCenter.SCUserNetworkPresenter
    ModuleUserCenter.SCUserResearchRequestModel
    ModuleUserCenter.SCVerifyCodeRequestModel
    ModuleWallpaper.SCWallPaperCloudConversionRequestModel
    ModuleWallpaper.SCWallPaperGetUploadInfoRequestModel
    ModuleWallpaper.SCWallPaperHomeRequestModel
    ModuleWallpaper.SCWallPaperReachabilityNetworkManager
    ModuleWallpaper.SCWallPaperUpdateWallPaperRequestModel
    ModuleWallpaper.SCWallpaperProgressHeaderView
    MontrealNNModelNetwork
    Moya.CancellableToken
    Moya.NetworkActivityPlugin
    Moya.NetworkLoggerPlugin
    MusicKit.AnyLibraryRequestConfigurationParameters
    MusicKit.DefaultMusicTokenProvider
    MusicKit.MusicUserTokenProvider
    MusicKit.NetworkConnectivityMonitor
    MusicKitInternal.MusicSuggestedSongsRequestObserver
    MusicKitInternal_SoftLinking_MPModelLibraryPlaylistEditChangeRequest
    MusicKitInternal_SoftLinking_MPModelLibraryPlaylistRequest
    MusicKit_SoftLinking_CoverArtworkToken
    MusicKit_SoftLinking_MPCModelStorePlaybackItemsRequest
    MusicKit_SoftLinking_MPCPlayerChangeRequest
    MusicKit_SoftLinking_MPCPlayerRequest
    MusicKit_SoftLinking_MPModelLibraryAddToPlaylistChangeRequest
    MusicKit_SoftLinking_MPModelLibraryAlbumAppDataChangeRequest
    MusicKit_SoftLinking_MPModelLibraryDeleteEntityChangeRequest
    MusicKit_SoftLinking_MPModelLibraryDownloadQueueRequest
    MusicKit_SoftLinking_MPModelLibraryDuplicatePlaylistChangeRequest
    MusicKit_SoftLinking_MPModelLibraryEndCollaborationChangeRequest
    MusicKit_SoftLinking_MPModelLibraryFavoriteEntityChangeRequest
    MusicKit_SoftLinking_MPModelLibraryImportChangeRequest
    MusicKit_SoftLinking_MPModelLibraryJoinCollaborationChangeRequest
    MusicKit_SoftLinking_MPModelLibraryKeepLocalChangeRequest
    MusicKit_SoftLinking_MPModelLibraryPinnedEntityChangeRequest
    MusicKit_SoftLinking_MPModelLibraryPlaylistEditChangeRequest
    MusicKit_SoftLinking_MPModelLibraryPlaylistEntryReactionChangeRequest
    MusicKit_SoftLinking_MPModelLibraryReconcileAlbumAvailabilityChangeRequest
    MusicKit_SoftLinking_MPModelLibraryRemoveCollaboratorsChangeRequest
    MusicKit_SoftLinking_MPModelLibraryRemoveFromPlaylistChangeRequest
    MusicKit_SoftLinking_MPModelLibraryRequest
    MusicKit_SoftLinking_MPModelLibraryRequestPropertyFilter
    MusicKit_SoftLinking_MPModelLibrarySDKAddToPlaylistChangeRequest
    MusicKit_SoftLinking_MPModelLibrarySearchRequest
    MusicKit_SoftLinking_MPModelLibraryStartCollaborationChangeRequest
    MusicKit_SoftLinking_MPModelRequest
    MusicKit_SoftLinking_MPModelResponseDetailedKeepLocalStatusRequesting
    MusicKit_SoftLinking_MPRequestResponseController
    MusicKit_SoftLinking_MPServerObjectDatabaseMediaKitImportRequest
    MusicKit_SoftLinking_MPStoreLibraryPersonalizationRequest
    NACancelationToken
    NEAOVPNNetworkAgent
    NEAppVPNNetworkAgent
    NEContentFilterNetworkAgent
    NEDNSSettingsNetworkAgent
    NEEthernetTunnelNetworkSettings
    NEHotspotAuthenticationProviderHost
    NEHotspotNetwork
    NEIKEv2CertificateRequestPayload
    NEIKEv2Crypto
    NEIKEv2CryptoKitHPKE
    NEIKEv2CryptoKitSPAKE2Plus
    NEIKEv2KeyExchangeHandler
    NEIKEv2KeyExchangeHandlerCryptoKit
    NEIKEv2KeyExchangeHandlerMODP
    NEIKEv2KeyExchangePayload
    NEIKEv2RequestContext
    NEIKEv2SecurityContextCBCPlusHMAC
    NEIKEv2SignatureHashProtocol
    NENetworkAgent
    NENetworkAgentRegistrationFileHandle
    NENetworkAgentSessionFileHandle
    NENetworkPropertiesCache
    NENetworkRule
    NENexusFlowAssignedProperties
    NEPacketTunnelNetworkSettings
    NEPathControllerNetworkAgent
    NEPrivateLTENetwork
    NEProxyConfigurationNetworkAgent
    NERelayNetworkAgent
    NETSchemaNETDebugNetworkConnectionStatePreparationSnapshotCaptured
    NETSchemaNETDebugNetworkConnectionStateReadySnapshotCaptured
    NETSchemaNETDebugNetworkInterface
    NETSchemaNETDebugSessionConnectionNetwork
    NETSchemaNETNetworkConnectionStatePreparationSnapshotCaptured
    NETSchemaNETNetworkConnectionStateReadySnapshotCaptured
    NETSchemaNETNetworkInterface
    NETSchemaNETSessionConnectionHttpHeaderCreated
    NETSchemaNETSessionConnectionNetwork
    NETransparentProxyNetworkSettings
    NETunnelNetworkSettings
    NEVPNNetworkAgent
    NFCardMigrationPaymentRequest
    NFCardMigrationPaymentToken
    NFConnectionHandoverRequest
    NFECommercePaymentRequest
    NFPeerPaymentEnrollmentRequest
    NFPeerPaymentRequest
    NFPeerPaymentTransferRequest
    NFRemoteAdminCardIngestionRequest
    NFSignatureInfo
    NFTrustKeyRequest
    NFTrustPaymentSignResponse
    NFTrustSignRequest
    NFTrustSignResponse
    NFVASRequest
    NGMECDHPublicPreKey
    NGMFTVoucherSignatureFormatter
    NGMGFTSignatureFormatter
    NGMGelatoPresenceSignatureFormatter
    NGMMessageSignatureFormatter
    NGMPrekeySignatureFormatter
    NGMTetraRegistrationSignatureFormatter
    NIDiscoveryToken
    NLLMTokenIDConverter
    NLRouterSchemaNLRouterPromptGenerationSignalsCaptured
    NLTaggerAssetRequest
    NLTokenIDBasedLanguageModelSession
    NLTokenIDBasedLanguageModelState
    NLTokenIDConverter
    NLTokenizer
    NLXSchemaCDMRequestContext
    NLXSchemaCDMRequestEnded
    NLXSchemaCDMRequestFailed
    NLXSchemaCDMRequestStarted
    NLXSchemaCDMToken
    NLXSchemaCDMTokenChain
    NLXSchemaCDMTokenizationEnded
    NLXSchemaSSUUserRequestCacheEntryInfo
    NLXSchemaSSUUserRequestContext
    NLXSchemaSSUUserRequestEnded
    NLXSchemaSSUUserRequestFailed
    NLXSchemaSSUUserRequestMatchInfo
    NLXSchemaSSUUserRequestStarted
    NRSystemVersionRequest
    NSAsynchronousFetchRequest
    NSBatchDeleteRequest
    NSBatchDeleteRequestEncodingToken
    NSBatchInsertRequest
    NSBatchInsertRequestEncodingToken
    NSBatchUpdateRequest
    NSBatchUpdateRequestEncodingToken
    NSBundleResourceRequest
    NSCTRubyAnnotation
    NSCachedFetchRequestInfo
    NSCachedFetchRequestThunk
    NSCachingFetchRequest
    NSCloudKitMirroringAcceptShareInvitationsRequest
    NSCloudKitMirroringDelegateResetRequest
    NSCloudKitMirroringDelegateSerializationRequest
    NSCloudKitMirroringDelegateSerializationRequestResult
    NSCloudKitMirroringDelegateSetupRequest
    NSCloudKitMirroringDelegateSetupRequestOptions
    NSCloudKitMirroringExportProgressRequest
    NSCloudKitMirroringExportRequest
    NSCloudKitMirroringFetchRecordsRequest
    NSCloudKitMirroringImportRequest
    NSCloudKitMirroringInitializeSchemaRequest
    NSCloudKitMirroringRequest
    NSCloudKitMirroringRequestManager
    NSCloudKitMirroringRequestOptions
    NSCloudKitMirroringResetMetadataRequest
    NSCloudKitMirroringResetZoneRequest
    NSFetchRequest
    NSFetchRequestExpression
    NSFilePromiseWriteToken
    NSFileProviderRequest
    NSFileProviderStringSearchRequest
    NSHTTPURLRequestParameters
    NSMethodSignature
    NSMutableURLRequest
    NSNotATextLocation
    NSPConfigurationSignatureInfo
    NSPPrivacyProxyGetQuotaRequest
    NSPPrivacyProxyGetQuotaResponse
    NSPPrivacyProxyQuota
    NSPPrivacyProxyQuotaInfo
    NSPPrivacyProxyQuotaService
    NSPPrivacyProxyQuotaServiceRequest
    NSPPrivacyProxyQuotaServiceResponse
    NSPPrivacyProxySignedConfiguration
    NSPPrivacyProxyTokenActivationQuery
    NSPPrivacyProxyTokenActivationResponse
    NSPPrivacyProxyTokenAttester
    NSPPrivacyProxyTokenInfo
    NSPPrivacyProxyTokenIssuer
    NSPPrivacyProxyTokenKey
    NSPPrivacyProxyTransparencyTokenEntry
    NSPPrivateAccessTokenChallenge
    NSPPrivateAccessTokenClientState
    NSPPrivateAccessTokenFetcher
    NSPPrivateAccessTokenRequest
    NSPPrivateAccessTokenResponse
    NSPersistentCloudKitContainerEventRequest
    NSPersistentHistoryChangeRequest
    NSPersistentHistoryChangeRequestToken
    NSPersistentHistoryToken
    NSPersistentStoreRequest
    NSQueryGenerationToken
    NSRubyAnnotation
    NSSQLBatchDeleteRequestContext
    NSSQLBatchInsertRequestContext
    NSSQLBatchOperationRequestContext
    NSSQLBatchUpdateRequestContext
    NSSQLBlockRequestContext
    NSSQLCountRequestContext
    NSSQLFetchRequestContext
    NSSQLGenerateObjectIDRequestContext
    NSSQLObjectFaultRequestContext
    NSSQLObjectIDSetFetchRequestContext
    NSSQLPersistentHistoryChangeRequestContext
    NSSQLRelationshipFaultRequestContext
    NSSQLSaveChangesRequestContext
    NSSQLStoreRequestContext
    NSSQLXPCFetchRequestContext
    NSSQLiteIndexStatisticsRequest
    NSSQLitePrefetchRequestCache
    NSSaveChangesRequest
    NSSymbolRotateEffect
    NSTokenMatchingPredicateOperator
    NSURLRequest
    NSURLRequestInternal
    NSUnknownRequestTypeResult
    NSVariableAssignmentExpression
    NSXPCSaveRequestContext
    NSXPCStoreManagedObjectArchivingToken
    NSXPCStoreServerRequestHandlingPolicy
    NTPBAlreadySubscriberSignIn
    NTPBAppSessionResign
    NTPBAppleIdSignInResult
    NTPBArticleSessionResign
    NTPBBlindedToken
    NTPBCKQueryRetrieveRequest
    NTPBCKRecordRetrieveRequest
    NTPBCKRequestOperation
    NTPBCKRequestOperationHeader
    NTPBCKRequestedFields
    NTPBDevicePushTokenUpdateRequest
    NTPBEmailSubscriptionRequest
    NTPBMarketingSubscriptionRequest
    NTPBNetworkEvent
    NTPBNetworkEventGroup
    NTPBNetworkMetrics
    NTPBNetworkSession
    NTPBNetworkSessionList
    NTPBPublisherWebAccessOptInRequest
    NTPBPushNotifySubscriptionRequest
    NTPBSmarterFetchRequest
    NTPBTelemetryNetworkEvent
    NTPBTelemetryNetworkEventGroup
    NTPBTodayModuleContentRequest
    NTPBViewArticleRequest
    NTPBWrappingKeyRequest
    NUAuxiliaryImageRenderRequest
    NUAuxiliaryPropertiesRequest
    NUBufferRenderRequest
    NUClassifyPipelineImageCorrectionRequest
    NUExportRequest
    NUFaceDetectionRequest
    NUGeometryRequest
    NUHistogramRenderRequest
    NUImageBufferRenderRequest
    NUImageDataRequest
    NUImageExportRequest
    NUImagePropertiesRequest
    NUImageRenderRequest
    NULivePhotoRenderRequest
    NURedEyeDetectionRequest
    NURenderRequest
    NUSurfaceRenderRequest
    NUTokenPattern
    NUVideoAttributesRequest
    NUVideoExportRequest
    NUVideoPlaybackFrameRequest
    NUVideoPropertiesRequest
    NUVideoRenderRequest
    NUVisionDetectionRequest
    NUVisionForegroundIsolationSegmentationRequest
    NUVisionInstanceSegmentationRequest
    NUVisionSegmentationRequest
    NWConcrete_nw_connection_group_send_request
    NWConcrete_nw_read_request
    NWConcrete_nw_unique_connection_request
    NWConcrete_nw_write_request
    NWConcrete_nw_ws_ping_request
    NWConcrete_nw_ws_request
    NWGenericNetworkAgent
    NWNetworkAdviceUpdate
    NWNetworkAgentRegistration
    NWNetworkAgentSession
    NWNetworkDescription
    NWNetworkOfInterest
    NWNetworkOfInterestClientProxy
    NWNetworkOfInterestManager
    NWNetworkPredictions
    NWRemoteConnectionWriteRequest
    NWURLSessionMultipartHeaderRecognizer
    NWURLSessionReadRequest
    NWURLSessionRequestBodyData
    NWURLSessionRequestBodyFile
    NWURLSessionRequestBodyInfo
    NWURLSessionRequestBodyStream
    Navigation.CommuteRouteRequestParameters
    Network.Ack
    Network.BufferManager
    Network.Crypto
    Network.DefaultManyToManyProtocol
    Network.DefaultOneToOneProtocol
    Network.ECNCounters
    Network.Endpoint
    Network.EndpointParent
    Network.FlowControl
    Network.FlowControlConnection
    Network.FlowControlStream
    Network.FrameArrayEntry
    Network.ImmutableParametersStorage
    Network.InputHarnessProtocol
    Network.Internal
    Network.ListenerHarnessProtocol
    Network.MigrationController
    Network.MutableParametersStorage
    Network.NWActivity
    Network.NWActorSystem
    Network.NWApplicationServiceGroup
    Network.NWArray
    Network.NWBrowser
    Network.NWConnectionGroup
    Network.NWEthernetChannel
    Network.NWFile1
    Network.NWMulticastGroup
    Network.NWMultiplexGroup
    Network.NWProtocolFramer
    Network.NWProtocolHTTP
    Network.NWProtocolHTTPEncoding
    Network.NWProtocolQUIC
    Network.NWProtocolQUICConnection
    Network.NWProtocolQUICStream
    Network.NWProtocolWebSocket
    Network.NetworkAgentCache
    Network.NetworkContext
    Network.NetworkStorage
    Network.OutputHarnessProtocol
    Network.OutputQueue
    Network.PMTUD
    Network.PacketBuilder
    Network.PacketContainerEntry
    Network.Parameters1
    Network.ParametersStorage
    Network.Preferences
    Network.Protector
    Network.ProtocolStack
    Network.QUICConnectionImplementation
    Network.QUICDatagramFlow
    Network.QUICPath
    Network.QUICStreamInstance
    Network.ReassemblyQueue
    Network.Recovery
    Network.SystemSocket
    Network.TLVFramer
    Network.Timer
    Network.TimerDispatchBackend
    Network.WeakDistributedActor
    Network.WireProtocol
    Network._NWConnection
    Network._NWListener
    Network._NWParameters
    Network._NWPathMonitor
    Network._NWProtocol
    Network._NWProtocolDefinition
    Network._NWProtocolIP
    Network._NWProtocolMetadata
    Network._NWProtocolOptions
    Network._NWProtocolTCP
    Network._NWProtocolTLS
    Network._NWProtocolUDP
    Network.__InputHandlerLinkage
    Network.__NWInterface
    Network.__NWPath
    Network.__NWPathFlow
    Network.__NWPathParameters
    Network.__NWProtocolIdentifier
    Network.__NWProtocolTransform
    Network.__OutputHandlerLinkage
    NetworkAttachmentAnalytics
    NetworkChangeNotifier
    NetworkCursor
    NetworkExtension.NEAppExtensionConfiguration
    NetworkExtension.NEExtensionBaseProviderHostExportedObject
    NetworkExtension.NEHotspotAuthenticationProviderConfiguration
    NetworkExtension.NEHotspotAuthenticationProviderHostExportedObject
    NetworkExtension.NEHotspotEvaluationProviderConfiguration
    NetworkExtension.NEHotspotEvaluationProviderHostExportedObject
    NetworkExtension.NEHotspotManager
    NetworkExtension.NEURLFilterControlProviderConfiguration
    NetworkExtension.NEURLFilterControlProviderHostExportedObject
    NetworkExtension.NEURLFilterManager
    NetworkPerformanceFeed
    NetworkUtils
    NewsCore.InterestToken
    NewsCore.MyArticlesRequestFactory
    NewsCore.PingBasedOnlineNetworkTransitionOperation
    NewsCore.PrivateZoneCipher
    NewsCore.SmarterFetchRequestFactory
    OAHMAC_SHA1Signer
    OAPlainTextSigner
    OAURLRequestSigner
    OBHeaderAccessoryButton
    OBHeaderView
    OBSetupAssistantMultitaskingHeaderView
    OBTableHeaderFooterView
    OBTemplateHeaderDetailLabel
    ODDSiriSchemaODDMANetworkAccessTypes
    ODDSiriSchemaODDRequestsWithoutAssetsCounts
    ODDSiriSchemaODDRequestsWithoutAssetsDigest
    ODDSiriSchemaODDRequestsWithoutAssetsDigestReported
    ODDSiriSchemaODDRequestsWithoutAssetsDimensions
    ODMSiriSchemaODMSiriRequestCounts
    ODSAMPLESiriSchemaODSAMPLESpeakerIdSampleToRequestMap
    OIDAuthorizationRequest
    OIDEndSessionRequest
    OIDIDToken
    OIDRegistrationRequest
    OIDTokenRequest
    OIDTokenResponse
    OIDTokenUtilities
    OPTTSMutableStartTextToSpeechStreamingRequest
    OPTTSMutableStartTextToSpeechStreamingRequest_ContextInfoEntry
    OPTTSMutableTTSRequestFeatureFlags
    OPTTSMutableTextToSpeechRequest
    OPTTSMutableTextToSpeechRequestContext
    OPTTSMutableTextToSpeechRequestDebug
    OPTTSMutableTextToSpeechRequestDevConfig
    OPTTSMutableTextToSpeechRequestExperiment
    OPTTSMutableTextToSpeechRequestMeta
    OPTTSMutableTextToSpeechRequestProsodyControlConfig
    OPTTSMutableTextToSpeechRequestProsodyTransferConfig
    OPTTSMutableTextToSpeechRequest_ContextInfoEntry
    OPTTSMutableTextToSpeechRouterStreamingStreamingRequest
    OPTTSStartTextToSpeechStreamingRequest
    OPTTSStartTextToSpeechStreamingRequest_ContextInfoEntry
    OPTTSTTSRequestFeatureFlags
    OPTTSTextToSpeechRequest
    OPTTSTextToSpeechRequestContext
    OPTTSTextToSpeechRequestDebug
    OPTTSTextToSpeechRequestDevConfig
    OPTTSTextToSpeechRequestExperiment
    OPTTSTextToSpeechRequestMeta
    OPTTSTextToSpeechRequestProsodyControlConfig
    OPTTSTextToSpeechRequestProsodyTransferConfig
    OPTTSTextToSpeechRequest_ContextInfoEntry
    OPTTSTextToSpeechRouterStreamingStreamingRequest
    ORCHSchemaORCHCDMRequestEnded
    ORCHSchemaORCHCDMRequestFailed
    ORCHSchemaORCHCDMRequestStarted
    ORCHSchemaORCHCandidateRequestCancelled
    ORCHSchemaORCHCandidateRequestContext
    ORCHSchemaORCHCandidateRequestStarted
    ORCHSchemaORCHExecuteOnRemoteRequestContext
    ORCHSchemaORCHExecuteOnRemoteRequestEnded
    ORCHSchemaORCHExecuteOnRemoteRequestFailed
    ORCHSchemaORCHExecuteOnRemoteRequestStarted
    ORCHSchemaORCHExecutionRequestReceived
    ORCHSchemaORCHIdentityBridgeRequestContext
    ORCHSchemaORCHIdentityBridgeRequestEnded
    ORCHSchemaORCHIdentityBridgeRequestStarted
    ORCHSchemaORCHIntelligenceFlowRequestContext
    ORCHSchemaORCHIntelligenceFlowRequestEnded
    ORCHSchemaORCHIntelligenceFlowRequestFailed
    ORCHSchemaORCHIntelligenceFlowRequestStarted
    ORCHSchemaORCHIntelligenceFlowSubRequestFallback
    ORCHSchemaORCHMUXRequestEnded
    ORCHSchemaORCHMUXRequestStarted
    ORCHSchemaORCHPommesRequestEnded
    ORCHSchemaORCHPommesRequestFailed
    ORCHSchemaORCHPommesRequestStarted
    ORCHSchemaORCHPommesRequestUnableToHandle
    ORCHSchemaORCHRequestCancelled
    ORCHSchemaORCHRequestContext
    ORCHSchemaORCHRequestEnded
    ORCHSchemaORCHRequestFailed
    ORCHSchemaORCHRequestMitigated
    ORCHSchemaORCHRequestStarted
    ORCHSchemaORCHSubRequestContext
    ORCHSchemaORCHSubRequestEnded
    ORCHSchemaORCHSubRequestFailed
    ORCHSchemaORCHSubRequestStarted
    OSActivitySignpostEvent
    OSLogEntrySignpost
    OTABasePacketModel
    OTAFile
    OTAFilePartManager
    OTAFirmwarePartManager
    OTAIndicateUpdateRequestModel
    OTAIndicateUpdateResponseModel
    OTAManager
    OTAModule
    OTAPresenter
    OTARequestAbortModel
    OTARequestDataModel
    OTARequestUpdateModel
    OTARequestVersionModel
    OTAResponseAbortModel
    OTAResponseDataModel
    OTAResponseErrorModel
    OTAResponseReadyIndicateModel
    OTAResponseVersionModel
    OTASettingsModel
    OTAShake
    OTAStatus
    OTATaskingAgentClient
    OTAUpdatePart
    OTAUpdater
    OTAVersion
    OTAccountSettings
    OTApplicantToSponsorRound2M1
    OTEscrowMoveRequestContext
    OspreyChannelRequestOptions
    OspreyMutableRequest
    OspreyRequest
    OverrideMountPathRequest
    PACancellableToken
    PAL.HMAC
    PALazyAuditTokenBasedClientIdentity
    PARCardRequest
    PARFlightSearchRequest
    PARLookupRequest
    PARMoreResultsRequest
    PARRequest
    PARSafariSummarizationPrefetchRequest
    PARSafariSummarizationSummarizeRequest
    PARSearchReplayRequest
    PARSearchRequest
    PARTopicRequest
    PARZeroKeywordRequest
    PAXPCActivityCancellationToken
    PBDataTransferRequest
    PBLoadRequestContext
    PBRequest
    PBSessionRequester
    PBUIWallpaperEffectImageRequestAction
    PBUIWallpaperEffectImageRequestActionIOSurfaceResponse
    PBUIWallpaperEffectImageRequestActionImageURLResponse
    PBUIWallpaperEffectImageRequestActionResponse
    PBUIWallpaperImageSlotRequestAction
    PCCRequest
    PDAssertionRequest
    PDFAKAnnotationAdaptor
    PDFAKAnnotationAdaptorPrivate
    PDFAKAnnotationSerializationHelper
    PDFAnnotation
    PDFAnnotationCGPDFObject
    PDFAnnotationChange
    PDFAnnotationChangePrivate
    PDFAnnotationDrawing
    PDFAnnotationEditMenuConfiguration
    PDFAnnotationElement
    PDFAnnotationFreeText
    PDFAnnotationFreeTextPrivateVars
    PDFAnnotationPKDrawing
    PDFAnnotationPointerTrackingView
    PDFKitSignatureView
    PDFPageLayerAnnotationEffect
    PDFPageLayerMarkupAnnotationEffect
    PDFPageViewAnnotationController
    PDFPageViewAnnotationControllerPrivate
    PDRSignposts
    PEGASUSSchemaPEGASUSAudioPlaybackSignal
    PEGASUSSchemaPEGASUSRequestContext
    PEGASUSSchemaPEGASUSRequestEnded
    PEGASUSSchemaPEGASUSRequestEndedTier1
    PEGASUSSchemaPEGASUSRequestFailed
    PEGASUSSchemaPEGASUSRequestStarted
    PFCoalescerActivityToken
    PFExportGIFRequest
    PFLivePhotoFrameProcessingRequest
    PFParallaxAssetRequestOptions
    PFTokenBucket
    PGSchemaPGOverridesRequestContext
    PGSchemaPGPrescribedPlanRequestContext
    PGSchemaPGRequestContext
    PGSchemaPGRequestEnded
    PGSchemaPGRequestFailed
    PGSchemaPGRequestStarted
    PHAdjustmentDataRequest
    PHAdjustmentDataRequestBehaviorSpec
    PHAdjustmentDataRequestContext
    PHAnimatedImageRequestOptions
    PHAssetChangeRequest
    PHAssetCollectionChangeRequest
    PHAssetCommentCreationRequest
    PHAssetCreationRequest
    PHAssetCreationRequestBridge
    PHAssetCreationRequestPlaceholderSupport
    PHAssetCreationRequestPlaceholderSupportCrashRecovery
    PHAssetDeleteRequest
    PHAssetExportRequest
    PHAssetExportRequestOptions
    PHAssetResourceRequest
    PHAssetResourceRequestOptions
    PHAssetResourceUploadJobChangeRequest
    PHAssetResourceUploadJobConfigurationChangeRequest
    PHAssetResourceUploadJobConfigurationDeleteRequest
    PHAssetResourceUploadJobDeleteRequest
    PHAssetResourceWriteRequest
    PHChangeRequest
    PHChangeRequestHelper
    PHCloudFeedEntryChangeRequest
    PHCloudSharedAlbumChangeRequest
    PHCloudSharedAlbumDeleteRequest
    PHCloudSharedAssetExportRequest
    PHCollectionDeleteRequest
    PHCollectionListChangeRequest
    PHCollectionShareChangeRequest
    PHCollectionShareDeleteRequest
    PHContentEditingInputRequestContext
    PHContentEditingInputRequestOptions
    PHContentEditingOutputRequestOptions
    PHCreationRequestOptions
    PHFaceChangeRequest
    PHFaceCropChangeRequest
    PHFaceCropDeleteRequest
    PHFaceDeleteRequest
    PHFaceGroupChangeRequest
    PHFaceGroupDeleteRequest
    PHImageDecoderAsyncDecodeRequestHandle
    PHImageManagerRequestTracer
    PHImageRequest
    PHImageRequestBehaviorSpec
    PHImageRequestContext
    PHImageRequestOptions
    PHImageResourceChooserRequestInfo
    PHImportAssetDataRequest
    PHImportAssetMetadataRequest
    PHImportAssetThumbnailDataRequest
    PHInternalAssetExportRequest
    PHKeywordChangeRequest
    PHKeywordDeleteRequest
    PHLibraryScopeChangeRequest
    PHLibraryScopeDeleteRequest
    PHLivePhotoRequestContext
    PHLivePhotoRequestOptions
    PHLiveRenderEditingInputRequestContext
    PHMediaFormatAssetBundleConversionRequest
    PHMediaFormatChainedConversionRequest
    PHMediaFormatConversionCompositeRequest
    PHMediaFormatConversionRequest
    PHMediaFormatLivePhotoBundleConversionRequest
    PHMediaFormatLivePhotoConversionRequest
    PHMediaRequest
    PHMediaRequestContext
    PHMediaResourceRequest
    PHMemoryChangeRequest
    PHMemoryDeleteRequest
    PHMomentChangeRequest
    PHMomentShareChangeRequest
    PHMomentShareDeleteRequest
    PHMomentThemeAssignment
    PHObjectDeleteRequest
    PHPerformChangesRequest
    PHPersistentChangeFetchRequest
    PHPersistentChangeToken
    PHPersonChangeRequest
    PHPersonDeleteRequest
    PHPhotoLibraryAttributesChangeRequest
    PHPhotosHighlightChangeRequest
    PHPhotosHighlightDeleteRequest
    PHProgressContainerForRetryableRequest
    PHProjectChangeRequest
    PHQuestionChangeRequest
    PHQuestionDeleteRequest
    PHRelationshipChangeRequestHelper
    PHRepairRequest
    PHResourceLocalAvailabilityRequest
    PHResourceLocalAvailabilityRequestOptions
    PHSearchEntityChangeRequest
    PHSearchEntityCreationRequest
    PHSearchEntityDeleteRequest
    PHSearchQueryAnnotation
    PHSearchQueryQUToken
    PHServerResourceRequestRunner
    PHShareAssetChangeRequestHelper
    PHShareParticipantChangeRequest
    PHShareParticipantDeleteRequest
    PHShareParticipantRelationshipChangeRequestHelper
    PHSingleMediaRequestContext
    PHSmartAlbumChangeRequest
    PHSocialGroupChangeRequest
    PHSocialGroupDeleteRequest
    PHSuggestionChangeRequest
    PHSuggestionDeleteRequest
    PHTrashableObjectDeleteRequest
    PHVideoRequest
    PHVideoRequestBehaviorSpec
    PHVideoRequestContext
    PHVideoRequestOptions
    PHVideoXPCRequest
    PIAutoLoopAnalysisRequest
    PIAutoLoopExportRequest
    PIDisparitySampleRequest
    PILongExposureRegistrationRequest
    PIParallaxClockLayoutRequest
    PIParallaxClockMaterialRequest
    PIParallaxColorAnalysisRequest
    PIParallaxCompoundLayerStackRequest
    PIParallaxInactiveStyleLearnRequest
    PIParallaxInfillRequest
    PIParallaxLayerStackRequest
    PIParallaxSpatialAnalysisRequest
    PIPosterInactiveFrameLayoutRequest
    PIPosterLayoutPropertiesRequest
    PIPosterLayoutRequest
    PISensitiveContentAnalysisRequest
    PISliderNetAdjustmentsRequest
    PISliderNetBaseRequest
    PISliderNetLiftRequest
    PITapToTrackRequest
    PIVideoStabilizeRequest
    PKAMPCardInfoForMerchantRequest
    PKAccountAttestationRequest
    PKAccountServiceTransferRequest
    PKAccountWebServiceAccountActionRequest
    PKAccountWebServiceAccountDeleteRequest
    PKAccountWebServiceAccountRequest
    PKAccountWebServiceAccountTransactionAnswerRequest
    PKAccountWebServiceAccountUpdateUserInfoRequest
    PKAccountWebServiceAccountUserInfoRequest
    PKAccountWebServiceAccountUsersRequest
    PKAccountWebServiceAccountsRequest
    PKAccountWebServiceAddFundingSourceRequest
    PKAccountWebServiceApplePayTrustRequest
    PKAccountWebServiceAuthenticationTokenRequest
    PKAccountWebServiceAuthenticationTokenResponse
    PKAccountWebServiceBalanceHistoryRequest
    PKAccountWebServiceBankLookupRequest
    PKAccountWebServiceCancelPaymentRequest
    PKAccountWebServiceCertificatesRequest
    PKAccountWebServiceCreateVirtualCardRequest
    PKAccountWebServiceCreatedZoneRequest
    PKAccountWebServiceCreditRecoveryPaymentPlansRequest
    PKAccountWebServiceDailyCashEligibilityRequest
    PKAccountWebServiceDeleteAccountUserRequest
    PKAccountWebServiceDeleteBeneficiaryRequest
    PKAccountWebServiceDeleteFundingSourceRequest
    PKAccountWebServiceDocumentActionRequest
    PKAccountWebServiceDocumentRequest
    PKAccountWebServiceEnhancedMerchantsRequest
    PKAccountWebServiceExportTransactionDataRequest
    PKAccountWebServiceFundingSourcesRequest
    PKAccountWebServiceGenerateTopUpTokenRequest
    PKAccountWebServiceGenerateTopUpTokenResponse
    PKAccountWebServiceInstallmentAuthorizationRequest
    PKAccountWebServiceInstallmentBindRequest
    PKAccountWebServicePaginatedRequest
    PKAccountWebServicePassDetailsRequest
    PKAccountWebServicePaymentsRequest
    PKAccountWebServicePhysicalCardActionRequest
    PKAccountWebServicePhysicalCardsRequest
    PKAccountWebServicePromotionsRequest
    PKAccountWebServiceReportDeviceEventRequest
    PKAccountWebServiceReportRequest
    PKAccountWebServiceRequest
    PKAccountWebServiceRequestPhysicalCardRequest
    PKAccountWebServiceRequestPhysicalCardResponse
    PKAccountWebServiceResolveStorefrontCountryMismatchRequest
    PKAccountWebServiceSchedulePaymentRequest
    PKAccountWebServiceScheduleTransferRequest
    PKAccountWebServiceSharedAccountCloudStoreRequest
    PKAccountWebServiceStatementsRequest
    PKAccountWebServiceSupportTopicsRequest
    PKAccountWebServiceTermsDataRequest
    PKAccountWebServiceTermsRequest
    PKAccountWebServiceTransferEligibilityRequest
    PKAccountWebServiceTransfersRequest
    PKAccountWebServiceUpdateAccountUserPreferencesRequest
    PKAccountWebServiceVirtualCardLegacyCredentialsRequest
    PKAccountWebServiceVirtualCardListRequest
    PKAccountWebServiceVirtualCardManageRequest
    PKAccountWebServiceVirtualCardSecurityCodeActivityRequest
    PKAccountWebserviceCustomizePhysicalCardRequest
    PKAddPaymentPassRequest
    PKAddPaymentPassRequestConfiguration
    PKAddressSearchRequest
    PKAppleBalanceInStoreTopUpToken
    PKApplePayTrustKeyRequest
    PKApplePayTrustRegistrationRequest
    PKApplePayTrustSignature
    PKApplePayTrustSignatureRequest
    PKAppletSubcredentialAccountAttestationRequest
    PKAppletSubcredentialSharingInvitationRequest
    PKAppletSubcredentialSharingRequest
    PKApplicationAuthorizationHandleRequest
    PKApplicationAuthorizationHandleRequest_Physical
    PKApplicationAuthorizationHandleRequest_Virtual
    PKApplicationMessageRequest
    PKApplyWebServiceApplicationDeleteRequest
    PKApplyWebServiceApplicationsRequest
    PKApplyWebServiceApplyRequest
    PKApplyWebServiceAugmentedProductRequest
    PKApplyWebServiceCreateRequest
    PKApplyWebServiceDocumentSubmissionRequest
    PKApplyWebServiceFeatureTermsDataRequest
    PKApplyWebServiceRequest
    PKApplyWebServiceRequestAuthenticationContext
    PKApplyWebServiceShownTermsRequest
    PKApplyWebServiceTermsDataRequest
    PKApplyWebServiceTermsRequest
    PKApplyWebServiceVerificationResendRequest
    PKApplyWebServiceVerificationSubmissionRequest
    PKAutomaticReloadPaymentRequest
    PKAutomaticReloadPaymentRequestValidator
    PKAuxiliaryCapabilityFetchBarcodeRequest
    PKAuxiliaryCapabilityKeyCreationMetadataRequest
    PKAuxiliaryCapabilityKeyCreationMetadataRequestCapabilityState
    PKAuxiliaryCapabilityRegisterRequest
    PKAuxiliaryCapabilityRegistrationStateRequest
    PKAuxiliaryCapabilityWebServiceRequest
    PKBannerHandleRequest
    PKBarcodeEventConfigurationRequest
    PKBarcodeEventMetadataRequest
    PKBarcodeEventSignatureRequest
    PKBarcodeEventSignatureResponse
    PKCloudRecordPendingRequest
    PKCloudStoreZoneInvitationRequest
    PKContactInformationRequest
    PKDeferredPaymentRequest
    PKDeferredPaymentRequestValidator
    PKDeleteMerchantTokenRequest
    PKDisbursementPaymentRequest
    PKDisbursementPaymentRequestValidator
    PKDisbursementRequest
    PKDocumentRequest
    PKEngagementBatchPropertyRequest
    PKEngagementPropertyRequest
    PKExistingCardAuthorizationDiscoveryRequestMessage
    PKExistingCardAuthorizationRequestCarKeyGroup
    PKExistingCardAuthorizationRequestDestinationDeviceSignature
    PKExistingCardAuthorizationRequestEntry
    PKExistingCardAuthorizationRequestGroup
    PKExistingCardAuthorizationRequestMessage
    PKExistingCardAuthorizationRequestPaymentCardGroup
    PKExpressTransactionBannerHandleRequest
    PKExtensionRequestHandler
    PKFaceIDBannerHandleRequest
    PKHMAccessory
    PKISO18013DataReleaseRequest
    PKIdentityRequest
    PKInAppPaymentSessionAuthorizationRequest
    PKLaunchRequest
    PKMathRecognitionToken
    PKMathRecognitionTokenView
    PKMerchantLookupRequest
    PKMerchantToken
    PKMerchantTokenDemoData
    PKMerchantTokenUsageMetadata
    PKOverlayableWebServiceRequest
    PKPassAnnotations
    PKPassAuxiliaryCapabilitySignatureAliroHomeKeyCreationMetadata
    PKPassAuxiliaryCapabilitySignatureAliroHydraKeyCreationMetadata
    PKPassAuxiliaryCapabilitySignatureCarConnectivityConsortiumKeyCreationMetadata
    PKPassAuxiliaryCapabilitySignatureFidoKeyCreationMetadata
    PKPassAuxiliaryCapabilitySignatureIdentityAccountKeyCreationMetadata
    PKPassAuxiliaryCapabilitySignatureUnifiedAccessHomeKeyCreationMetadata
    PKPassAuxiliaryCapabilitySignatureUnifiedAccessHydraKeyCreationMetadata
    PKPassAuxiliaryRegistrationSignatureRequirement
    PKPassOwnershipToken
    PKPassUpgradeController
    PKPassUpgradeControllerBase
    PKPassUpgradeExpressAutomaticSelectionCriteriaRequest
    PKPassUpgradePrecursorPassAction
    PKPassUpgradePrecursorPassDPANIDSignatureAction
    PKPassUpgradePrecursorPassExistingCardAuthorizationAction
    PKPassUpgradePrecursorPassGenericReprovisionAction
    PKPassUpgradePrecursorPassIssuerAppAction
    PKPassUpgradePrecursorPassProofingAction
    PKPassUpgradePrecursorPassRequest
    PKPassUpgradeRequest
    PKPaymentAugmentBaseRequest
    PKPaymentAugmentSessionRequest
    PKPaymentAuthorizationRequest
    PKPaymentAvailableDevicesRequest
    PKPaymentAvailableProductsRequest
    PKPaymentBrowseableBankAppsRequest
    PKPaymentCheckMerchantRequest
    PKPaymentCommonAvailableProductsRequest
    PKPaymentCompleteSessionRequest
    PKPaymentConfigurationRequest
    PKPaymentCreateVehicleShareRequest
    PKPaymentCredentialAccountAttestationRequest
    PKPaymentCredentialNonceRequest
    PKPaymentDeleteRequest
    PKPaymentDeprovisionRequest
    PKPaymentDeviceCheckinRequest
    PKPaymentDevicePassesRequest
    PKPaymentEligibilityRequest
    PKPaymentFetchPassLegalAgreementRequest
    PKPaymentInitiateExternalProvisioningRequest
    PKPaymentInitiateExternalProvisioningRequestDPANAuthorization
    PKPaymentIssuerProvisioningCertificatesRequest
    PKPaymentMultiTokenDataItem
    PKPaymentNetworkCardImagesManifestRequest
    PKPaymentNonceRequest
    PKPaymentNotificationActionRequest
    PKPaymentNotifyIssuerAppletDirtyRequest
    PKPaymentOfferWebServiceCatalogRequest
    PKPaymentOfferWebServiceDynamicContentRequest
    PKPaymentOfferWebServiceMerchandisingRequest
    PKPaymentOfferWebServiceRequest
    PKPaymentOfferWebServiceRewardsBalancesRequest
    PKPaymentOfferWebServiceRewardsRedemptionsRequest
    PKPaymentOffersControllerMerchandisingRequest
    PKPaymentOffersControllerRequest
    PKPaymentPassRequest
    PKPaymentPrepareToProvisionRequest
    PKPaymentPrepareTransactionDetailsRequest
    PKPaymentProductsActionRequest
    PKPaymentProvisionPrecursorPassRequest
    PKPaymentProvisioningMethodMetadataRequest
    PKPaymentProvisioningNonceRequest
    PKPaymentProvisioningRequest
    PKPaymentPushProvisioningProvideEncryptedPushProvisioningTargetRequest
    PKPaymentPushProvisioningSharingIdentifiersRequest
    PKPaymentPushProvisioningSharingStatusRequest
    PKPaymentRegisterCredentialRequest
    PKPaymentRegisterPreTrackCredentialRequest
    PKPaymentRegisterTrackCredentialRequest
    PKPaymentRegistrationRequest
    PKPaymentRemoteContentPassActionGroupRequest
    PKPaymentRemoteContentPassActionRequest
    PKPaymentRemoteCredentialsRequest
    PKPaymentRemotePassesRequest
    PKPaymentRepopulateZonesRequest
    PKPaymentRequest
    PKPaymentRequestCouponCodeUpdate
    PKPaymentRequestMerchantSessionUpdate
    PKPaymentRequestPassUpdateRequest
    PKPaymentRequestPassUpdateResponse
    PKPaymentRequestPaymentMethodUpdate
    PKPaymentRequestShippingContactUpdate
    PKPaymentRequestShippingMethodUpdate
    PKPaymentRequestSupportedQuery
    PKPaymentRequestUpdate
    PKPaymentRequestValidator
    PKPaymentRequirementsRequest
    PKPaymentRevokeSharedCredentialRequest
    PKPaymentRewrapRequest
    PKPaymentRewrapRequestBase
    PKPaymentSendOwnershipTokensRequest
    PKPaymentServiceProviderPerformActionRequest
    PKPaymentServiceProviderPerformPaymentRequest
    PKPaymentServiceProviderPurchaseRequest
    PKPaymentServiceProviderPurchasesRequest
    PKPaymentSetupFieldBuiltInTotalAssets
    PKPaymentSetupFieldBuiltInTotalAssetsPicker
    PKPaymentSetupFieldBuiltInTotalIncome
    PKPaymentSetupRequest
    PKPaymentSubmitActivationCodeRequest
    PKPaymentTapToProvisionConfigurationRequest
    PKPaymentToken
    PKPaymentTokenContext
    PKPaymentTokenContextValidator
    PKPaymentTransactionRequest
    PKPaymentTransactionRequestAmountComparison
    PKPaymentUnregisterRequest
    PKPaymentUpdateRegistrationDataRequest
    PKPaymentVehicleManufacturerRequest
    PKPaymentVerificationOptionsRequest
    PKPaymentVerificationUpdateRequest
    PKPaymentWebServicePaginatedRequest
    PKPaymentWebServiceRequest
    PKPaymentWebServiceRequestBuilder
    PKPaymentWebServiceSecureRequestBuilder
    PKPeerPaymentAcceptTermsRequest
    PKPeerPaymentAcceptableDocumentsRequest
    PKPeerPaymentAccountRequest
    PKPeerPaymentAddAssociatedAccountRequest
    PKPeerPaymentAssociatedAccountActionRequest
    PKPeerPaymentAssociatedAccountsRequest
    PKPeerPaymentBankLookupRequest
    PKPeerPaymentDocumentSubmissionRequest
    PKPeerPaymentEmailTermsAccountRequest
    PKPeerPaymentEncryptionCertificatesRequest
    PKPeerPaymentFailureDiagnosticRequest
    PKPeerPaymentIdentityVerificationRequest
    PKPeerPaymentInformalRequestToken
    PKPeerPaymentPassDetailsRequest
    PKPeerPaymentPendingRequest
    PKPeerPaymentPendingRequestPerformActionRequest
    PKPeerPaymentPendingRequestPerformActionResponse
    PKPeerPaymentPendingRequestSummary
    PKPeerPaymentPendingRequestsRequest
    PKPeerPaymentPendingRequestsResponse
    PKPeerPaymentPerformActionRequest
    PKPeerPaymentPerformRequest
    PKPeerPaymentPreferencesRequest
    PKPeerPaymentQuoteCertificatesRequest
    PKPeerPaymentQuoteRequest
    PKPeerPaymentReOpenAccountRequest
    PKPeerPaymentRecipientRequest
    PKPeerPaymentRecipientsRequest
    PKPeerPaymentRecurringPaymentActionRequest
    PKPeerPaymentRecurringPaymentsRequest
    PKPeerPaymentRemoveAssociatedAccountRequest
    PKPeerPaymentRequest
    PKPeerPaymentRequestToken
    PKPeerPaymentRequestTokenRequest
    PKPeerPaymentRequestTokenResponse
    PKPeerPaymentServiceRegistrationRequest
    PKPeerPaymentServiceUnregisterRequest
    PKPeerPaymentStatementRequest
    PKPeerPaymentStatusRequest
    PKPeerPaymentSubmitDeviceScoreIdentifiersRequest
    PKPeerPaymentTransactionAnswerRequest
    PKPeerPaymentUpdatePreferencesRequest
    PKPeerPaymentUpdateUserInfoRequest
    PKPeerPaymentUserInfoRequest
    PKPeerPaymentWebServiceBadRequestResponse
    PKPeerPaymentWebServiceRequest
    PKPendingInvitationRequest
    PKPendingPassUpgrade
    PKPrecursorPassUpgradeController
    PKPrecursorPassUpgradeRequestAction
    PKPrecursorPassUpgradeRequestDescription
    PKPrintJobRequest
    PKProtobufAutomaticReloadPaymentRequest
    PKProtobufCloudStoreZoneInvitationRequest
    PKProtobufDeferredPaymentRequest
    PKProtobufPaymentDeviceRequest
    PKProtobufPaymentInstrumentThumbnailRequest
    PKProtobufPaymentRequest
    PKProtobufPaymentSetupRequest
    PKProtobufPaymentToken
    PKProtobufPaymentTokenContext
    PKProtobufRecurringPaymentRequest
    PKProtobufRemotePaymentRequest
    PKProtobufRemoteRegistrationRequest
    PKProtobufRemoteRegistrationRequestResult
    PKProvisioningAnalyticsSessionPreflightToken
    PKProvisioningContinuityDiscoveryRequestMessage
    PKProvisioningExistingCardAuthorizationDestinationDeviceSignature
    PKProvisioningExistingCardAuthorizationStoreRequest
    PKProxCardRequest
    PKPushTokenFetcher
    PKQuotaNotification
    PKRecurringPaymentRequest
    PKRecurringPaymentRequestValidator
    PKRefreshVPANPaymentCredentialRequest
    PKRegisterMerchantTokenPublicKeyRequest
    PKRemoteNetworkPaymentCoordinator
    PKRemotePaymentRequest
    PKRemoteRegistrationRequest
    PKRetrieveMerchantTokensRequest
    PKRetrieveMerchantTokensResponse
    PKRetrieveMerchantTokensUnifiedListRequest
    PKRetrieveVPANPaymentCredentialRequest
    PKSEConsistencyCheckRequestedAction
    PKSearchPendingPeerPaymentRequestResult
    PKSecureElementSignatureInfo
    PKServiceProviderPaymentRequest
    PKSharingExternalInvitationRequestMessage
    PKSharingInvitationRequestMessage
    PKSpendingSummaryFetcherRequest
    PKStandaloneTransactionBannerHandleRequest
    PKTPSDiscoverabilitySignal
    PKTapToRadarRequest
    PKTextInputLanguageSelectionToken
    PKTransactionReceiptAuthorizationRequest
    PKTransactionReceiptHeaderField
    PKTransactionReceiptRequest
    PKVPANPaymentSessionRequest
    PKVehicleInitiatedPairingProxCardRequest
    PKVerificationRequestRecord
    PKVirtualCardEnrollmentRequest
    PKWalletTransactionSignal
    PKWebServiceLoggableHeaders
    PKWebServiceLoggableRequestBody
    PKWebServiceMerchantTokensFeature
    PKWebServiceProvisioningCardReaderNetworkConfiguration
    PKWebServiceRemoteNetworkPaymentFeature
    PKWebServiceRequest
    PKWebServiceRequestMetadata
    PKWebServiceVirtualCardFeatureNetwork
    PK_ipp_request_t
    PLAssetResourceDownloadRequest
    PLAssetResourceUploadJobRequest
    PLBackgroundJobWorkerSignalTimer
    PLChangesRequestInProgressMarker
    PLFeatureAvailabilitySignalledChanges
    PLFetchRequest
    PLGraphEdgeAdditionalLabelAssignment
    PLGraphNodeAdditionalLabelAssignment
    PLJournalEntryHeader
    PLMediaAnalysisServiceRequestAdapter
    PLModelMigrationAction_FixResourcesIncorrectlyAssignedToSyndicationDataStore
    PLModelMigrationAction_FixSignExtended32bSceneIdentifiers
    PLModelMigrationAction_MigrateLastGuestAssetSyncToken
    PLModelMigrationAction_RemoveScreenshotAssetsFromDuplicateAlbums
    PLModelMigrationAction_ResetDuplicateDetectorProcessingToken
    PLModelMigrationAction_ResetFilesystemImportToken
    PLModelMigrationAction_ResetSyndicationAssetSyncToken
    PLModelMigrationAction_moveLocalVersionTokenFromPlistToGlobalValues
    PLMomentThemeAssignment
    PLNetworkEnergyModel
    PLNetworkUsageSnapshot
    PLPersistentHistoryMarkerToken
    PLPhotoLibraryAttributesChangeRequestServiceHandler
    PLQuotaRequest
    PLResourceLocalAvailabilityRequestOptions
    PLResourceXPCMakeAvailableRequest
    PLResourceXPCRequest
    PLRevGeoPlaceAnnotation
    PLSchemaUpgradeUserNotification
    PLUSSchemaPLUSContactSuggesterRequestMetadataReported
    PLUSSchemaPLUSContactSuggestionAccuracySignalReported
    PLUSSchemaPLUSSuggestionAccuracySignal
    PLXPCLibraryToken
    PLXPCPhotoLibraryStoreServerRequestHandlingPolicy
    PMCredentialRequestPaneHeader
    PMSignInWithAppleController
    PNRODSchemaPNRODIntelligenceFlowRequestGrainSummary
    POMMESSchemaPOMMESPegasusKitNetworkTimingData
    POMMESSchemaPOMMESPegasusKitPegasusRequest
    POMMESSchemaPOMMESPegasusKitPegasusRequestContext
    POMMESSchemaPOMMESPegasusRequestArguments
    POMMESSchemaPOMMESPegasusRequestContext
    POMMESSchemaPOMMESPegasusRequestEnded
    POMMESSchemaPOMMESPegasusRequestFailed
    POMMESSchemaPOMMESPegasusRequestGeoAppResolutionReported
    POMMESSchemaPOMMESPegasusRequestKfedLatency
    POMMESSchemaPOMMESPegasusRequestStarted
    POMMESSchemaPOMMESProfileSliceResolutionRequestContext
    POMMESSchemaPOMMESProfileSliceResolutionRequestEnded
    POMMESSchemaPOMMESProfileSliceResolutionRequestFailed
    POMMESSchemaPOMMESProfileSliceResolutionRequestStarted
    POMMESSchemaPOMMESRequestContext
    POMMESSchemaPOMMESRequestEnded
    POMMESSchemaPOMMESRequestFailed
    POMMESSchemaPOMMESRequestResult
    POMMESSchemaPOMMESRequestStarted
    POMMESSchemaPOMMESRequestUnableToHandle
    POMMESSchemaPOMMESSearchRequestClassifierExecuted
    PPSocialHighlightStoreRequestKey
    PRSiriSchemaPRRequestContext
    PRSiriSchemaPRRequestEnded
    PRSiriSchemaPRRequestFailed
    PRSiriSchemaPRRequestStarted
    PRSiriSchemaPRResponseGenerationRequestContext
    PRSiriSchemaPRResponseGenerationRequestEnded
    PRSiriSchemaPRResponseGenerationRequestFailed
    PRSiriSchemaPRResponseGenerationRequestStart
    PSAccessoryInfoHeaderCell
    PSAccessoryInfoHeaderView
    PSCloudStorageQuotaManager
    PSESchemaPSEAlarmSignalGenerated
    PSESchemaPSEAppIntentSignalGenerated
    PSESchemaPSECallSignalGenerated
    PSESchemaPSECommonSignal
    PSESchemaPSEGenericSignalGenerated
    PSESchemaPSEHomeFollowupSignalGenerated
    PSESchemaPSEMapsSignalGenerated
    PSESchemaPSEMediaSignalGenerated
    PSESchemaPSEMessageSignalGenerated
    PSIIndexToken
    PSIQueryPlaceToken
    PSIQueryToken
    PSIToken
    PSITokenizer
    PSKeychainSyncHeaderView
    PSQuotaInfo
    PSResourceRequest
    PSSGMessageCompletedCurrentGraphsRequest
    PSSGMessageCompletedResourceRequestWithStrides
    PSSGMessageReadyForServerRequest
    PSSGMessageRequestContextForResourceKeys
    PSSGMessageRequestContextForSessions
    PSSGMessageRequestCurrentGraphs
    PSSGMessageRequestCurrentGraphsForAllSessions
    PSSGMessageRequestDPTailspin
    PSSGMessageRequestGraphResubmission
    PSSGMessageRequestResourceAvailabilityUpdates
    PSSGMessageRequestResourceContext
    PSSGMessageRequestResourcesBase
    PSSGMessageRequestResourcesWithStrides
    PSSGMessageResourceRequestsFailed
    PSSGMessageSHRequestAllGraphs
    PSSGMessageSHRequestProcessMonitorEventLog
    PSSGMessageSHRequestProcessMonitorStats
    PSSGMessageSHRequestSystemActionStats
    PSSGRequestState
    PSSGResourceRequest
    PSSGResourceRequestEntry
    PSUsageSizeHeader
    PTAssetFSDNetworkInputFrame
    PTAssetFSDNetworkInputReader
    PTCVMNetwork
    PTCinematographyNetwork
    PTCinematographyNetworkFloatOutputStream
    PTCinematographyNetworkInputSchema
    PTCinematographyNetworkLabelSignal
    PTCinematographyNetworkNamedSignal
    PTCinematographyNetworkParameters
    PTCinematographyNetworkPayload
    PTCinematographyNetworkRectSignal
    PTCinematographyNetworkSignal
    PTCinematographyNetworkUncertaintySignal
    PTEffectCompositionRenderRequest
    PTEffectRenderRequest
    PTFaceAttributesNetwork
    PTGlobalVideoHeaderMetadata
    PTGlobalVideoHeaderMetadataVersion1
    PTPOperationRequestPacket
    PTPersonSemanticsNetwork
    PTRenderRequest
    PTUIPaddedHeaderLabel
    PUPhotoPickerRemoteViewControllerRequestOptions
    PageSignature
    PassKitCore.ProvisioningCarKeyStepRequestInvite
    PassKitCore.ProvisioningStepAddPassRequest
    PassKitCore.RemoteNetworkPaymentSession
    PassKitCore.RemoteNetworkPaymentWebsocketURLSession
    PasswordManagerUI.PMSignInWithAppleAccountDetailsModel
    PasswordManagerUI.PMSignInWithAppleIconController
    PasswordManagerUI.PMWiFiNetworksStore
    PegasusConfiguration.PARNetworkRequestFactory
    PegasusConfiguration.ParsecURLRequestBuilder
    PendingRequest
    PhotosIntelligence.ExtendedTokenGenerator
    PhotosIntelligence.FinalTokenGenerator
    PhotosIntelligence.FreeformStoryRequestGenerator
    PhotosIntelligence.OptionalizedTokensDataSource
    PhotosIntelligence.SafeTokenAnalyzer
    PodsDummy_LibNetwork
    PodsDummy_ModuleOTA
    PodsDummy_libZhixinEcdh
    PodsDummy_sqflite_sqlcipher
    PrivacyProxyNetworkStatus
    PrivacyProxyTokenInfo
    ProactiveDaemonSupport.MachIdentityToken
    QCAudioHeaderHandle
    QCECDHKeyUtils
    QCECDHManager
    QLFilePreviewRequest
    QLFileThumbnailRequest
    QLNetworkStateObserver
    QLPinchRotationTracker
    QLTFileThumbnailRequest
    QLTThumbnailRequest
    QLTUbiquitousFileThumbnailRequest
    QLThumbnailGenerationRequest
    QLThumbnailRequestOperation
    RBSAuditToken
    RBSHandshakeRequest
    RBSLaunchRequest
    RBSRequest
    RBSTerminateRequest
    RCNetworkActivity
    RCNetworkEvent
    RCNetworkOperationTask
    RCNetworkOperationURLSessionDelegate
    RCOperationDelayedRetrySignal
    RCOperationExternalSignal
    RCOperationImmediateRetrySignal
    RCOperationNotificationRetrySignal
    RCRequestInfo
    READSchemaREADRequestContext
    READSchemaREADRequestPreprocessingContext
    READSchemaREADRequestPreprocessingEnded
    READSchemaREADRequestStarted
    REResourceRequestOptions
    REVideoRequestOptions
    RFMapAnnotation
    RFPrimaryHeaderMarqueeCardSection
    RFPrimaryHeaderRichCardSection
    RFPrimaryHeaderStackedImageCardSection
    RFPrimaryHeaderStandardCardSection
    RFSecondaryHeaderEmphasizedCardSection
    RFSecondaryHeaderStandardCardSection
    RFTableHeaderCardSection
    RGSiriSchemaRGRequestContext
    RGSiriSchemaRGRequestEnded
    RGSiriSchemaRGRequestEndedTier1
    RGSiriSchemaRGRequestFailed
    RGSiriSchemaRGRequestStarted
    RMModelAccountExchangeDeclaration_SMIMESigning
    RMModelAccountMailDeclaration_SMIMESigning
    RMModelNetworkEAPDeclaration
    RMModelNetworkEAPDeclaration_EAPFAST
    RMModelNetworkEAPDeclaration_EAPSIMAKA
    RMModelNetworkEAPDeclaration_EAPSIMAKANotificationAction
    RMModelNetworkEAPDeclaration_PrivateAccessToken
    RMModelNetworkEAPDeclaration_TLS
    RMModelNetworkWiFiDeclaration
    RMModelNetworkWiFiDeclaration_HotSpot
    RMModelNetworkWiFiDeclaration_Proxy
    RMModelNetworkWiFiDeclaration_QoSMarkingPolicy
    RMModelStatusManagementPushToken
    RMProtocolCommandRequest
    RMProtocolCommandRequest_StatusReason
    RMProtocolEnrollRequest
    RMProtocolSynchronizationTokens
    RMProtocolTokensResponse
    RMStoreDeclarationKeyPair
    RPAppSignInService
    RPNWActivityRequestMetrics
    RPRequestEntry
    RPRequestRegistration
    RPSignedInUserProvider
    RPTapToRadarRequest
    RRSchemaRRAnnotatedEntity
    RRSchemaRRAnnotation
    RSABSSATokenBlinder
    RSABSSATokenIssuer
    RSABSSATokenReady
    RSABSSATokenWaitingActivation
    RSSSchemaRSSSiriVocabSyncCompanionSyncPluginSyncRequested
    RSSSchemaRSSSiriVocabSyncTokenFetchRequestReceived
    RSSSchemaRSSSiriVocabSyncTokenReceived
    RTCSecureHierarchyToken
    RTIDocumentRequest
    RTPredictedContextRequest
    RTSignalGeneratorOptions
    RTTokenBucket
    RUIActionSignal
    RUIDetailHeaderElement
    RUIHTMLHeaderElement
    RUIHTMLHeaderView
    RUIHTTPRequest
    RUIHeaderElement
    RUIHeaderView
    RUIModernHeaderView
    RUIOsloHeaderView
    RUIPrivacyLinkHeaderElement
    RUISubHeaderElement
    RUITableViewHeaderFooterView
    RealityFoundation.LoadRequestDependencies
    RealityFoundation.RERealityFileHeader
    RealityFoundation.RequestLoadableUtilities
    RealityKit.NetworkCompatibilityToken
    RealityKit.__AssetLoadRequest
    RealityKit.__REOSSignpostScope
    RecencyService.ImageGlyphLastUsedDateTimeRequestHandler
    RecencyService.ImageGlyphRecencyRequestHandler
    RecencyService.ImageGlyphRecordEngagementRequestHandler
    RecencyService.RequestDispatcher
    ReminderEntityAnnotation
    ReplicatorEngine.NetworkBrowser
    ReplicatorEngine.NetworkMessenger
    SAAESEncryptor
    SAAESEventEncryptor
    SAAIRequestSearch
    SAAceDomainSignal
    SAAdsEncryptInterceptor
    SABackgroundUpdateRequest
    SACFClientFlowRequestCallback
    SACFMParseMessageForEmojiRequest
    SACFSignal
    SACanFlushInterceptor
    SACancelCrossDeviceRequest
    SACancelRequest
    SACorrectUserIdInterceptor
    SACreateSessionInfoRequest
    SADatabaseInterceptor
    SADeleteRecordInterceptor
    SADynamicSuperPropertyInterceptor
    SAECCEncryptor
    SAECCPluginEncryptor
    SAEncryptInterceptor
    SAEventCallbackInterceptor
    SAEventResultInterceptor
    SAEventValidateInterceptor
    SAExecuteOnRemoteRequest
    SAFlushHTTPBodyInterceptor
    SAFlushInterceptor
    SAFlushJSONInterceptor
    SAGetRequestOrigin
    SAHAActionRequest
    SAIDMappingInterceptor
    SAInsertRecordInterceptor
    SAIntentGroupAppAuthorizationStatusRequest
    SAIntentGroupAppEntitlementRequest
    SAIntentGroupAppVocabularySearchRequest
    SAIntentGroupIntentSignal
    SAIntentGroupRequestPaymentSnippet
    SAIntentGroupSiriKitPluginSignal
    SAInterceptor
    SALogSignatureWithABC
    SANetwork
    SANetworkInfoPropertyPlugin
    SAPostUpdatePersonalRequestSettingsNotification
    SAPropertyInterceptor
    SAQueryRecordInterceptor
    SARDModelInferenceRequest
    SARDRunNLXRequest
    SARDRunPOMMESRequest
    SARDStartCorrectedServerRequest
    SARDStartServerRequest
    SARSAEncryptor
    SARSAPluginEncryptor
    SARefreshRequest
    SARemoteConfigInterceptor
    SARepeatFlushInterceptor
    SAReplayRequestFromDMHypothesis
    SARequestCompleted
    SARequestDeepLinkProcessor
    SARestartRequest
    SARollbackRequest
    SASAbortSpeechRequest
    SASClientBoundConfusionNetwork
    SASMUXStartAsrOnServerRequest
    SASProximityAnisetteRequestAction
    SASProximityCompanionAuthRequestAction
    SASServerBoundConfusionNetwork
    SASStartAsrOnServerRequest
    SASStartCorrectedSpeechRequest
    SASStartPronunciationRequest
    SASStartSpeechRequest
    SASStartStructuredDictationSpeechRequest
    SASStartVoiceSearchRequest
    SASTCompetingTeamPlayDetailHeaderItem
    SASTHeaderItem
    SASTSubheaderItem
    SASTTableHeaderItem
    SASToken
    SASVTokenData
    SASVoiceIdentificationSignal
    SASerialQueueInterceptor
    SASetActivationToken
    SASetConnectionHeader
    SASetRequestOrigin
    SASignUpEventObject
    SAStartBackgroundActionRequest
    SAStartDirectActionRequest
    SAStartHandoffRequest
    SAStartLocalRequest
    SAStartMultiUserTestRequest
    SAStartRequest
    SAStartStructuredDictationRequest
    SAStartUIRequest
    SAStockRequest
    SASyncServerSyncDataRequest
    SATTSEstimateTTSRequestDuration
    SATTSEstimateTTSRequestDurationCompleted
    SATTSFetchSpeechSynthesisVoiceRequest
    SATTSStartSpeechSynthesisRequest
    SATTSStartSpeechSynthesisStreamingRequest
    SATableViewHeaderFooterViewNode
    SAUIInitiateStartSpeechRequest
    SAUIPhotoPickerRequest
    SAUIRequestEndBehavior
    SAUIRequestUpdateViews
    SAUIShowRequestHandlingStatus
    SAUISnippetDisplayConfigurationRequest
    SAUpdateRecordInterceptor
    SAUserTokenStatus
    SAVisualizedSnapshotRequestMessage
    SBFAuthenticationRequest
    SBIdleTimerRequestConfiguration
    SBRotationDefaults
    SBSFocusModesHomeScreenSettingsRequest
    SBSInCallPresentationRequest
    SBSQuickActionConfigurationRequest
    SBSQuickActionControlRequest
    SBSSpotlightActivationRequest
    SBSSpotlightActivationRequestServer
    SBSSystemAperturePortalSourceInfoRequest
    SBSSystemAperturePortalSourceInfoRequestServiceSpecification
    SBSSystemNotesPresentationRequest
    SBSSystemNotesTakeScreenshotAction
    SBSUIAXUIServerSceneRequestBuilder
    SBSUICameraOverlaySceneRequestBuilder
    SBSUIDisplayCalibratorSceneRequestBuilder
    SBSUIInCallRequestKeyboardFocusAction
    SBSUIInCallRequestPresentationModeAction
    SBSUILiquidDetectionSceneRequestBuilder
    SBSUIMagnifierSceneRequestBuilder
    SBSUIProximityReaderIDVerifierSceneRequestBuilder
    SBSUIProximityReaderSceneRequestBuilder
    SBSUIScreenSharingOverlaySceneRequestBuilder
    SCDebugNetworkRegister
    SCDebugNetworkUtil
    SCIKDeleteEventRequest
    SCIKDeleteEventRequestCompanion
    SCIKDeleteVoiceNewRequest
    SCIKDeleteVoiceNewRequestCompanion
    SCIKEIotDeviceGenieUpgradeSetting
    SCIKEIotDeviceGenieUpgradeSettingCompanion
    SCIKESIotAppConfig
    SCIKESResultRequestError
    SCIKESResultRequestTimeout
    SCIKGetAppUpTokenRequest
    SCIKGetAppUpTokenRequestCompanion
    SCIKGetEventCalendarRequest
    SCIKGetEventCalendarRequestCompanion
    SCIKGetEventListRequest
    SCIKGetEventListRequestCompanion
    SCIKGetHouseListRequest
    SCIKGetHouseListRequestCompanion
    SCIKGetMegaDeviceListRequest
    SCIKGetMegaDeviceListRequestCompanion
    SCIKGetP2pInfoBySetupCodeRequest
    SCIKGetP2pInfoBySetupCodeRequestCompanion
    SCIKGetProductDataRequest
    SCIKGetProductDataRequestCompanion
    SCIKGetProductListRequest
    SCIKGetProductListRequestCompanion
    SCIKGetShoppingResourceRequest
    SCIKGetShoppingResourceRequestCompanion
    SCIKGetThingListRequest
    SCIKGetThingListRequestCompanion
    SCIKGetVoiceListNewRequest
    SCIKGetVoiceListNewRequestCompanion
    SCIKKtor_client_coreHttpRequestBuilder
    SCIKKtor_client_coreHttpRequestBuilderCompanion
    SCIKKtor_client_coreHttpRequestData
    SCIKKtor_client_coreHttpRequestPipeline
    SCIKKtor_client_coreHttpRequestPipelinePhases
    SCIKKtor_httpHeaderValueParam
    SCIKKtor_httpHeaderValueWithParameters
    SCIKKtor_httpHeaderValueWithParametersCompanion
    SCIKKtor_httpHeadersBuilder
    SCIKNetworkECResponse
    SCIKNetworkECResponseCompanion
    SCIKNetworkESResponse
    SCIKNetworkESResponseCompanion
    SCIKNetworkExchangeKeyRequest
    SCIKNetworkExchangeKeyRequestCompanion
    SCIKNetworkExchangeKeyResponse
    SCIKNetworkExchangeKeyResponseCompanion
    SCIKSetDefaultAttachRequest
    SCIKSetDefaultAttachRequestCompanion
    SCIKTimeZoneRequest
    SCIKTimeZoneRequestCompanion
    SCIKUpdateInfoRequest
    SCIKUpdateInfoRequestCompanion
    SCIKUpdateVoiceNewRequest
    SCIKUpdateVoiceNewRequestCompanion
    SCIKUpdateVoiceRequest
    SCIKUpdateVoiceRequestCompanion
    SCIKUpgradeRomRequest
    SCIKUpgradeRomRequestCompanion
    SCIKUploadFileToken
    SCIKUploadFileTokenCompanion
    SCIKUploadVoiceNewRequest
    SCIKUploadVoiceNewRequestCompanion
    SCIKUploadVoiceRequest
    SCIK_OtaNetApiImpl
    SCIK_OtaNetApiProvider
    SCMLImageSanitizationSignal
    SCMLImageSanitizerRequest
    SCMLTextSanitizationSignal
    SCMLTextSanitizerRequest
    SCNActionRotate
    SCPaymentComponent.SCCenterCancelOrderRequestModel
    SCPaymentComponent.SCCenterDraftOrderListRequestModel
    SCPaymentComponent.SCCenterNewOrderRequestModel
    SCPaymentComponent.SCCenterNewPaymentRequestModel
    SCPaymentComponent.SCCreatOrderRequestModel
    SCPaymentComponent.SCGoodsListRequestModel
    SCPaymentComponent.SCInAppPurchaseRequestModel
    SCPaymentComponent.SCServerSwitchRequestModel
    SCUpdateAppReviewRequestLastSeenDateCommand
    SDImageRotationTransformer
    SDWebImageDownloadToken
    SDWebImageDownloaderRequestModifier
    SDWebImagePrefetchToken
    SEEndPointBindingAttestationRequestItems
    SEEndPointSignatureResponse
    SEFidoKeySignResult
    SESDesignatedKey
    SESKeyPair
    SESLegacyKeySignResponse
    SESShortLivedKeySignResult
    SFAppEntityAnnotation
    SFAuthenticatedCiphertext_Ivars
    SFBookmarkTouchIconRequest
    SFBrowsingDataDeletionRequest
    SFCiphertext_Ivars
    SFCloudChannelsRequestItem
    SFCollaborationCloudSharingMailRequest
    SFCollaborationCloudSharingRequest
    SFCoordinatedAlertRequest
    SFCoreSpotlightRankingSignals
    SFDefaultBrowserPinnedHeaderView
    SFDeviceAssetRequestConfiguration
    SFDomainSubscriptionRequestItem
    SFECDHKeySource_Ivars
    SFECDHOperation_Ivars
    SFEC_X962SigningOperation_Ivars
    SFEndNetworkSearchFeedback
    SFEngagementSignal
    SFFileVaultRecoveryKeySaveRequest
    SFHMACOperation
    SFHMACOperation_Ivars
    SFHMACPseudoRandomFunction
    SFHMACPseudoRandomFunction_Ivars
    SFIESCiphertext_Ivars
    SFKeyPair_Ivars
    SFLinkPreviewHeaderContentView
    SFMailRankingSignals
    SFMessageSessionRequestEntry
    SFNetworkAttachment
    SFPersonHeaderCardSection
    SFPrivacyRedesignBannerCell
    SFPrivacyReportSubheaderTableViewCell
    SFQRImageHeaderView
    SFRSAKeyPair
    SFRSASigningOperation
    SFRSASigningOperation_Ivars
    SFRSA_PSSSigningOperation
    SFRSA_PSSSigningOperation_Ivars
    SFRequestAppClipInstallCommand
    SFRequestMessage
    SFRequestParameters
    SFRequestProductPageCommand
    SFRequestUserReportCommand
    SFResignPinPairingPresenter
    SFSafariViewControllerPrewarmingToken
    SFSectionHeaderCardSection
    SFSessionRequestInfo
    SFShowPurchaseRequestSheetCommand
    SFShowScreenTimeRequestSheetCommand
    SFSignedData_Ivars
    SFSiriRequest
    SFSiteCardRedesignCell
    SFSpeechAudioBufferRecognitionRequest
    SFSpeechRecognitionRequest
    SFSpeechURLRecognitionRequest
    SFSportsSubscriptionRequestItem
    SFStartNetworkSearchFeedback
    SFStartPageSectionHeader
    SFStartPageSectionHeaderTitleView
    SFSwipeToTabOverviewTipCoordinator
    SFTableHeaderRowCardSection
    SFTelephonyURLRequest
    SFToken
    SFTokenBucket
    SFTokenBucketWithDups
    SFUserReportRequest
    SFVisibleSectionHeaderFeedback
    SFWrappedKeyCiphertext
    SFWrappedKeyCiphertext_Ivars
    SGMailHeaders
    SHAMPConfigurationRequester
    SHAMSEndpointRequester
    SHAMSPaginatedEndpointRequester
    SHAnnouncementsRequester
    SHCampaignTokens
    SHCoalescedSignature
    SHJSONLDataDetokenizer
    SHMatcherRequest
    SHMutableSignature
    SHNetworkDownloadResponse
    SHNetworkDownloadUtilities
    SHNetworkResponse
    SHRecordRequest
    SHReferenceSignature
    SHRotatingInstallationID
    SHSheetContentDataSourceChangeRequest
    SHSignature
    SHSignatureAlignment
    SHSignatureBatchMatcher
    SHSignatureBuffer
    SHSignatureCrop
    SHSignatureDataRepresentationValidator
    SHSignatureGenerationRequest
    SHSignatureGenerator
    SHSignatureMatchRequest
    SHSignatureMetrics
    SHTokenizedURL
    SIBaseNetworkE5RT
    SIBaseNetworkEspresso
    SINetworkConfiguration
    SINetworkResources
    SIPeopleSegmentationNetworkConfiguration
    SIPersonDetectorNetworkConfiguration
    SIRotation
    SISceneSegmentationNetworkConfiguration
    SISchemaPNRTextToSpeechRequestReceived
    SISchemaRequestLink
    SISchemaRequestLinkInfo
    SISchemaTRPRequestLink
    SISchemaTurnMTERequest
    SISchemaTypingRequestTrace
    SISchemaUEIDictationTranscriptionTokenized
    SISchemaUEIDictationVoiceCommandUndoTapAction
    SISchemaUEIRequestCategorization
    SKAdNetwork
    SKHandleInvalidReceiptRequest
    SKInstallSheetStatusUpdateRequest
    SKPaymentAppleIDAuthorizationRequest
    SKPresenceValidationToken
    SKProductsRequest
    SKProductsRequestInternal
    SKReceiptRefreshRequest
    SKRequest
    SKRequestInternal
    SKRotate
    SKRotationConstraint
    SKStatusPublishRequest
    SKStatusSubscriptionValidationTokenResult
    SKStorePageRequest
    SKSubscriptionValidationTokens
    SLCollaborationSigningController
    SLDCollaborationSigningService
    SLShareableContentInitiatorRequest
    SNClassifySoundRequest
    SNCopyFilesRequest
    SNCorrelateAudioRequest
    SNCreateFeaturePrintRequest
    SNDeleteFilesRequest
    SNDetectSignalThresholdRequest
    SNDetectSoundActionsRequest
    SNDetectSoundRequest
    SNDetectSpeechUtteranceRequest
    SNDiscoverFileServerRequest
    SNEstimateAudioOffsetRequest
    SNEstimateDirectionOfArrivalRequest
    SNEstimateSpeechDistanceRequest
    SNEstimateSpeechEmotionRequest
    SNExceptionRequest
    SNGenerateShazamSignatureRequest
    SNKShotSegmentationRequest
    SNListFilesRequest
    SNMeasureLKFSRequest
    SNMovieRemixRequest
    SNNullRequest
    SNShazamSignatureResult
    SNSignalThresholdResult
    SOAuthorizationRequest
    SOAuthorizationRequestParameters
    SORequestQueue
    SORequestQueueItem
    SPAccessoryDiscoveryPairingStatusRequest
    SPCBPeripheralKeyRequest
    SPCBPeripheralKeyRequestParameters
    SPCrypto
    SPFirmwareUpdateSession
    SPFirmwareUpdateStateResult
    SPIAsrRequestEndedOrFailedOrCancelledEventContext
    SPIAsrRequestStartedOrChangedEventContext
    SPIOrchCdmRequestEndedEventContext
    SPIOrchCdmRequestFailedEventContext
    SPIOrchCdmRequestStartedEventContext
    SPIOrchExecutionRequestReceivedEventContext
    SPIOrchPommesRequestEndedEventContext
    SPIOrchPommesRequestFailedEventContext
    SPIOrchPommesRequestStartedEventContext
    SPIOrchRequestCancelledEventContext
    SPIOrchRequestEndedEventContext
    SPIOrchRequestFailedEventContext
    SPIOrchRequestStartedEventContext
    SPITtsRequestReceivedEventContext
    SPIUeiRequestCategorizationEventContext
    SPNetworkMonitor
    SPRPINCrypto
    SPRTransactionBatchSignature
    SPRTransactionSignature
    SPRVASRequest
    SSAppWakeRequest
    SSAskPermissionActionRequest
    SSAuthenticateRequest
    SSAuthorizationRequest
    SSDownloadManifestRequest
    SSFamilyCircleRequest
    SSHTTPServerRequestHandler
    SSImportDownloadToIPodLibraryRequest
    SSInstallAttributionParamsRequest
    SSInstallAttributionPingbackRequest
    SSItemLookupRequest
    SSKeybagRequest
    SSLookupRequest
    SSMachineDataRequest
    SSMutableURLRequestProperties
    SSNetworkConstraints
    SSNetworkQualityInquiry
    SSPersonalizeOffersRequest
    SSPlayInfoRequest
    SSPlayInfoRequestContext
    SSPurchaseIntentActionRequest
    SSPurchaseRequest
    SSPushNotificationTokenRequest
    SSRedeemCodesRequest
    SSRemoteWebViewRequest
    SSRentalCheckinRequest
    SSRentalCheckoutRequest
    SSRentalInformationRequest
    SSRentalSyncRequest
    SSRequest
    SSSoftwareUpdatesRequest
    SSURLConnectionRequest
    SSURLRequestProperties
    SSVApplicationCapabilitiesRequest
    SSVClaimApplicationsRequest
    SSVCloudServiceAPITokenRequest
    SSVCloudServiceAPITokenResponse
    SSVCloudServiceCapabilitiesRequest
    SSVDisableSubscriptionRequest
    SSVDownloadQueueRequest
    SSVEnableSubscriptionRequest
    SSVGratisRequestBody
    SSVInstallManagedApplicationRequest
    SSVKeybagSyncRequest
    SSVLeaseCertificateRequestOperation
    SSVLeaseRequestOperation
    SSVMediaContentTasteUpdateRequest
    SSVMediaSocialPostRequest
    SSVPlatformRequestOperation
    SSVPlaybackKDLeaseRequest
    SSVPlaybackLeaseRequest
    SSVPlaybackSubscriptionLeaseRequest
    SSVPushNotificationRequest
    SSVRefreshSubscriptionRequest
    SSVRepairApplicationRequest
    SSVSAPSignatureComponent
    SSVSAPSignatureDataSource
    SSVSAPSignaturePolicy
    SSVSecureKeyDeliveryRequestOperation
    SSVServerAuthenticateRequest
    SSVShowDialogRequest
    SSVSubscriptionStatusRequest
    SSWishlistAddItemsRequest
    STAltDistroAppRequestData
    STAskForTimeNotApprovedResponseReceivedUserNotificationContext
    STAskForTimeRequest
    STAskForTimeRequestReceivedUserNotificationContext
    STAskForTimeRequestResponse
    STAskToManageContactsNotApprovedResponseReceivedUserNotificationContext
    STAskToManageContactsRequestReceivedUserNotificationContext
    STFetchResultsRequest
    STRegionRatingsRequestOptions
    STSchemaQUTokenParseInfo
    STSchemaSTAnswerSynthesisRequestEnded
    STSchemaSTAnswerSynthesisRequestFailed
    STSchemaSTAnswerSynthesisRequestStarted
    STSchemaSTGlobalSearchRequestEnded
    STSchemaSTGlobalSearchRequestFailed
    STSchemaSTGlobalSearchRequestStarted
    STSchemaSTLLMQURequestEnded
    STSchemaSTLLMQURequestFailed
    STSchemaSTLLMQURequestStarted
    STSchemaSTSpotlightRequestEnded
    STSchemaSTSpotlightRequestFailed
    STSchemaSTSpotlightRequestStarted
    STStatusBarDataNetworkEntry
    STUsageRequest
    SUGSchemaSUGRequestContext
    SUGSchemaSUGRequestEnded
    SUGSchemaSUGRequestFailed
    SUGSchemaSUGRequestStarted
    SUGSchemaSUGSiriHelpSignal
    SUIKSearchResultCollectionViewSectionHeader
    SUTSchemaTestGeneratedRequestId
    SWSignedPersonIdentityProof
    SYDocumentAttributesFetchRequest
    SYDocumentFetchRequest
    SYLastModifiedDocumentFetchRequest
    SYNotesActivationRequest
    SYReturnToDocumentRequest
    SYReturnToSenderRequest
    Sage.ClassificationXPCRequest
    Sage.SummarizationXPCRequest
    ScreenTimeCore.AccessRequest
    SecCBORUnsigned
    SecEscrowRequest
    SecureBackupBeginPasscodeRequestResults
    SessionAssertion.SessionRequestAssertion
    Settings.NavigationToken
    SettingsHost.SettingsSearchIndexableItemsFetchRequest
    SignalCompression.SignalDecoder
    SignalCompression.SignalEncoder
    SignatureAlignmentTracker
    SignatureAlignmentTrackerResult
    SigningKey
    SigningPublicKey
    SignpostAggregation
    SignpostAggregationAccumulator
    SignpostAggregationAccumulatorEntry
    SignpostAggregationGroup
    SignpostAggregationGroupDuration
    SignpostAggregationGroupMeasuredValue
    SignpostAggregationValueStats
    SignpostAnimationAccumulatedState
    SignpostAnimationInterval
    SignpostAnimationOverrunQuery
    SignpostAnimationSubInterval
    SignpostAnimationTransactionLifetime
    SignpostAnimationsUnionInterval
    SignpostCAInstrumentationProcessor
    SignpostCAIntervalAggregationStats
    SignpostCAProcessStallAggregation
    SignpostCAStallAggregation
    SignpostCAStallAggregationBuilder
    SignpostClientDrawableInterval
    SignpostCommitInterval
    SignpostContextFrameLifetime
    SignpostContextInfo
    SignpostEvent
    SignpostFrameAccumulatedState
    SignpostFrameLatencyInterval
    SignpostFrameLifetimeInterval
    SignpostFrameOverrunInterval
    SignpostFrameStatistics
    SignpostGPURenderInterval
    SignpostHIDLatencyInterval
    SignpostImageQueueSampleEvent
    SignpostInterval
    SignpostIntervalBuilder
    SignpostMetrics
    SignpostMetricsSnapshotter
    SignpostObject
    SignpostRenderAccumulatedState
    SignpostRenderServerRenderInterval
    SignpostSerializationFilterConfiguration
    SignpostStackFrame
    SignpostStatisticsAggregation
    SignpostStreamEvent
    SignpostSupportAnimationGraceTimeController
    SignpostSupportCompositorInterval
    SignpostSupportExactProcessNameAllowlist
    SignpostSupportExactProcessNameBlacklist
    SignpostSupportExactProcessNameBlocklist
    SignpostSupportExactProcessNameFilter
    SignpostSupportExactProcessNameWhitelist
    SignpostSupportLogMessage
    SignpostSupportMachTimeTranslationRange
    SignpostSupportMachTimeTranslator
    SignpostSupportMessageArgument
    SignpostSupportMetadataSegment
    SignpostSupportObject
    SignpostSupportObjectExtractor
    SignpostSupportObjectFilter
    SignpostSupportObjectSerializer
    SignpostSupportPIDAllowlist
    SignpostSupportPIDBlacklist
    SignpostSupportPIDBlocklist
    SignpostSupportPIDFilter
    SignpostSupportPIDWhitelist
    SignpostSupportSerializabledObjectCollection
    SignpostSupportSubsystemCategoryAllowlist
    SignpostSupportSubsystemCategoryBlacklist
    SignpostSupportSubsystemCategoryBlocklist
    SignpostSupportSubsystemCategoryFilter
    SignpostSupportSubsystemCategoryFilterEntry
    SignpostSupportSubsystemCategoryWhitelist
    SignpostSupportUniquePIDAllowlist
    SignpostSupportUniquePIDBlacklist
    SignpostSupportUniquePIDBlocklist
    SignpostSupportUniquePIDFilter
    SignpostSupportUniquePIDWhitelist
    SignpostSupportValueStats
    SignpostUpdateSequenceInterval
    SiriAnalytics.UserHistoryDeletionRequestObserver
    SiriAnalyticsTimeAnnotatedMessage
    SiriTTSAudioHintRequest
    SiriTTSAudioRequest
    SiriTTSBaseRequest
    SiriTTSInlineStreamingSignal
    SiriTTSOspreyRequest
    SiriTTSPhonemeRequest
    SiriTTSPreviewRequest
    SiriTTSService.RequestParsingAction
    SiriTTSService.RequestPreprocessAction
    SiriTTSService.SignpostHandler
    SiriTTSSpeechRequest
    SiriTTSSynthesisEngineRequest
    SiriTTSSynthesisRequest
    SocialLayer.CloudKitCollaborationInitiationRequest
    SocialLayer.FileProviderCollaborationInitiationRequest
    SocialLayer.ThirdPartyCollaborationInitiationRequest
    SoundAnalysis.SNDetectSignalThresholdRequestImpl
    SoundAnalysis.SNShazamSignatureGenerator
    SoundCloud.KeychainTokenStore
    SoundCloud.NetworkTransfer
    SoundCore.CMDOTA
    SoundCore.ContentBrainwaveHeaderView
    SoundCore.ContentCalmBrandHeaderView
    SoundCore.ContentHeaderTitleView
    SoundCore.ContentHeaderView
    SoundCore.Custom_Mj_X_RefreshHeader
    SoundCore.HeaderView
    SoundCore.MyLiabrayHeaderView
    SoundCore.NetworkEventProducer
    SoundCore.NewDescoveryArticleHeader
    SoundCore.PAGRefreshHeader
    SoundCore.S2DeviceFirmwareDataModel
    SoundCore.S2DeviceFirmwareModel
    SoundCore.SC3136LightEffectGetRequestModel
    SoundCore.SC3136LightEffectSaveRequestModel
    SoundCore.SC3DProductZipRequest
    SoundCore.SCA3004MoreBaseHeaderView
    SoundCore.SCA3062ControlHeaderView
    SoundCore.SCA3116CMDOTA
    SoundCore.SCA3165CMDOTA
    SoundCore.SCA3165CustomHeaderView
    SoundCore.SCA3300MoreInfoDeviceInfoTableViewCell
    SoundCore.SCA3372UploadHDFSRequestModel
    SoundCore.SCA3600VoiceCmdCheckRequestModel
    SoundCore.SCA3600VoiceCmdRequestModel
    SoundCore.SCA3936MixEqReusableHeaderView
    SoundCore.SCA3952DeviceListHeaderView
    SoundCore.SCA3952ProfessionalHeaderView
    SoundCore.SCA3953DeviceListHeaderView
    SoundCore.SCA3956EQNetworkPresenter
    SoundCore.SCA3956NoNetworkView
    SoundCore.SCA3956UpdateWallPaperRequestModel
    SoundCore.SCA3956WallPaperRequestModel
    SoundCore.SCA3956XBoxOtaCmd
    SoundCore.SCA3956XOtaCmd
    SoundCore.SCA6610FavoriteSleepMusicHeader
    SoundCore.SCA6610FavoriteSleepMusicHeaderView
    SoundCore.SCA6610MusicRedDotRequestModel
    SoundCore.SCA6610MusicRequestModel
    SoundCore.SCA6610SleepQualityDayRequestModel
    SoundCore.SCA6610SleepQualityRequestModel
    SoundCore.SCA6610SleepQualitySaveRequestModel
    SoundCore.SCA6611AddSoundsImageHeaderView
    SoundCore.SCA6611AddSoundsTextHeaderView
    SoundCore.SCA6611GuideRequest
    SoundCore.SCA6611MoreDefaultModeHeaderView
    SoundCore.SCA6611MyLiabrayMainHeaderCell
    SoundCore.SCA6611MyLiabrayMainHeaderView
    SoundCore.SCA6611NoNetworkView
    SoundCore.SCA6611RecommendedYListRequestModel
    SoundCore.SCA6611RequestManager
    SoundCore.SCA6611SetSleepSceneRequestModel
    SoundCore.SCA6611SleepQualityReportRequestModel
    SoundCore.SCA6611SleepRemindPushGetRequest
    SoundCore.SCA6611SleepRemindPushSetRequest
    SoundCore.SCA6611SleepReportRequestModel
    SoundCore.SCA6611SleepSettingRequestModel
    SoundCore.SCA6611SleepSnoreReportRequestModel
    SoundCore.SCA6611SleepSoundReportRequestModel
    SoundCore.SCA6611SleepStatisticRequestModel
    SoundCore.SCA6611SleepSyncRemindRequestModel
    SoundCore.SCA6611SleepTargetRequestModel
    SoundCore.SCA6611SoundMixAddRequestModel
    SoundCore.SCA6611SoundMixDislikeRequestModel
    SoundCore.SCA6611SoundMixFindRequestModel
    SoundCore.SCA6611SoundMixFirmwareDeleteRequestModel
    SoundCore.SCA6611SoundMixLikeRequestModel
    SoundCore.SCA6611SoundMixListRequestModel
    SoundCore.SCA6611SoundMixUpdateRequestModel
    SoundCore.SCA6611UsageTipsRequestModel
    SoundCore.SCA6611WhiteNoiseDIYListRequestModel
    SoundCore.SCAIChatAudioDataRequestModel
    SoundCore.SCANetworkRequestModel
    SoundCore.SCANetworkResponseModel
    SoundCore.SCARListRequestModel
    SoundCore.SCASectionHeaderView
    SoundCore.SCAUploadRequestModel
    SoundCore.SCAccessTokenRequestModel
    SoundCore.SCAlertSettingHeader
    SoundCore.SCAmbientSoundHeaderView
    SoundCore.SCAudioConfigRequestModel
    SoundCore.SCAudioEncryRequestModel
    SoundCore.SCBoxSettingHeaderFooterSectionView
    SoundCore.SCBoxSettingTableHeaderView
    SoundCore.SCChatSettingsDltRequestModel
    SoundCore.SCChatSettingsRequestModel
    SoundCore.SCCheckDeviceTokenRequestModel
    SoundCore.SCCleanRemindGetRequestModel
    SoundCore.SCCommunityPermissionRequestModel
    SoundCore.SCCommunityRequestModel
    SoundCore.SCCommunityUrlRequestModel
    SoundCore.SCConfigRequestModel
    SoundCore.SCConfirmBurnTokenRequestModel
    SoundCore.SCConfirmWhetherToShowCustomEQRequestModel
    SoundCore.SCContentRequestModel
    SoundCore.SCCreateHeard3Request
    SoundCore.SCCustomUISettingsBHeaderView
    SoundCore.SCD1024BoxOtaCmd
    SoundCore.SCD1301AudioLibrayNewRequestModel
    SoundCore.SCD1301AudioLibrayRequestModel
    SoundCore.SCD1301CalmSectionHeaderView
    SoundCore.SCD1301RequestDeviceDataModel
    SoundCore.SCD1301ResourceRequestModel
    SoundCore.SCD1301SleepRemindPushGetRequest
    SoundCore.SCD1301TotalSleepViewController
    SoundCore.SCD1301UsageTipsRequestModel
    SoundCore.SCD1900OtaCmd
    SoundCore.SCD1900WifiNetworkManager
    SoundCore.SCD1990SelectWifiHeaderView
    SoundCore.SCD3200OTACoordinator
    SoundCore.SCDP02OtaViewModel
    SoundCore.SCDebounceNetworkManager
    SoundCore.SCDeviceTokenResultRequestModel
    SoundCore.SCEQCollectionHeaderView
    SoundCore.SCEQListHeaderView
    SoundCore.SCEncKeyRequestModel
    SoundCore.SCFeatureInterceptor
    SoundCore.SCFeedbackRequestModel
    SoundCore.SCFlutterFullPathRequestModel
    SoundCore.SCFlutterRequestModel
    SoundCore.SCGetHeard3ListRequest
    SoundCore.SCGrammyEQHeaderView
    SoundCore.SCHPLifeEQHeaderView
    SoundCore.SCHearIDAdvanceHeaderView
    SoundCore.SCHearIDEQCollectionHeaderView
    SoundCore.SCHearIdDelRequestModel
    SoundCore.SCHearIdModifyProductRequestModel
    SoundCore.SCHearIdRequestModel
    SoundCore.SCLUMAlbumCollectRequestModel
    SoundCore.SCLUMBannerRequestModel
    SoundCore.SCLUMDoActionRequestModel
    SoundCore.SCLUMFavouriteDeleteRequestModel
    SoundCore.SCLUMFavouriteListRequestModel
    SoundCore.SCLUMOnResutRequestModel
    SoundCore.SCLUMPlayListAlbumRequestModel
    SoundCore.SCLUMPlayListFavouriteCreateRequestModel
    SoundCore.SCLUMPlayListFavouriteItemDeleteRequestModel
    SoundCore.SCLUMPlayListFavouriteItemRequestModel
    SoundCore.SCLUMPlayListHomeRequestModel
    SoundCore.SCLUMPlayListLikeMusicAppendRequestModel
    SoundCore.SCLUMPlayListLikeMusicRemoveRequestModel
    SoundCore.SCLUMPlayListListRequestModel
    SoundCore.SCLUMPlayListRequestModel
    SoundCore.SCLUMPlayListTypeRequestModel
    SoundCore.SCLUMUsageSkillRequestModel
    SoundCore.SCLibertyCustomEqRequestPresenter
    SoundCore.SCLibertyGrammyEQHeaderView
    SoundCore.SCLibertyHearIDOverlayEQHeaderView
    SoundCore.SCLibertyMiddleTitleHeaderView
    SoundCore.SCLibertyPresetEQHeaderView
    SoundCore.SCLibertyTitleHeaderView
    SoundCore.SCLifeBesV3OTA
    SoundCore.SCLifeBluetrumOTA
    SoundCore.SCLifeJieliOTA
    SoundCore.SCLifeOTA
    SoundCore.SCLifeWQOTA
    SoundCore.SCLogUploadRequestModel
    SoundCore.SCLuckyRotationAnimation
    SoundCore.SCLuckyRotationGame
    SoundCore.SCLuckyRotationGestureView
    SoundCore.SCMessageHeaderView
    SoundCore.SCMusicAndMoreSectionHeaderView
    SoundCore.SCMusicHealingAccessTokenRequestModel
    SoundCore.SCNetworkBaseViewController
    SoundCore.SCNetworkResponseParser
    SoundCore.SCNewbieTasksReportRequestModel
    SoundCore.SCNewbieTasksRequestModel
    SoundCore.SCOTABridgeJieli
    SoundCore.SCPushTokenRequestModel
    SoundCore.SCRaveCheckFirmwareViewController
    SoundCore.SCRaveFirmwareDisconnectView
    SoundCore.SCRaveFirmwareInfoView
    SoundCore.SCRaveFirmwareUpdateCheckView
    SoundCore.SCRemindCheckinRequestModel
    SoundCore.SCRemindResetRequestModel
    SoundCore.SCRotationGestureRecognizer
    SoundCore.SCSituatedRequestModel
    SoundCore.SCStreamCTREncryptor
    SoundCore.SCTinnitusAudioListRequestModel
    SoundCore.SCTinnitusDeleteRequestModel
    SoundCore.SCTinnitusGetRequestModel
    SoundCore.SCTinnitusSaveRequestModel
    SoundCore.SCTinnitusSectionHeader
    SoundCore.SCTranslateLanguageRequestModel
    SoundCore.SCUnifiedAudioCalmHeaderView
    SoundCore.SCWelcomeRequestModel
    SoundCore.SCWhiteNoiseBgRequestModel
    SoundCore.SCWhiteNoiseDIYListRequestModel
    SoundCore.SCWhiteNoiseDIYSaveRequestModel
    SoundCore.SCWhiteNoiseDeletedRequestModel
    SoundCore.SCWhiteNoiseMineRequestModel
    SoundCore.SCWhiteNoiseRandomRequestModel
    SoundCore.SCWhiteNoiseRecommandRequestModel
    SoundCore.SCWifiCredentialEncryptor
    SoundCore.SCrotationPanGesture
    SoundCore.SectionHeaderView
    Speech.AssetInstallationRequest
    Speech.AssetsInstallationRequest
    Speech.RequestEndMetrics
    Speech.SignpostHelper
    SpeechKitAuthHeaderRouting
    SpeechKitAuthHeaderRoutingHeaderConfig
    SpeechKitAuthHeaderRoutingPlugin
    SpeechKitCipherPadding
    SpeechKitCipherPaddingCompanion
    SpeechKitEcdhKeyUtils
    SpeechKitKtor_client_coreHttpRequestBuilder
    SpeechKitKtor_client_coreHttpRequestBuilderCompanion
    SpeechKitKtor_client_coreHttpRequestData
    SpeechKitKtor_client_coreHttpRequestPipeline
    SpeechKitKtor_client_coreHttpRequestPipelinePhases
    SpeechKitKtor_httpHeaderValueParam
    SpeechKitKtor_httpHeaderValueWithParameters
    SpeechKitKtor_httpHeaderValueWithParametersCompanion
    SpeechKitKtor_httpHeadersBuilder
    SpeechKitNetworkConfigManager
    SpeechKitSecurityCryptoRouting
    SpeechKitSecurityCryptoRoutingContains
    SpeechKitSecurityCryptoRoutingPlugin
    SpeechKitSecurityCryptoRoutingSecurityCryptoConfig
    SpeechKitSpeechRequest
    SpeechKitSpeechRequestCompanion
    SpeechKitWsRequest
    SpeechKitWsRequestCompanion
    SqfliteSqlCipherBatchOperation
    SqfliteSqlCipherDatabase
    SqfliteSqlCipherMethodCallOperation
    SqfliteSqlCipherOperation
    SqfliteSqlCipherPlugin
    StocksCore.NetworkMonitor
    StocksCore.SDSAuthTokenManager
    StocksCore.SDSAuthTokenRefresher
    StocksCore.SDSAuthTokenService
    StocksCore.SparklinesRequestSigner
    StoreKit.InvalidRequestServerError
    SwiftData.DataStoreSaveChangesRequestBuilder
    SwiftUI.ListCollectionViewHeaderFooter
    SwiftUI.ListTableViewHeaderFooter
    SwiftUI.TableGlobalHeader
    SwiftUI.TextDesignModifier
    SynchronousQueueSchedulerCancelationToken
    TCTokenDifference
    TCTokenDifferenceManager
    TCTokenEdit
    TCTokenInfo
    TDMToken
    TICandidateRequestToken
    TIKeyboardInputManagerClientRequest
    TIWordTokenizer
    TKClientToken
    TKClientTokenAdvertisedItem
    TKClientTokenObject
    TKClientTokenSession
    TKExtensionClientToken
    TKExtensionClientTokenObject
    TKExtensionClientTokenSession
    TKRegisteredTokenManager
    TKSEPClientToken
    TKSEPClientTokenObject
    TKSEPClientTokenSession
    TKSmartCardSessionRequest
    TKSmartCardStateRequest
    TKSmartCardToken
    TKSmartCardTokenDriver
    TKSmartCardTokenRegistrationManager
    TKSmartCardTokenRegistrationXPCClient
    TKSmartCardTokenSession
    TKToken
    TKTokenAccessDBBackedByUserDefaults
    TKTokenAccessRegistry
    TKTokenAccessRequest
    TKTokenAccessUserPromptInfo
    TKTokenAccessUserPromptNoop
    TKTokenAccessUserPromptRemoteAlertSB
    TKTokenAuthOperation
    TKTokenBaseContext
    TKTokenConfiguration
    TKTokenConfigurationConnection
    TKTokenConfigurationConnectionProxy
    TKTokenConfigurationTransaction
    TKTokenConnection
    TKTokenDriver
    TKTokenDriverConfiguration
    TKTokenDriverContext
    TKTokenDriverRequest
    TKTokenID
    TKTokenKeyAlgorithm
    TKTokenKeyExchangeParameters
    TKTokenKeychainCertificate
    TKTokenKeychainContents
    TKTokenKeychainItem
    TKTokenKeychainKey
    TKTokenPasswordAuthOperation
    TKTokenService_Subsystem
    TKTokenSession
    TKTokenSessionConnection
    TKTokenSmartCardPINAuthOperation
    TKTokenWatcher
    TKTokenWatcherProxy
    TKTokenWatcherTokenInfo
    TLAttentionAwarenessEffectAudioTapContext
    TLKHeaderView
    TLKSectionHeaderView
    TLKSplitHeaderView
    TLKTableHeaderRow
    TOTAConnectCMD
    TPSAnalyticsEventServiceRequest
    TPSContextualBiomeDiscoverabilitySignalsEvent
    TPSNetworkPathMonitor
    TREraseAnisetteDataRequest
    TRFetchAnisetteDataRequest
    TRHandshakeRequest
    TRHeartbeatRequest
    TRIAssignment
    TRIBackgroundMLTaskAssignmentLanguage
    TRICoreMLAssignmentLanguage
    TRICoreMlassignmentRoot
    TRINSExpressionAssignmentLanguage
    TRIPBGeneratedCodeInfo_Annotation
    TRIPersistedNetworkBehavior
    TRIPlanOutAssignmentLanguage
    TRIPlanOutAssignmentRoot
    TRIRolloutAssignment
    TRIRolloutAssignmentLanguage
    TRIRolloutAssignmentLanguage_ExplicitBuckets
    TRISubjectRotationNotification
    TRITriassignmentRoot
    TRITripersistedNetworkBehaviorRoot
    TRIUIAssignment
    TRIUIAssignmentLanguage
    TRIUIAssignment_ExplicitBuckets
    TRIUiassignmentRoot
    TRLegacyAnisetteDataRequest
    TRNetworkOperation
    TRNetworkOperationHandler
    TRProvisionAnisetteDataRequest
    TRRequestMessage
    TRSetupActivationRequest
    TRSetupCompanionAuthenticationRequest
    TRSetupCompletionRequest
    TRSetupConfigurationRequest
    TRSetupNetworkRequest
    TRSetupNetworkResponse
    TRSetupProxyAuthenticationRequest
    TRSetupProxyDeviceRequest
    TRSyncAnisetteDataRequest
    TSgPTPNetworkPort
    TTMSchemaTTMNeuralCombinerRequestContext
    TTMSchemaTTMNeuralCombinerRequestEnded
    TTMSchemaTTMNeuralCombinerRequestFailed
    TTMSchemaTTMNeuralCombinerRequestStarted
    TTMSchemaTTMOverrideRequestContext
    TTMSchemaTTMOverrideRequestEnded
    TTMSchemaTTMOverrideRequestFailed
    TTMSchemaTTMOverrideRequestStarted
    TTMSchemaTTMRequestContext
    TTMSchemaTTMRequestEnded
    TTMSchemaTTMRequestFailed
    TTMSchemaTTMRequestStarted
    TTSSchemaTTSRequestReceived
    TTSSchemaTTSRequestReceivedTier1
    TTSSpeechRequest
    TUAnswerRequest
    TUBatchFetchRequestProcessingResult
    TUCallAcceptRecordingRequest
    TUCallDenyRecordingRequest
    TUCallRecordingRequest
    TUCallRecordingRunningRequest
    TUCallStartInternalRecordingRequest
    TUCallStartRecordingRequest
    TUCallStopRecordingRequest
    TUCallTranslationRequest
    TUCallTranslationRequestConfiguration
    TUCallTranslationStartRequest
    TUCallTranslationStopRequest
    TUContactsDataProviderFetchRequest
    TUConversationActivityCreateSessionRequest
    TUDialRequest
    TUDiscoverabilitySignal
    TUJoinContinuityConversationRequest
    TUJoinConversationRequest
    TUMediaTokens
    TUMomentsMediaRecordRequest
    TUMomentsMessageSendRequest
    TUMutableConversationActivityCreateSessionRequest
    TUScreenSharingRequest
    TUScreenSharingRequestMetadata
    TUScreeningRequest
    TUSmartHoldingRequest
    TUSmartHoldingSessionRequest
    TUSmartHoldingSessionUpdateRequest
    TZImageRequestOperation
    TeaFoundation.AuthTokenService
    TeaFoundation.BackgroundNetworkSession
    TeaFoundation.DeinitSignal
    TeaFoundation.NetworkActivitySession
    TeaFoundation.NetworkOperationURLSessionDelegate
    TeaFoundation.NetworkReachability
    TeaFoundation.StubNetworkProxy
    TelephonyUI.TPTipHeaderView
    TelinkOtaManager
    TetraPublicSigningKeyWrapper
    TetraSigningKeyWrapper
    TextToSpeech.StreamingTokenizer
    TextToken
    TileRenderRequest
    TipsCore.NetworkMonitor
    TokenEnumeratorContext
    TokenGeneration.ClassificationGenerator
    TokenGeneration.EmbeddingGenerator
    TokenGeneration.FoundationModelsExtensionInfo
    TokenGeneration.InferenceRequestInstrumentation
    TokenGeneration.InferenceRequestTransparency
    TokenGeneration.TokenGenerator
    TokenGeneration.ToolCallMeter
    TokenGeneration._UseCaseConfiguration
    TokenGenerationCore.EarleyRecognizer
    TokenGenerationCore.LegacyTokenIDToTextConverterImpl
    TokenGenerationCore.Lock
    TokenGenerationCore.MaskCache
    TokenGenerationCore.PromptPreprocessingTemplateV6Convention
    TokenGenerationCore.PromptPreprocessingTemplateV6_1Convention
    TokenGenerationCore.TokenIDToTextConverter
    TokenGenerationCore.TokenIDToTextConverterImpl
    TokenGenerationCore.TokenizerRunner
    TokenGenerationCore.VocabularyManager
    TokenGenerationCore._LoadedModelConfiguration
    TokenRequestParameters
    TokenizerRunnerObjC
    TransparencyIDSRegistrationRequest
    TransparencyIDSRegistrationRequestData
    TrustKit.AdHocSignaturesBackgroundActivity
    TrustKit.SignatureAnalysisDecisioningComponent
    TrustKit.SignaturesBackgroundActivity
    TrustKit.SignaturesSQLiteManager
    TrustKit.SignpostsManager
    UAFAssetSetConsistencyToken
    UIApplicationRotationFollowingController
    UIApplicationRotationFollowingControllerNoTouches
    UIApplicationRotationFollowingControllerView
    UIApplicationRotationFollowingWindow
    UIAssignToContactActivity
    UIAutoRotatingWindow
    UIClientRotationContext
    UICollectionViewTableHeaderFooterView
    UIDictationScoredToken
    UIDictationToken
    UIDidTakeScreenshotAction
    UIKBAutoFillTestTableViewHeaderFooterData
    UIKBAutoFillTestTagRequest
    UIKBCacheToken
    UIKBCacheToken_Key
    UIKBCacheToken_KeyFilledTemplate
    UIKBCacheToken_KeyMask
    UIKBCacheToken_KeyTemplate
    UIKBCacheToken_Keyplane
    UIKeyboardEmojiSectionHeader
    UIKeyboardInputManagerClientRequest
    UIKeyboardRotationState
    UIKit._UISwitchDesignLibraryKnobView
    UIMutableStatusBarStyleRequest
    UIPDFAnnotation
    UIPDFAnnotationController
    UIPDFAnnotationParserDelegate
    UIPDFAnnotationView
    UIPDFCircleAnnotation
    UIPDFFreeTextAnnotation
    UIPDFHighlightAnnotation
    UIPDFHighlightAnnotationView
    UIPDFLineAnnotation
    UIPDFLinkAnnotation
    UIPDFMarkupAnnotation
    UIPDFPopupAnnotation
    UIPDFPopupAnnotationView
    UIPDFSquareAnnotation
    UIPDFSquareOrCircleAnnotation
    UIPDFStampAnnotation
    UIPDFStrikeOutAnnotation
    UIPDFTextAnnotation
    UIPDFUnderlineAnnotation
    UIPDFUnderlineAnnotationView
    UIPPTRequestAction
    UIPointerRegionRequest
    UIPrintImagePDFAnnotationsOption
    UIPrintTableViewHeaderFooterView
    UIPrinterInfoRequest
    UIRotationGestureRecognizer
    UISPasteSharingToken
    UISSceneRequestOptions
    UISUIActivityExtensionItemDataRequest
    UISceneActivationRequestOptions
    UISceneDestructionRequestOptions
    UISceneRequestOptions
    UISceneSessionActivationRequest
    UIScreenshotMetadataRequestAction
    UISearchToken
    UISlidingBarStateRequest
    UIStatusBarDataNetworkItemView
    UIStatusBarSecondaryDataNetworkItemView
    UIStatusBarSecondarySignalStrengthItemView
    UIStatusBarSignalStrengthItemView
    UIStatusBarStyleRequest
    UIStepperDesignLibraryVisualElement
    UISwitchDesignLibraryVisualElement
    UITabSidebarItemRequest
    UITableViewHeaderFooterView
    UITextDragRequest
    UITextDropRequest
    UITextInputStringTokenizer
    UIWKDocumentRequest
    UIWatchKitExtensionRequestAction
    UIWatchKitExtensionRequestActionResponse
    UIWebFormRotatingAccessoryPopover
    UIWebRotatingAlertController
    UIWebRotatingNodePopover
    UIWindowSceneActivationRequestOptions
    UIWindowSceneDestructionRequestOptions
    UIWindowSceneTouchCancellationOnRotationAssertion
    UNNotificationRequest
    UNNotificationTopicRequest
    UNPushNotificationRequestBuilder
    USKToken
    USKToken_helper
    UWBSignalFeatures
    VCCaptionsManagerStreamTokenClientList
    VCCellularAudioTap
    VCCellularAudioTapIO
    VCCryptoInfo
    VCEmulatedNetwork
    VCEmulatedNetworkAlgorithmQueueBandwidth
    VCEmulatedNetworkAlgorithmQueueDelay
    VCEmulatedNetworkAlgorithmQueueLoss
    VCEmulatedNetworkDoubleQueue
    VCEmulatedNetworkDoubleQueueReorder
    VCEmulatedNetworkElement
    VCEmulatedNetworkQueue
    VCEmulatedNetworkSingleQueue
    VCImageRotationConverter
    VCImageRotationConverterBase
    VCMediaAnalyzerManagerStreamTokenClientList
    VCMediaRecorderHistoryRequestContext
    VCMediaRecorderManagerStreamTokenClientList
    VCNetworkAddress
    VCNetworkAgent
    VCNetworkAgentCell
    VCNetworkFeedbackController
    VCNetworkSimulator
    VCPCancelToken
    VCPCoreMLRequest
    VCPHandGestureImageRequest
    VCPHandGestureVideoRequest
    VCPHandPoseImageRequest
    VCPHandPoseVideoRequest
    VCPHumanPoseImageRequest
    VCPHumanPoseVideoRequest
    VCPImageEmbeddingRequest
    VCPMotionFlowRequest
    VCPPetsPoseImageRequest
    VCPPreAnalysisRequests
    VCPRequest
    VCPTextTokenizer
    VCPTextTokenizerT5
    VCRecommendedNetworkSettings
    VCSignedHistogram
    VCVideoSourceTokenManager
    VDAF.XofHmacSha256Aes128
    VFX.GetRotationNode
    VFX.HeaderFileSystem
    VFX.LocalRotateByNode
    VFX.QuaternionFromRotationMatrix3x3Node
    VFX.QuaternionFromRotationMatrix4x4Node
    VFX.RotateActionSystem
    VFX.RotateAroundTargetNode
    VFX.RotateVectorNode
    VFX.RotationBetweenFastNode
    VFX.RotationBetweenNode
    VFX.RotationMatrix3x3FromQuaternionNode
    VFX.RotationMatrix4x4FromQuaternionNode
    VFX.RotationMatrixAroundCenterNode
    VFX.RotationMatrixFromEulerAngleNode
    VFX.RotationNode
    VFX.SignNode
    VFX.SignedSaturateNode
    VFXUSKToken_helper
    VGChargingNetwork
    VGChargingNetworkAvailabilityProvider
    VGChargingNetworkStorage
    VGChargingNetworksStorage
    VIAnnotation
    VIBarcodeAnnotation
    VIBarcodeAnnotationItem
    VIReducePersonOverTriggerAnnotation
    VIReducePersonOverTriggerRegionalAnnotation
    VIRefineRegionRequest
    VIRegionalAnnotation
    VISRotationCorrectionEstimator
    VIScenenetAnnotation
    VIStreamingParseRequest
    VIStreamingSignalExtractionRequest
    VIStreamingSignalExtractionResult
    VITextAnnotation
    VITextBlockAnnotation
    VKARWalkingElevationRequestFailureInfo
    VKAnnotationTrackingCameraController
    VKCImageAnalyzerRequest
    VKCImageAnalyzerRequestVIConfiguration
    VKCRemoveBackgroundRequest
    VKCRemoveBackgroundRequestHandler
    VKCRemoveBackgroundVideoRequest
    VKCRemoveBackgroundVideoRequestHandler
    VKCaptureTextAnalysisRequest
    VKClusterFeatureAnnotation
    VKDaVinciAnnotationTrackingCameraController
    VKImageAnalyzerRequest
    VKMapAnnotationTrackingCameraController
    VKRoadSignArtwork
    VKRouteAnnotation
    VKRouteRangeAnnotationInfo
    VKTestTileRequester
    VKTextInputStringTokenizer
    VKTrafficSignalFeature
    VNANFDDetectorCompoundRequest
    VNANFDDetectorCompoundRequestConfiguration
    VNANFDDetectorCompoundRequestConfigurationGroups
    VNANFDMultiDetectorOriginalRequestInfo
    VNAlignFaceRectangleRequest
    VNAlignFaceRectangleRequestConfiguration
    VNBlurSignature
    VNCalculateImageAestheticsScoresRequest
    VNCalculateImageAestheticsScoresRequestConfiguration
    VNClassifyCityNatureImageRequest
    VNClassifyCityNatureImageRequestConfiguration
    VNClassifyFaceAttributesRequest
    VNClassifyImageAestheticsRequest
    VNClassifyImageAestheticsRequestConfiguration
    VNClassifyImageRequest
    VNClassifyImageRequestConfiguration
    VNClassifyJunkImageRequest
    VNClassifyJunkImageRequestConfiguration
    VNClassifyMemeImageRequest
    VNClassifyPotentialLandmarkRequest
    VNClassifyPotentialLandmarkRequestConfiguration
    VNCompoundRequest
    VNCoreMLRequest
    VNCoreMLRequestConfiguration
    VNCoreSceneUnderstandingCompoundRequest
    VNCoreSceneUnderstandingCompoundRequestConfiguration
    VNCoreSceneUnderstandingCompoundRequestDetectorConfiguration
    VNCoreSceneUnderstandingCompoundRequestDetectorConfigurations
    VNCoreSceneUnderstandingDetectorSignificantEventConfiguration
    VNCreateAnimalprintRequest
    VNCreateDetectionprintRequest
    VNCreateDetectionprintRequestConfiguration
    VNCreateFaceRegionMapRequest
    VNCreateFaceprintRequest
    VNCreateFaceprintRequestConfiguration
    VNCreateImageFingerprintsRequest
    VNCreateImageFingerprintsRequestConfiguration
    VNCreateImageprintRequest
    VNCreateImageprintRequestConfiguration
    VNCreateNeuralHashprintRequest
    VNCreateNeuralHashprintRequestConfiguration
    VNCreateSceneprintRequest
    VNCreateSceneprintRequestConfiguration
    VNCreateSmartCamprintRequest
    VNCreateSmartCamprintRequestConfiguration
    VNCreateTorsoprintRequest
    VNCreateTorsoprintRequestConfiguration
    VNDetectAnimalBodyPoseRequest
    VNDetectAnimalBodyPoseRequestConfiguration
    VNDetectBarcodesRequest
    VNDetectBarcodesRequestConfiguration
    VNDetectContoursRequest
    VNDetectContoursRequestConfiguration
    VNDetectDocumentSegmentationRequest
    VNDetectFace3DLandmarksRequest
    VNDetectFaceCaptureQualityRequest
    VNDetectFaceCaptureQualityRequestConfiguration
    VNDetectFaceExpressionsRequest
    VNDetectFaceGazeRequest
    VNDetectFaceGazeRequestConfiguration
    VNDetectFaceLandmarksRequest
    VNDetectFaceLandmarksRequestConfiguration
    VNDetectFacePoseRequest
    VNDetectFaceRectanglesRequest
    VNDetectFaceRectanglesRequestConfiguration
    VNDetectHorizonRequest
    VNDetectHumanBodyPose3DRequest
    VNDetectHumanBodyPose3DRequestConfiguration
    VNDetectHumanBodyPoseRequest
    VNDetectHumanBodyPoseRequestConfiguration
    VNDetectHumanHandPoseRequest
    VNDetectHumanHandPoseRequestConfiguration
    VNDetectHumanHeadRectanglesRequest
    VNDetectHumanHeadRectanglesRequestConfiguration
    VNDetectHumanRectanglesRequest
    VNDetectHumanRectanglesRequestConfiguration
    VNDetectLensSmudgeRequest
    VNDetectLensSmudgeRequestConfiguration
    VNDetectRectanglesRequest
    VNDetectRectanglesRequestConfiguration
    VNDetectScreenGazeRequest
    VNDetectScreenGazeRequestConfiguration
    VNDetectTextRectanglesRequest
    VNDetectTextRectanglesRequestConfiguration
    VNDetectTrajectoriesRequest
    VNDetectTrajectoriesRequestConfiguration
    VNDetectionprintInferenceNetworkDescriptor
    VNEspressoprintUpgradeDetector
    VNFaceAnalyzerCompoundRequest
    VNFaceAnalyzerCompoundRequestConfiguration
    VNFaceAnalyzerCompoundRequestConfigurationGroups
    VNFaceprintInferenceNetworkDescriptor
    VNFaceprintUpgradeDetector
    VNGenerateAnimalSegmentationRequest
    VNGenerateAnimalSegmentationRequestConfiguration
    VNGenerateAttentionBasedSaliencyImageRequest
    VNGenerateAttentionBasedSaliencyImageRequestConfiguration
    VNGenerateFaceSegmentsRequest
    VNGenerateFaceSegmentsRequestConfiguration
    VNGenerateForegroundInstanceMaskRequest
    VNGenerateForegroundInstanceMaskRequestConfiguration
    VNGenerateGlassesSegmentationRequest
    VNGenerateGlassesSegmentationRequestConfiguration
    VNGenerateHumanAttributesSegmentationRequest
    VNGenerateHumanAttributesSegmentationRequestConfiguration
    VNGenerateImageFeaturePrintRequest
    VNGenerateImageFeaturePrintRequestConfiguration
    VNGenerateImageSegmentationRequest
    VNGenerateImageSegmentationRequestConfiguration
    VNGenerateInstanceMaskGatingRequest
    VNGenerateInstanceMaskGatingRequestConfiguration
    VNGenerateInstanceMaskRequest
    VNGenerateObjectnessBasedSaliencyImageRequest
    VNGenerateObjectnessBasedSaliencyImageRequestConfiguration
    VNGenerateOpticalFlowRequest
    VNGenerateOpticalFlowRequestConfiguration
    VNGeneratePersonInstanceMaskRequest
    VNGeneratePersonInstanceMaskRequestConfiguration
    VNGeneratePersonSegmentationRequest
    VNGeneratePersonSegmentationRequestConfiguration
    VNGenerateSegmentationRequest
    VNGenerateSegmentationRequestConfiguration
    VNGenerateSemanticSegmentationCompoundRequest
    VNGenerateSkySegmentationRequest
    VNGenerateSkySegmentationRequestConfiguration
    VNHomographicImageRegistrationRequest
    VNHomologousObservationClassCompoundRequest
    VNIdentifyJunkRequest
    VNImageAnalyzerCompoundRequest
    VNImageAnalyzerCompoundRequestConfiguration
    VNImageAnalyzerCompoundRequestGroupingConfiguration
    VNImageAnalyzerCompoundRequestGroupingConfigurations
    VNImageBasedRequest
    VNImageBasedRequestConfiguration
    VNImageBlurScoreRequest
    VNImageBlurScoreRequestConfiguration
    VNImageExposureScoreRequest
    VNImageRegistrationRequest
    VNImageRegistrationSignature
    VNImageRequestHandler
    VNImageSignature
    VNImageSignatureDetector
    VNMultiDetectorOriginalRequestInfo
    VNNOPRequest
    VNNOPRequestConfiguration
    VNRecognizeAnimalFacesRequest
    VNRecognizeAnimalHeadsRequest
    VNRecognizeAnimalsRequest
    VNRecognizeDocumentElementsRequest
    VNRecognizeDocumentElementsRequestConfiguration
    VNRecognizeDocumentElementsRequestElementConfiguration
    VNRecognizeDocumentsRequest
    VNRecognizeDocumentsRequestConfiguration
    VNRecognizeFoodAndDrinkRequest
    VNRecognizeObjectsRequest
    VNRecognizeObjectsRequestConfiguration
    VNRecognizeSportBallsRequest
    VNRecognizeTextRequest
    VNRecognizeTextRequestConfiguration
    VNRemoveBackgroundRequest
    VNRemoveBackgroundRequestConfiguration
    VNRequest
    VNRequestAsyncTasksQueueCache
    VNRequestConfiguration
    VNRequestForensics
    VNRequestInstanceCreator
    VNRequestPerformer
    VNRequestPerformingContext
    VNRequestPerformingPriorityGroup1AsyncTasksQueueCache
    VNRequestPerformingPriorityGroup2AsyncTasksQueueCache
    VNRequestSpecifier
    VNRequestSpecifierEquivalenciesRegistrar
    VNSceneClassificationRequest
    VNSceneClassificationRequestConfiguration
    VNSequenceRequestHandler
    VNShotflowNetwork
    VNShotflowNetworkANFDv1
    VNShotflowNetworkANFDv2
    VNShotflowNetworkANODBase
    VNShotflowNetworkANODv3
    VNShotflowNetworkANODv4
    VNShotflowNetworkANODv5
    VNShotflowNetworkANSTv1
    VNSmartCam5CompoundRequest
    VNSmartCam5CompoundRequestGroupingConfiguration
    VNStatefulRequest
    VNStatefulRequestConfiguration
    VNTargetedImageRequest
    VNTargetedImageRequestConfiguration
    VNTorsoprintUpgradeDetector
    VNTrackHomographicImageRegistrationRequest
    VNTrackHomographyRequest
    VNTrackHomographyRequestConfiguration
    VNTrackLegacyFaceCoreObjectRequest
    VNTrackMaskRequest
    VNTrackMaskRequestConfiguration
    VNTrackObjectRequest
    VNTrackOpticalFlowRequest
    VNTrackOpticalFlowRequestConfiguration
    VNTrackRectangleRequest
    VNTrackTranslationalImageRegistrationRequest
    VNTrackingRequest
    VNTrajectoryRequestState
    VNTranslationalImageRegistrationRequest
    VNUniqueObservationClassCompoundRequest
    VNVTPixelRotationSession
    VNVideoProcessorRequestProcessingOptions
    VOSBluetoothSSPPairingRequest
    VSCacheUpdateRequest
    VSPresynthesizedAudioRequest
    VSRecognitionResultHandlingRequest
    VSSpeechRequest
    VectorSearch.Unicode61WrapperTokenizerDataReference
    VectorSearch.UnicodeWrapperTokenizer
    Vision.CalculateFaceLivelinessScoreRequest
    Vision.DetectCameraGazeRequest
    Vision.DetectDeviceGazeRequest
    Vision.DetectHumanBodyPose3DRequest
    Vision.DetectScreenGazeRequest
    Vision.DetectTrajectoriesRequest
    Vision.GeneratePersonSegmentationRequest
    Vision.ImageRequestHandler
    Vision.RequestPerformingContext
    Vision.RequestsPerformer
    Vision.TargetedImageRequestHandler
    Vision.TrackHomographicImageRegistrationRequest
    Vision.TrackMaskRequest
    Vision.TrackObjectRequest
    Vision.TrackOpticalFlowRequest
    Vision.TrackRectangleRequest
    Vision.TrackTranslationalImageRegistrationRequest
    VisionCoreANSTInferenceNetworkDescriptor
    VisionCoreCamGazeNetworkDescriptor
    VisionCoreEspressoNetworkDescriptor
    VisionCoreFaceprintInferenceNetworkDescriptor
    VisionCoreISPInferenceNetworkDescriptor
    VisionCoreISPInferenceNetworkHandObject
    VisionCoreISPInferenceNetworkObject
    VisionCoreISPInferenceNetworkPostProcessingInput
    VisionCoreISPInferenceNetworkPostProcessingOutput
    VisionCoreInferenceNetworkDescriptor
    VisionCorePersonInstanceMaskEspressoInferenceNetworkDescriptor
    VisionCorePersonInstanceMaskInferenceNetworkDescriptor
    VisionCoreSceneNetInferenceNetworkCustomClassifierDescriptor
    VisionCoreSceneNetInferenceNetworkDescriptor
    VisionCoreSemanticSegmentationEspressoInferenceNetworkDescriptorV4
    VisionCoreSemanticSegmentationInferenceNetworkDescriptor
    VisionCoreSmartCam5InferenceNetworkDescriptor
    VisionCoreSmudgeInferenceNetworkDescriptor
    VisionCoreStandAloneSceneprintInferenceNetworkDescriptor
    VisionCoreVideoSegmentationE5NetworkDescriptor
    VisionCoreVideoSegmentationInferenceNetworkDescriptor
    VisionSignalGradingEntry
    VisionSignalGradingVisionGrade
    VisionSignalGradingVisionGradeEvent
    VisualLookUp.AnnotationExtractorProcessor
    VisualLookUp.BarcodeDetectionRequestFactory
    VisualLookUp.CameraAdditionalSignalProcessor
    VisualLookUp.CipherMLPIRClient
    VisualLookUp.CipherMLSimilarityClient
    VisualLookUp.DomainAssignmentProcessor
    VisualLookUp.DomainModelRequestFactory
    VisualLookUp.DomainPredictionRequestProcessor
    VisualLookUp.DomainSignalsExtractor
    VisualLookUp.E5Request
    VisualLookUp.EspressoRequest
    VisualLookUp.ImageFingerprintRequestFactory
    VisualLookUp.NetworkService
    VisualLookUp.SignSymbolClassificationPostProcessor
    VisualLookUp.SignSymbolModelFactory
    VisualLookUp.SignalsExtractionProcessor
    VisualLookUp.SignalsExtractor
    VisualLookUp.SignpostEvent
    VisualLookUp.TextDetectionRequestFactory
    W5DiagnosticsTestRequest
    W5LogItemRequest
    W5NetworkStatus
    W5WiFiPreferredNetwork
    WBSAsynchronousRequestHelper
    WBSCloudTabCloseRequest
    WBSFaviconRequest
    WBSFaviconRequestsController
    WBSFetchedCloudTabDeviceOrCloseRequest
    WBSFileVaultRecoveryKeySaveRequest
    WBSHistoryCrypto
    WBSHistoryItemToTagPairsPredicate
    WBSIgnoredSiriSuggestedSitesController
    WBSIgnoredSiriSuggestedSitesDatabaseController
    WBSKeyBagLockStatusChangedHandlerToken
    WBSLPLinkMetadataRequest
    WBSLeadImageCacheRequest
    WBSPasswordBreachCryptographicOperations
    WBSPasswordBreachRequestManager
    WBSPasswordImportCSVHeaderChecker
    WBSSVGImageRenderingRequest
    WBSSavedAccountChangeRequest
    WBSSiteMetadataRequest
    WBSTabGroupIconRequest
    WBSTemplateIconRequest
    WBSTouchIconRequest
    WBSWebExtensionPendingWebsiteRequest
    WBUGeneratedPasswordCredentialUpdateRequest
    WBUPasswordSaveRequestKey
    WCMessageRequest
    WFAppProtectionDialogRequest
    WFAskParameterDialogRequest
    WFChooseFromListDialogRequest
    WFChronoControlDialogRequest
    WFConfiguratorRunRequest
    WFConfirmInteractionDialogRequest
    WFContextualActionRunRequest
    WFDialogRequest
    WFFollowUpActionExecutionDialogRequest
    WFHandleInteractionDialogRequest
    WFInputDateDialogRequest
    WFInputTextDialogRequest
    WFItemProviderEntityRequestMetadata
    WFItemProviderLinkPresentationRequestMetadata
    WFItemProviderRequestMetadata
    WFLinkChoiceDialogRequest
    WFLinkConfirmationDialogRequest
    WFLinkSnippetDialogRequest
    WFPerformQueryDialogRequest
    WFRequestRideContextualAction
    WFSageWorkflowRunRequest
    WFShortcutRunnerSandboxExtensionRequest
    WFShowAlertDialogRequest
    WFShowSecureConfirmationDialogRequest
    WFSiriActionRequest
    WFSiriAppProtectionRequest
    WFSiriDialogRequest
    WFSiriKitIntentRequest
    WFSiriLinkRequest
    WFSiriLocationAuthorizationRequest
    WFSiriOpenAppRequest
    WFSiriOpenInteractionRequest
    WFSiriOpenURLRequest
    WFSiriPunchOutRequest
    WFSiriSpeakTextRequest
    WFSiriUserActivityRequest
    WFSiriWorkflowRunRequest
    WFToolKitIndexingRequest
    WFToolKitParameterDialogRequest
    WFWorkflowRunRequest
    WKDOMDocumentParserYieldToken
    WKEditorUndoTarget
    WKFormRotatingAccessoryPopover
    WKNSURLRequest
    WKNetworkSessionDelegate
    WKNetworkSessionDelegateAllowingOnlyNonRedirectedJSON
    WKRequestDataResult
    WKRotatingPopover
    WKRotationCoordinatorObserver
    WKSelectPickerGroupHeaderView
    WK_RTCRtpFragmentationHeader
    WPAdvertisingRequest
    WPNetworkAddressRange
    WPPeerTrackingRequest
    WPResourceRequestOptions
    WPScanRequest
    WPZoneTrackingRequest
    WebBookmarkTitleWordTokenizer
    WebDatabaseQuotaManager
    WebEditorUndoTarget
    WebNetworkStateObserver
    WiFiP2PSPITransactionRequestor
    WidgetKit.ActivityWidgetRequest
    WidgetKit.ControlTemplateRequest
    WidgetKit.ElevatedMemoryRequestAssertion
    WidgetKit.MemoryRequestsController
    WidgetKit.ModifyControlStateRequest
    WidgetKit.PlaceholderRequest
    WidgetKit.TimelineRequest
    WidgetKit.WidgetRelevanceRequest
    XCYOTADataSource
    XCYOTAManager
    XCYOTANewUpdateBusiness
    XCYOTASettingDataDo
    XPCNSRequest
    XPCRequest
    YYTextRubyAnnotation
    ZhixinEcdh
    _AABasicGetRequest
    _AFAnnounceBinaryOutcomeRequestMutation
    _AFAudioPlaybackRequestMutation
    _AFDeviceRequestHandlingRecordMutation
    _AFRequestHandlingContextMutation
    _AFSiriHomeAutomationRequestInfoMutation
    _AFSpeechTestRequestOptionsMutation
    _AFTestRequestOptionsMutation
    _AKAppleIDPasskeyRequestState
    _ANEChainingRequest
    _ANEModelToken
    _ANERequest
    _ANESharedSignalEvent
    _ANSTE5MLNetworkStateTensorTuple
    _ASConditionalRegistrationRequester
    _ASCredentialRequestBasicPaneFooterView
    _ASPasswordsAppIconHeaderViewController
    _AXMOutputRequestTask
    _AppIntents_UIKit.AppEntityViewAnnotation
    _BGContinuedProcessingTaskRequest
    _BGTaskExpirationRequest
    _BKSCloneMirroringModeRequest
    _BKSHIDCAContextEventDeferringToken
    _BKSHIDCGSConnectionIDEventDeferringToken
    _BKSHIDCGSWindowIDEventDeferringToken
    _BKSHIDStringIdentifierEventDeferringToken
    _BMAccessAssertionNotApplicable
    _BMDeviceNetworkingLibraryNode
    _BSProtobufTranslator_BSAuditToken
    _BlastDoorASCodableInviteRequest
    _BlastDoorASCodableWithdrawInviteRequest
    _BlastDoorCKDeviceToDeviceShareInvitationToken
    _CATArbitratorWaitToken
    _CATProxyWaitToken
    _CDNetworkContext
    _CDRateAndTotalLimiter
    _CDServerRequest
    _CDStringTokenizer
    _CDVisionSignalGradingDataCollectionTask
    _CLSignificantRegion
    _CNCombineLatestObservableCancelationToken
    _CNContactImageFetchRequestPredicateBuilder
    _CNContactMatchingFetchRequestInfos
    _CNContactPosterFetchRequestPredicateBuilder
    _CNDistinctUntilChangedObservableCancelationToken
    _CNEmptyObservableCancelationToken
    _CNGeneratorObservableCancelationToken
    _CNObservableSkipUntilSignalObserver
    _CNObservableTakeUntilSignalObserver
    _CNOnEmptyObservableCNCancelationToken
    _CNUIUserActionCallProviderVideoTarget
    _CNUIUserActionDialRequestItem
    _CNUIUserActionDialRequestOpener
    _CNUIUserActionFaceTimeVideoTarget
    _CNUIUserActionSkypeVideoTarget
    _CNiOSPersonFetcherPosterDataFetchInterceptor
    _CPCoreSpotlightRankingSignalsForFeedback
    _CPEndNetworkSearchFeedback
    _CPLPruneRequestCounter
    _CPMailRankingSignalsForFeedback
    _CPNetworkTimingData
    _CPStartNetworkSearchFeedback
    _CPVisibleSectionHeaderFeedback
    _CSSuggestionToken
    _CSTokenScope
    _DASWigetBudgetDecrementRequestResult
    _DKCellNetworkingQualityMonitor
    _DKDiscoverabilitySignalsMetadataKey
    _DKNetworkQualityMonitor
    _DKWakeRequestMonitor
    _DKWifiNetworkQualityMonitor
    _DKWiredNetworkQualityMonitor
    _DPTokenFetcher
    _EARLanguageDetectorRequestContext
    _EARLanguageDetectorV2RequestOptions
    _EARNLTokenizer
    _EAROovToken
    _EARQuasarTokenizer
    _EARQuasarTokenizerOptions
    _EARSdapiTokenizer
    _EARSpeechRecognitionToken
    _EARTokenizer
    _ECBIMIHeaderParser
    _ECHeaderAuthenticationResultsParser
    _EFCancelationTokenImpl
    _EXSceneSessionConnectionRequest
    _FAFamilyCircleRequestConnectionFactory
    _FAFamilyCircleRequestConnectionProvider
    _FTPasswordManagerCachedAuthTokenInfo
    _GCBluetoothDeviceDisconnectionRequest
    _GCHapticTokenAndParams
    _GEOBatchReverseGeocodeRequestTicket
    _GEODirectionsServiceRequestBuilder_ConvertToNavigableRoute
    _GEODirectionsServiceRequestBuilder_DodgeballOutsideOfMaps
    _GEODirectionsServiceRequestBuilder_DrivingToWalkingTransition
    _GEODirectionsServiceRequestBuilder_EditRoute
    _GEODirectionsServiceRequestBuilder_MapsWidget
    _GEODirectionsServiceRequestBuilder_ModifyWaypoints
    _GEODirectionsServiceRequestBuilder_OfflineToOnlineTransition
    _GEODirectionsServiceRequestBuilder_OnlineToOfflineTransition
    _GEODirectionsServiceRequestBuilder_PrepareToParkTransition
    _GEODirectionsServiceRequestBuilder_Reroute
    _GEODirectionsServiceRequestBuilder_RerouteWithWaypoints
    _GEODirectionsServiceRequestBuilder_ResumeNavAfterPause
    _GEODirectionsServiceRequestBuilder_Route
    _GEODirectionsServiceRequestBuilder_RouteFromRoute
    _GEODirectionsServiceRequestBuilder_SearchAlongRoute
    _GEODirectionsServiceRequestBuilder_TimeToLeave
    _GEODirectionsServiceRequestBuilder_WaypointDeparture
    _GEOGeographicMetadataRequesterDelegateDataBlockAdapter
    _GEOLocalExternalRequestCounterTicket
    _GEOLocalRequestCounterTicket
    _GEOMapDataSubscriptionBatchTileRequester
    _GEOMapFeatureAccessRequest
    _GEOMapFeatureAccessRequestParameters
    _GEONetworkDefaultsLocalProxy
    _GEONetworkDefaultsRemoteProxy
    _GEOOfflineDataKeysServiceRequestConfig
    _GEOOfflineDataSizeEstimationServiceRequestConfig
    _GEOPlaceRequestTicket
    _GEOPlaceSearchRequestTicket
    _GEORemoteExternalRequestCounterTicket
    _GEORemoteRequestCounterTicket
    _GEOReverseGeocodeRequestTicket
    _GEOSimpleTileRequesterOperation
    _GEOTerritoryLookupRequestTicket
    _GeneratedSignpostMetadata
    _HKDataCollectorFlushRequest
    _HKUserAnnotatedMedicationComparisonFilter
    _HKXPCAuditToken
    _HMAccessoryCollectionSettingItemClassManager
    _HMAccessoryProfile
    _HMAccessorySetting
    _HMAccessorySettingGroup
    _HMActionSetBuilder
    _HMFCFHTTPServerRequest
    _HMFNetworkBrowser
    _HMNetworkConfigurationProfile
    _HMNetworkConnection
    _HMNetworkPath
    _ICDelegationServiceConnectionPendingRequestContext
    _ICUserCredentialProviderRequestSession
    _INPBActivateCarSignalIntent
    _INPBActivateCarSignalIntentResponse
    _INPBIntentExecutionRequest
    _INPBRequestPaymentIntent
    _INPBRequestPaymentIntentResponse
    _INPBRequestRideIntent
    _INPBRequestRideIntentResponse
    _INPBStartCallRequestMetadata
    _InvalidRayTracingTileRequest
    _InvalidRequest
    _JetEngine_SwiftUI.NWPathNetworkInquiry
    _LSBundleIDValidationToken
    _LSDModificationPendingSaveToken
    _LSEligibilityListenerNotificationToken
    _LSValidationToken
    _LTBatchTextTranslationRequest
    _LTCombinedRouteParagraphTranslationRequest
    _LTInstallRequest
    _LTLanguageAssetRequest
    _LTMultiParagraphTranslationRequest
    _LTParagraphTranslationRequest
    _LTSafariLatencyLoggingRequest
    _LTSpeakRequest
    _LTSpeechLIDLoggingRequest
    _LTSpeechRecognitionTokensAlternative
    _LTSpeechTranslationRequest
    _LTStabilizationTranslationRequest
    _LTTextSessionRequest
    _LTTextToSpeechTranslationRequest
    _LTTextTranslationRequest
    _LTTranslationRequest
    _LTTranslationSensesLoggingRequest
    _LTTranslationToken
    _MDQueryTokenRewrite
    _MDQueryTokenVariation
    _MFAttachmentActiveRequest
    _MFDAMessageHeaderFetchConsumer
    _MFDAMessageStoreDeleteRequest
    _MFDAMessageStoreFetchHeadersRequest
    _MFDAMessageStoreFetchRequest
    _MFDAMessageStoreFetchUsingRemoteIDRequest
    _MFDAMessageStoreGetUpdatesRequest
    _MFDAMessageStoreSetFlagsRequest
    _MFGmailClientTokenAuthenticator
    _MFMessageContentRequestScheduler
    _MFNetworkObserver
    _MFOAuth2TokenAuthenticator
    _MFSecureMIMEPersonHeaderLabel
    _MKAnnotationViewAnchor
    _MKAnnotationViewCustomFeatureAnnotation
    _MKConditionalPanRotationGestureRecognizer
    _MKDataHeaderModel
    _MKLineHeaderModel
    _MKMapFeatureAnnotationView
    _MKMapViewSuspendedEffectsToken
    _MKMarkerAnnotationBaseImageContent
    _MKMarkerAnnotationBaseImageView
    _MKOverlayTileRequester
    _MKPinAnnotationViewImageCache
    _MKPinAnnotationViewImageCacheKey
    _MKPointOfInterestAnnotationView
    _MKPuckAnnotationView
    _MKTokenAttributedString
    _MLNeuralNetworkBasicTensorDataStore
    _MNETAUpdateRequestParameters
    _MNLocationSimulationState_WaitingForParkingSignal
    _MNRouteEditorRequestGeometryStepResult
    _MPAbstractNetworkArtworkDataSourceVisualIdenticalityIdentifier
    _MPAbstractNetworkArtworkLoadingContext
    _MPModelLibraryKeepLocalChangeRequestUpdateItemOperation
    _MPModelLibraryRequestPropertyFilter
    _MPModelShimRequestMiddleware
    _MPModelShimRequestMiddlewareOperation
    _MPMusicPlayerControllerArtworkToken
    _MPNowPlayingInfoTransportableSessionRequest
    _MPSSILImplementationInitToken
    _MRAVModifyOutputContextRequestProtobuf
    _MRApplicationConnectionMessageHeaderProtobuf
    _MRApplicationConnectionRequestInfoProtobuf
    _MRCreateHostedEndpointRequestProtobuf
    _MRCryptoPairingMessageProtobuf
    _MRGroupSessionJoinRequestProtobuf
    _MRGroupSessionRemoveRequestProtobuf
    _MRGroupSessionTokenProtobuf
    _MRGroupTopologyModificationRequestProtobuf
    _MRLyricsTokenProtobuf
    _MRMicrophoneConnectionRequestMessageProtobuf
    _MRPlaybackQueueRequestProtobuf
    _MRPlaybackSessionMigrateRequestEventProtobuf
    _MRPlaybackSessionMigrateRequestMessageProtobuf
    _MRPlaybackSessionMigrateRequestProtobuf
    _MRPlaybackSessionRequestMessageProtobuf
    _MRPlaybackSessionRequestProtobuf
    _MRRequestDetailsProtobuf
    _MRRequestGroupSessionMessageProtobuf
    _MRUpdateActiveSystemEndpointRequestProtobuf
    _MRVideoThumbnailRequestProtobuf
    _MXExtensionInternalServiceRequestDispatcher
    _MXExtensionInternalStreamingServiceRequestDispatcher
    _MXExtensionRequestDispatcher
    _MXExtensionRequestReceipt
    _MapKit_SwiftUI.MapBridgingCustomAnnotation
    _MapKit_SwiftUI.MapBridgingUserAnnotation
    _MapKit_SwiftUI.SwiftUIAnnotationView
    _NSGenerationTokenMapEntry
    _NSKeyValueObjectAndKeyPair
    _NSNoChangeToken
    _NSPersistentHistoryToken
    _NSQueryGenerationToken
    _NSTruncationTokenAttachment
    _NSXPCConnectionRequestedReplies
    _NSXPCQueryGenerationToken
    _NUVideoPlaybackFrameRequestResponse
    _PASNotificationToken
    _PFFetchPlanHeader
    _PFRequestExecutor
    _PHAssetCreationRequestValidator
    _PHFetchRequestWrapper
    _PKRemoteNetworkPaymentCoordinator
    _PSPhotoSuggestionsCancellationToken
    _PSPhotoSuggestionsOutstandingRequestsGuardedData
    _PS_TPSDiscoverabilitySignal
    _ReachabilityRequest
    _RequestRewriter
    _SFAuthenticatedCiphertext
    _SFCiphertext
    _SFCollaborationItemsRequest
    _SFECDHKeySource
    _SFECDHOperation
    _SFECKeyPair
    _SFEC_X962SigningOperation
    _SFIESCiphertext
    _SFKeyPair
    _SFLinkPreviewHeader
    _SFPBAppEntityAnnotation
    _SFPBCloudChannelsRequestItem
    _SFPBCoreSpotlightRankingSignals
    _SFPBDomainSubscriptionRequestItem
    _SFPBEngagementSignal
    _SFPBMailRankingSignals
    _SFPBPersonHeaderCardSection
    _SFPBRFMapAnnotation
    _SFPBRFPrimaryHeaderMarqueeCardSection
    _SFPBRFPrimaryHeaderRichCardSection
    _SFPBRFPrimaryHeaderStackedImageCardSection
    _SFPBRFPrimaryHeaderStandardCardSection
    _SFPBRFSecondaryHeaderEmphasizedCardSection
    _SFPBRFSecondaryHeaderStandardCardSection
    _SFPBRFTableHeaderCardSection
    _SFPBRequestAppClipInstallCommand
    _SFPBRequestProductPageCommand
    _SFPBRequestUserReportCommand
    _SFPBSectionHeaderCardSection
    _SFPBShowPurchaseRequestSheetCommand
    _SFPBShowScreenTimeRequestSheetCommand
    _SFPBSportsSubscriptionRequestItem
    _SFPBTableHeaderRowCardSection
    _SFPBUserReportRequest
    _SFReportFeedbackIssueHeader
    _SFRequestDesktopSitePreferenceManager
    _SFRequestDesktopSiteQuirksManager
    _SFRequestDesktopSiteQuirksSnapshot
    _SFRequestDesktopSiteQuirksSnapshotTransformer
    _SFSafariViewControllerPrewarmingRequestThrottler
    _SFSavedAccountTouchIconRequest
    _SFSearchRequest
    _SFSignedData
    _SNClassifySoundRequest
    _SignpostAggregationValueSegmentParser
    _TSF_TSDgPTPNetworkPort
    _TempToken
    _TempTokenTimestampValue
    _TtC10ContactsUIP33_3062C0EB640D5F51DAD6AB600DEB05B645CNContactHeaderQuickActionsControllerObserver
    _TtC10SoundCloudP33_A38F2645DD514F4A63F0F38E8A06C40E20SCNotionRequestModel
    _TtC10SoundCloudP33_A38F2645DD514F4A63F0F38E8A06C40E27SCExchangeTokenRequestModel
    _TtC12FeedbackCoreP33_D9FAF2EFE945F09EE11FB1A64C59300B20FBKAnnotationHelpers
    _TtC12GRDBInternalP33_5F8D7B12E8A0EEC73E56D171E90015B315TokenizeContext
    _TtC12GRDBInternalP33_DD489258FC95DF274B95472AEFF9136818FetchRequestEraser
    _TtC12ModuleCommonP33_8CD2A6BC478E655B9C9FE3ABC5C4362125FeatureSwitchRequestModel
    _TtC13DesignLibraryP33_5A61B2DF3E609080010D8B038010657019ResourceBundleClass
    _TtC13DesignLibraryP33_F43806E1938B76211E8CB43C44938DE019_ImpossibleExecutor
    _TtC14AudioAnalyticsP33_5AE8E28E32642FC888FB9823282CA3C211TokenBucket
    _TtC16NetworkExtensionP33_8A6EAEC7B0CD28E3C1D36D746A66647F32NEIKEv2CryptoKitSPAKE2PlusProver
    _TtC16NetworkExtensionP33_8A6EAEC7B0CD28E3C1D36D746A66647F34NEIKEv2CryptoKitSPAKE2PlusVerifier
    _TtC16NetworkExtensionP33_8A6EAEC7B0CD28E3C1D36D746A66647F38NEIKEv2KeyExchangeHandlerCryptoKitP256
    _TtC16NetworkExtensionP33_8A6EAEC7B0CD28E3C1D36D746A66647F38NEIKEv2KeyExchangeHandlerCryptoKitP384
    _TtC16NetworkExtensionP33_8A6EAEC7B0CD28E3C1D36D746A66647F38NEIKEv2KeyExchangeHandlerCryptoKitP521
    _TtC16NetworkExtensionP33_8A6EAEC7B0CD28E3C1D36D746A66647F38NEIKEv2KeyExchangeHandlerCryptoKitX448
    _TtC16NetworkExtensionP33_8A6EAEC7B0CD28E3C1D36D746A66647F40NEIKEv2KeyExchangeHandlerCryptoKitX25519
    _TtC16NetworkExtensionP33_8A6EAEC7B0CD28E3C1D36D746A66647F42NEIKEv2KeyExchangeHandlerCryptoKitMLKEM768
    _TtC16NetworkExtensionP33_8A6EAEC7B0CD28E3C1D36D746A66647F43NEIKEv2KeyExchangeHandlerCryptoKitMLKEM1024
    _TtC17CoreODIEssentialsP33_93F523180A2FE192D6FE57234EA1F16914ODNRequestTask
    _TtC17RealityFoundationP33_7E94ACFF7DB355400A173EC98A49765C24SMCNetworkSystemObserver
    _TtC17RealityFoundationP33_8027E7BB3B493036668872B65CA2712A24VPCNetworkSystemObserver
    _TtC18AppleMediaServicesP33_68239C40601534D7947471707625281632DeveloperSilentAuthTokenDelegate
    _TtC18TelephonyUtilitiesP33_B942A2D0BE491829F70B084E9ABEA96636DefaultDarwinNotificationCenterToken
    _TtC19TokenGenerationCoreP33_77ABCD41F000EB3C4AAEC3BD7ED6ED2F4Node
    _TtC22AuthenticationServicesP33_69A77571B0FC9B54CADBF6C775CFD2A245ASCredentialRequestPaneHeaderRawConfiguration
    _TtC23LocalAuthenticationCoreP33_53C4CF2605483CE5CE76F1EC3A4D036F37LACConcurrentEvaluationManagedRequest
    _TtC23LocalAuthenticationCoreP33_7C23A2E67F893FA563A4E1A97AE88CD340LACCompanionAuthenticationPendingRequest
    _TtC6ktraceP33_672812E7483E3BDB665D98181FA45B2F12SignalWaiter
    _TtC7NetworkP33_CFBD4EB2ABB20EFC96032331681B9C8314__NWHTTPFields
    _TtC7NetworkP33_CFBD4EB2ABB20EFC96032331681B9C8315__NWHTTPRequest
    _TtC7NetworkP33_CFBD4EB2ABB20EFC96032331681B9C8316__NWHTTPResponse
    _TtC7NetworkP33_CFBD4EB2ABB20EFC96032331681B9C8320__NWHTTPParsedFields
    _TtC7NetworkP33_CFBD4EB2ABB20EFC96032331681B9C8322__NWHTTPFieldsProvider
    _TtC7SwiftUIP33_1C4DED7BD95AC993CC69F2CB25BC2A4019DropInfoTargetStore
    _TtC7SwiftUIP33_FB4D19B065EC4D2CC549DBA6E2D239A517SceneRequestCache
    _TtC8CloudKitP33_D874BC29987C0F9F89EC9BDAEEBD096F28SignpostIntervalStateWrapper
    _TtC9AskToCoreP33_49675334925B31D397C462A60F54F02A19RequestJourneyEvent
    _TtC9AuthKitUIP33_477519CF0058A88A0508C0A799EDF62844ModalSignInViewControllerDelegateForPreviews
    _TtCC10AppIntents16_SuggestedAction12RequestValue
    _TtCC10AppIntents16_SuggestedAction19RequestConfirmation
    _TtCC10AppIntents16_SuggestedAction21RequestDisambiguation
    _TtCC10AppIntents16_SuggestedAction25RequestActionConfirmation
    _TtCC10Navigation18ETAUpdateRequester12ResponseInfo
    _TtCC10Navigation18ETAUpdateRequesterP33_430CF049DBFA51AC425BF40B0BA2189917AsyncETARequester
    _TtCC10RealityKit18__AssetLoadRequest10Statistics
    _TtCC12AppleArchive13ArchiveHeader15EntryAttributes
    _TtCC12AppleArchive13ArchiveHeader19_EntryFilterWrapper
    _TtCC12FamilyCircle30FAChildAccountCutOffAgeRequest7Request
    _TtCC12GRDBInternal8DatabaseP33_5A6CBE2AA28B02E3CEA065D55090729924FTS5TokenizerConstructor
    _TtCC12GRDBInternal8DatabaseP33_5F8D7B12E8A0EEC73E56D171E90015B323FTS5RegisteredTokenizer
    _TtCC12MobileSafari17BrowsingAssistant16MainHeaderFooter
    _TtCC12MobileSafari35SFBookmarksCollectionViewController16SelectableHeader
    _TtCC12MobileSafari35SFBookmarksCollectionViewController17HistoryInfoHeader
    _TtCC13IDSFoundation21IDSToolRequestHandler27WeakGroupEncryptionProvider
    _TtCC16AlchemistService16InferenceRequest14OutputDelegate
    _TtCC17CoreODIEssentials14DIPHTTPSession24ClientInfoHeaderProvider
    _TtCC17IMSharedUtilities35IMCTRCSUtilitiesManagerLiveDelegateP33_577F2775081B36C12644BEE661E3D2555Token
    _TtCC17RealityFoundation25PhotogrammetrySessionImpl10RequestMap
    _TtCC18AppleMediaServices23AccountCachedServerData23LockingWrappedBoolToken
    _TtCC18PhotosIntelligence7AjaxLLMP33_72909E56B06CA988A9E0242EA665377221DawTokenAuthenticator
    _TtCC19TokenGenerationCore16EarleyRecognizer17RecognizerGrammar
    _TtCC34GenerativeFunctionsInstrumentation28PartnerCloudRequestProcessorP33_CF6B5976E14BD2252DD8ADBB3890BE4325PartnerCloudRequestEvents
    _TtCC3XPC11XPCListener22IncomingSessionRequest
    _TtCC6CoreOC20ObjectCaptureSessionP33_1CBB41402969BD195192C8954988428210ShotAnchor
    _TtCC6Vision16TrackMaskRequest5State
    _TtCC6Vision18TrackObjectRequest5State
    _TtCC6Vision21TrackRectangleRequest5State
    _TtCC6Vision23TrackOpticalFlowRequest5State
    _TtCC6Vision25DetectTrajectoriesRequest5State
    _TtCC6Vision28DetectHumanBodyPose3DRequest5State
    _TtCC6Vision33GeneratePersonSegmentationRequest5State
    _TtCC7Network12NWConnection25PendingDataTransferReport
    _TtCC7Network12NWParameters14PrivacyContext
    _TtCC7Network13NWActorSystem15ActorConnection
    _TtCC7Network13NWActorSystem18RemoteCallActivity
    _TtCC7Network13_NWConnection14ContentContext
    _TtCC7Network13_NWParameters13ProtocolStack
    _TtCC7Network13_NWProtocolIP7Options
    _TtCC7Network13_NWProtocolIP8Metadata
    _TtCC7Network14NWProtocolHTTP7Options
    _TtCC7Network14NWProtocolHTTP8Metadata
    _TtCC7Network14NWProtocolQUIC7Options
    _TtCC7Network14NWProtocolQUIC8Metadata
    _TtCC7Network14NetworkStorageP33_6FEE2748074394A1FD56B79DFE5A066E15InternalStorage
    _TtCC7Network14_NWProtocolTCP7Options
    _TtCC7Network14_NWProtocolTCP8Metadata
    _TtCC7Network14_NWProtocolTLS7Options
    _TtCC7Network14_NWProtocolTLS8Metadata
    _TtCC7Network14_NWProtocolUDP7Options
    _TtCC7Network14_NWProtocolUDP8Metadata
    _TtCC7Network16NWProtocolFramer10Definition
    _TtCC7Network16NWProtocolFramer7Message
    _TtCC7Network16NWProtocolFramer7Options
    _TtCC7Network16NWProtocolFramer8Instance
    _TtCC7Network17NWConnectionGroup7Message
    _TtCC7Network19NWProtocolWebSocket7Options
    _TtCC7Network19NWProtocolWebSocket8Metadata
    _TtCC7Network20NWProtocolQUICStream7Options
    _TtCC7Network20NWProtocolQUICStream8Metadata
    _TtCC7Network22NWProtocolHTTPEncoding7Options
    _TtCC7Network24NWProtocolQUICConnection7Options
    _TtCC7Network24NWProtocolQUICConnection8Metadata
    _TtCC7Network25DefaultManyToManyProtocol15MultiplexedFlow
    _TtCC7Network25DefaultManyToManyProtocol16MultiplexingPath
    _TtCC7SwiftUI25UIKitSearchBarCoordinatorP33_9E78780A6F2626BA9019200B48F4A36B16RepresentedToken
    _TtCC8CipherML15RequestsManager23CMLUseCaseStatusBuilder
    _TtCC8RemoteUI14OsloHeaderView5Model
    _TtCC9Calculate19CalculateExpression5Token
    _TtCC9Calculate19CalculateExpression9RichToken
    _TtCC9JetEngine21JetPackReloadObserver13ListenerToken
    _TtCC9SoundCore21SCD1301LastGuideCtrl113NewHeaderView
    _TtCC9SoundCore23SCA3954EQViewController17HeaderIdSoundView
    _TtCC9SwiftData34DataStoreSaveChangesRequestBuilder18AnyStoreBuilderBox
    _TtCCC12TextToSpeech16VoiceDatabaseXPC6Server14RequestHandler
    _TtCCC15SonicFoundation11SQLDatabase10Connection14StatementToken
    _TtCCC16MusicKitInternal11SQLDatabase10Connection14StatementToken
    _TtCCC7Network14NetworkStorageP33_6FEE2748074394A1FD56B79DFE5A066E15InternalStorage16DNSCacheInternal
    _TtCCC7Network14NetworkStorageP33_6FEE2748074394A1FD56B79DFE5A066E15InternalStorage19AltSvcEntryInternal
    _TtCCC7Network14NetworkStorageP33_6FEE2748074394A1FD56B79DFE5A066E15InternalStorage26HTTPEarlyDataStateInternal
    _TtCCO22PhotosSpatialMediaCore12SpatialPhoto14CaptureManager5Token
    _TtCCO5UIKit14IntelligenceUI22RotaryPlaceholderLabelP33_6F0AB2EDC77A7506E9CF9A7668188D4F11SegmentView
    _TtCCO5UIKit14IntelligenceUI22RotaryPlaceholderLabelP33_6F0AB2EDC77A7506E9CF9A7668188D4F17TextSegmentLayout
    _TtCCV13DesignLibrary21GlassMaterialProvider8DefaultsP33_851D95C8C30DE99D3FEF66B52C2B2CA58Observer
    _TtCCV7Network16SwiftTLSProtocol16SwiftTLSInstance22EncryptionLevelHandler
    _TtCE16MusicKitInternalV8MusicKit35MusicPersonalRecommendationsRequest25RecentlyPlayedInvalidator
    _TtCE16NetworkExtensionCSo27NEExtensionBaseProviderHost21NEAppExtensionMonitor
    _TtCE16NetworkExtensionCSo27NEExtensionBaseProviderHost21NEAppExtensionProcess
    _TtCE17PasswordManagerUICSo29PMCredentialRequestPaneHeader5Model
    _TtCE18_JetEngine_SwiftUIV9JetEngine12MediaArtwork34ProtocolRequestPriorityCoordinator
    _TtCE22AuthenticationServicesCSo30ASPasswordSavingManagerRequestP33_E3D5BD4ACC0E8EB64927CCB51651017B10RequestBox
    _TtCE2C2CSo16C2RequestManagerP33_84EE1E58F246DCD3EE191A742089E5F125C2AsyncDataStreamDelegate
    _TtCE5UIKitCSo18_UIFlexInteractionP33_8A979E32B58704623CA407329CB1DF2E8Signpost
    _TtCE7HomeKitCSo11HMAccessory15SwiftExtensions
    _TtCE7HomeKitCSo28HMAddAccessoryRequestPayloadP33_FA0A1A01509B8795493F726A62070D837Wrapper
    _TtCE7MessageCSo30MFBackFillMessageBodyScheduler7Request
    _TtCFC10FinanceKit27BankConnectWebServiceClient20uploadOfflineLabDataFzZT3forVS_43BankConnectWebServiceOfflineLabItemsRequest_T_L_29OfflineLabSessionTaskDelegate
    _TtCO16CryptoKitPrivate15CKSecretSharing32CKShamirShareSharedInternalState
    _TtCO16CryptoKitPrivate15CKSecretSharingP33_CE506D4359C10354E8EAAF853DBEE0AA32CKHybridSecretShareInternalState
    _TtCO16CryptoKitPrivate2HE12ParamContext
    _TtCO16CryptoKitPrivate2HE13ObjectStorage
    _TtCO16CryptoKitPrivate2HE24ObjectStorageWithZeroize
    _TtCO5UIKit14IntelligenceUI22RotaryPlaceholderLabel
    _TtCO7Sharing20SFAirDropInvocations23ResignTransferPresenter
    _TtCO8CipherML18PrivateAccessToken11ClientState
    _TtCO8CipherML8ARCToken10Credential
    _TtCO8SwiftMLS23RCSFileAttachmentCrypto23SeekableDataInputStream
    _TtCO9SEService17JPKIInternalTypes16DigitalSignature
    _TtCOO18AppIntentsServices15IntentsServices13ProgressTasks21TimeoutSignalListener
    _TtCOO18AppIntentsServices15IntentsServices13ProgressTasks21TimeoutSignalProvider
    _TtCOOOOO27IntelligencePlatformLibrary7Library7Streams16IntelligenceFlow9Telemetry7Indexes46Datestamp_ClientSessionID_ClientRequestIDIndex
    _TtCOOOOO27IntelligencePlatformLibrary7Library7Streams4Siri18PostSiriEngagement7Indexes28Datestamp_LastRequestIdIndex
    _TtCOOOOOO27IntelligencePlatformLibrary7Library7Streams16IntelligenceFlow10Transcript10Datastream7Indexes46Datestamp_ClientSessionID_ClientRequestIDIndex
    _TtCV10PegasusAPI34Searchfoundation_UserReportRequestP33_95F359C288B3E1C291EE6EA7E582D42013_StorageClass
    _TtCV10PegasusAPI35Searchfoundation_MailRankingSignalsP33_4835B160AF01E3BE0F5B9EFBDFAD37E513_StorageClass
    _TtCV10PegasusAPI36Apple_Parsec_Search_V2_FlightRequestP33_0BB049A4C878A14F236652E211B87F4413_StorageClass
    _TtCV10PegasusAPI36Apple_Parsec_Search_V2_SearchRequestP33_6475931890C013018D524091CC18A8AB13_StorageClass
    _TtCV10PegasusAPI42Apple_Parsec_Feedback_V2_NetworkTimingDataP33_DF9540E11FEC6A52D85AA276AF901B6C13_StorageClass
    _TtCV10PegasusAPI42Searchfoundation_TableHeaderRowCardSectionP33_06C5893EA9A001221B8470B69580F5F113_StorageClass
    _TtCV10PegasusAPI44Apple_Parsec_Siri_V2alpha_SiriPegasusRequestP33_9DD7361AF937B8EFB1BE6C08AA4785CD13_StorageClass
    _TtCV10PegasusAPI48Apple_Parsec_Visualsearch_V2_VisualSearchRequestP33_34FFDFD2D358EA9CCBB03D73D0EA10E513_StorageClass
    _TtCV10PegasusAPI54Apple_Parsec_Feedback_V2_MailRankingSignalsForFeedbackP33_DF9540E11FEC6A52D85AA276AF901B6C13_StorageClass
    _TtCV12VisualLookUp19Tie_GenerateRequestP33_A360E3B1225E0EA7263E7D7AD73F11FC13_StorageClass
    _TtCV12VisualLookUp22EspressoRequestHandler17ScaledBufferCache
    _TtCV13DesignLibrary21GlassMaterialProvider14CustomFillBase
    _TtCV13DesignLibrary21GlassMaterialProvider8Defaults
    _TtCV14BiomeSQLParser22PgQuery_MultiAssignRefP33_A784F7F2ED97E043416F18646CF1BF1713_StorageClass
    _TtCV17RealityFoundation26ImagePresentationComponent21NetworkSystemObserver
    _TtCV18AppleMediaServices9KeepAliveP33_8D5EA5EE57B6E86A66C300315FB9941619OSSignpostComponent
    _TtCV20MLModelSpecification24Proto_NeuralNetworkLayerP33_FEBA7ED9F351FA7751CD6B489714AC0A13_StorageClass
    _TtCV20MLModelSpecification29Proto_NetworkUpdateParametersP33_FEBA7ED9F351FA7751CD6B489714AC0A13_StorageClass
    _TtCV29ManagedBackgroundAssetsHelper21LicenseRequestMessage7Subject
    _TtCV7Network10HTTPFieldsP33_F32FFD35E65B6CA87CB92CAA4C94754517_StorageWithMutex
    _TtCV7Network10HTTPFieldsP33_F32FFD35E65B6CA87CB92CAA4C94754519_StorageWithNIOLock
    _TtCV7Network10HTTPFieldsP33_F32FFD35E65B6CA87CB92CAA4C9475458_Storage
    _TtCV7Network10IPProtocol10IPInstance
    _TtCV7Network11TCPProtocol11TCPInstance
    _TtCV7Network11UDPProtocol11UDPInstance
    _TtCV7Network12NetworkAgent24NetworkAgentBackingClass
    _TtCV7Network14EndpointCommon21EndpointCommonBacking
    _TtCV7Network15SecFramerAESGCM13CryptoContext
    _TtCV7Network16BonjourEndpoint1P33_8ECF1DFE81D5118DCA66817C449E1A4219BonjourBackingClass
    _TtCV7Network16CustomIPProtocol16CustomIPInstance
    _TtCV7Network16SwiftTLSProtocol16SwiftTLSInstance
    _TtCV7Network18QUICStreamProtocol17QUICStreamOptions
    _TtCV7Network18QUICStreamProtocol18QUICStreamInstance
    _TtCV7Network18QUICStreamProtocol18QUICStreamMetadata
    _TtCV7Network22QUICConnectionProtocol21QUICConnectionOptions
    _TtCV7Network22QUICConnectionProtocol22QUICConnectionInstance
    _TtCV7Network22QUICConnectionProtocol22QUICConnectionMetadata
    _TtCV7Network27ApplicationServiceEndpoint1P33_23FCFE2960D8736A3B547857E483D48D18AppSVCBackingClass
    _TtCV7Network9CProtocol8COptions
    _TtCV7Network9CProtocol9CInstance
    _TtCV7Network9CProtocol9CMetadata
    _TtCV7Network9Interface12BackingClass
    _TtCV8CipherML18AspireApiPIRConfigP33_351ADCB9EF95974A4082A7633DADB2C713_StorageClass
    _TtCV8CipherML22AspirePirPirParametersP33_B705AA2B9AD83800013CA213F8CF820D13_StorageClass
    _TtCV8CipherML28AspirePirPirPreprocessDbArgsP33_B705AA2B9AD83800013CA213F8CF820D13_StorageClass
    _TtCV8CipherML35AspireSimilarityPecPreprocessDbArgsP33_4D7576BA24B7551E27E183CD62A8FB2B13_StorageClass
    _TtCV8MusicKit16MusicDataRequest6Runner
    _TtCV8MusicKit16MusicDataRequest7Context
    _TtCV8RemoteUI15MultiChoiceTray12LegacyHeader
    _TtCV8RemoteUI15MultiChoiceTray17HTMLHeaderElement
    _TtCV8StoreKit14ProductRequestP33_DC0A48A3F0D8937D8DF43F186834B5E212LocaleParser
    _TtCV9CryptoKit17CoreCryptoGCMImplP33_A4BAE8898ACAD702674B710A7536C9C17Context
    _TtCV9CryptoKit24CoreCryptoChaChaPolyImplP33_1EEA2C15408765EA775A4381D63577DE7Context
    _TtCV9JetEngine21SandboxExtensionToken6Handle
    _TtCV9SoundCore20SCNewProductsManager16SCAppInfoRequest
    _TtCV9SoundCore20SCNewProductsManager21SCRedeemCouponRequest
    _TtCV9SoundCore20SCNewProductsManager22SCAppPushStatusRequest
    _TtCVE10FoundationCSo20NSNotificationCenter16ObservationTokenP33_C451B686E0AF46B87E3438E7FBD7476E35_NSNotificationObserverTokenWrapper
    _TtCVOO8SwiftMLS3MLS12Cryptography11Ciphersuite15SuitePrimitives
    _TtCVV10FinanceKit40RawApplePayMerchantTokenUsageInformation11PastPayment21DecodingConfiguration
    _TtCVV10FinanceKit40RawApplePayMerchantTokenUsageInformation15UpcomingPayment21DecodingConfiguration
    _TtCVV12HomeKitClips10CameraClip5Media9Decryptor
    _TtCVV12HomeKitClips10CameraClip5Media9Encryptor
    _TtCVV13DesignLibrary21GlassMaterialProvider6Pocket7Storage
    _TtCVV13IDSFoundation12H3_AllocBind7RequestP33_8B0E16784F004DAD1F473F6E14CD025713_StorageClass
    _TtCVV13IDSFoundation22Proto_DelegatedMessage7RequestP33_4383C0FF42979ADDE42462E2CC76B98B13_StorageClass
    _TtCVV13IDSFoundation25Proto_ParticipantAllocate7RequestP33_4383C0FF42979ADDE42462E2CC76B98B13_StorageClass
    _TtCVV7Network10Parameters11ProxyValues18ProxyValuesBacking
    _TtCVV7Network11HTTPRequest18PseudoHeaderFieldsP33_C525D357B1454E9012435445CEA3D3CA8_Storage
    _TtCVV7Network12HTTPResponse18PseudoHeaderFieldsP33_FF12D4D20740A306BA953A45100903118_Storage
    _TtCVV7Network14PathParameters14ProtocolValues21ProtocolValuesBacking
    _TtCVV7Network14PathParameters25InterfacePreferenceValues32InterfacePreferenceValuesBacking
    _TtCVVV18AppIntentsServices31AppIntentsProtobuf_HostMessages21PerformActionResponse13ChoiceRequestP33_15D8ACD6F9A04B79071F668CEE455EA313_StorageClass
    _TtCVVV18AppIntentsServices31AppIntentsProtobuf_HostMessages21PerformActionResponse17NeedsValueRequestP33_15D8ACD6F9A04B79071F668CEE455EA313_StorageClass
    _TtCVVV18AppIntentsServices31AppIntentsProtobuf_HostMessages21PerformActionResponse19ConfirmationRequestP33_15D8ACD6F9A04B79071F668CEE455EA313_StorageClass
    _TtCVVV18AppIntentsServices31AppIntentsProtobuf_HostMessages21PerformActionResponse20ContinueInAppRequestP33_15D8ACD6F9A04B79071F668CEE455EA313_StorageClass
    _TtCVVV18AppIntentsServices31AppIntentsProtobuf_HostMessages21PerformActionResponse21DisambiguationRequestP33_15D8ACD6F9A04B79071F668CEE455EA313_StorageClass
    _TtCVVV18AppIntentsServices33AppIntentsProtobuf_ClientMessages20PerformActionRequest7OptionsP33_15D8ACD6F9A04B79071F668CEE455EA313_StorageClass
    _UIAccessibilityFocusUpdateRequest
    _UIActivityContentSectionHeaderView
    _UIApplicationSceneRequestBuilder
    _UIBasicHeaderFooterContentView
    _UIBasicHeaderFooterContentViewConfiguration
    _UICalendarHeaderTitleButton
    _UICalendarHeaderView
    _UICarPlaySessionAccessRequest
    _UICellularSignalView
    _UICollectionViewListHeaderFooter
    _UIContextMenuHeaderView
    _UICoreMediaOverridePIDAssertionToken
    _UIDataTransferRequest
    _UIDirectionalRotationLayer
    _UIDirectionalRotationView
    _UIDocumentMenuHeader
    _UIDocumentPropertiesHeaderView
    _UIEventDeferringOwnershipToken
    _UIFeedbackCoreHapticsIgnoreCaptureEngine
    _UIFeedbackCoreHapticsIgnoreCaptureHapticsOnlyEngine
    _UIFocusMovementRequest
    _UIFocusRotaryIndicatorView
    _UIFocusRotaryRingArrowView
    _UIFocusScrollRequest
    _UIFocusUpdateRequest
    _UIForcedOrientationTransactionToken
    _UIInterfaceActionGroupHeaderScrollView
    _UIKBArbiterClientToken
    _UIKeyShortcutHUDCategoryHeaderCell
    _UIMainMenuBaseMenuRequest
    _UIMainMenuBaseMenuRequestAction
    _UIMainMenuBaseMenuRequestActionResponse
    _UIMainMenuCommandInvocationRequest
    _UIMainMenuCommandInvocationRequestAction
    _UIMainMenuCommandInvocationRequestActionResponse
    _UIMainMenuDeferredElementRequest
    _UIMainMenuDeferredElementRequestAction
    _UIMainMenuDeferredElementRequestActionResponse
    _UIMainMenuSessionRequest
    _UIMainMenuSessionRequestAction
    _UIMainMenuSessionRequestActionResponse
    _UIMainMenuStateRequest
    _UIMainMenuStateRequestAction
    _UIMainMenuStateRequestActionResponse
    _UINSURLRequestImageLoader
    _UIOBannerRequestAction
    _UIOHypogeanViewRequestAction_TestingOnly
    _UIOHypogeanViewRequestConfiguration
    _UIORequestEditMenuDismissalAction
    _UIORequestEditMenuPresentationAction
    _UIORequestEditMenuTraitUpdateAction
    _UIORequestEditMenuUpdateAction
    _UIORequestKeyShortcutHUDDismissalAction
    _UIORequestKeyShortcutHUDPresentationAction
    _UIORequestKeyShortcutHUDPresentationActionResponse
    _UIOrientationRequestAction
    _UIRemoteKeyboardsToken
    _UIRemoteViewControllerConnectionRequest
    _UIRotaryGestureRecognizer
    _UIRotatingAlertController
    _UIRotationGestureRecognizerDriver
    _UISEFirmwareEdgesFailGestureFeature
    _UISceneHostingEventDeferringFocusRequestActionToHost
    _UISceneSessionActivationRequest
    _UISearchBarTextFieldTokenCounter
    _UISearchBarTokenOptionsDismissalTransitioner
    _UISearchBarTokenOptionsPresentationTransitioner
    _UISearchToken
    _UISearchTokenAttachment
    _UISearchTokenAttachmentViewProvider
    _UISearchTokenLayoutView
    _UISignalAnalytics
    _UISignalViewCacheKey
    _UISpatialWorkspaceSceneRequestOptionBuilderProvider
    _UIStatusBarCellularFlatSignalView
    _UIStatusBarCellularNetworkTypeView
    _UIStatusBarCellularSignalView
    _UIStatusBarCellularSmallSignalView
    _UIStatusBarDataNetworkEntry
    _UIStatusBarDisplayItemPlacementNetworkGroup
    _UIStatusBarDualCellularSignalView
    _UIStatusBarEmergencySignalView
    _UIStatusBarIndicatorRotationLockItem
    _UIStatusBarSignalView
    _UIStatusBarSignalViewCacheKey
    _UIStatusBarWifiSignalView
    _UISystemBannerRequest
    _UITabSidebarHeaderFooterCell
    _UITableViewDropAnimationToTarget
    _UITableViewHeaderFooterContentView
    _UITableViewHeaderFooterViewBackground
    _UITableViewHeaderFooterViewLabel
    _UITableViewIgnoreDragsTokenImpl
    _UITextFieldDesignLibraryBackgroundProvider
    _UITextFieldEditingToken
    _UITextInputControllerTokenizer
    _UITextInputStringTokenizerSubrange
    _UITraitTokenSet
    _UIViewControllerTransitionRequest
    _UIViewWindowRotationNotificationObserver
    _UIWebDocumentViewRotationLayer
    _UIWiFiSignalView
    _UIWindowRotationAnimationController
    _UIWindowSceneActivationRequestOptions
    _UIWorkspaceSceneRequestOptionsFactory
    _UpdateRequestVisitor
    _VNCalculateImageAestheticsScoresDependentRequests
    _VNRequestForensicsParentChildRequests
    _VNRequestForensicsRequestAndErrorTuple
    _VNRequestForensicsRequestAndObservationsCacheKeyTuple
    _VNRequestRevisionsIntrospectionInstanceCreator
    _VNVisionCoreInferenceNetworkResourceDescriptor
    _WBSBookmarkFolderTouchIconProviderRequestInfo
    _WBSPendingLPLinkMetadataRequest
    _WBSSiteMetadataRequestInfo
    _WBSSiteMetadataToken
    _WKCustomHeaderFields
    _WKPublicKeyCredentialRequestOptions
    _WKTargetedElementRequest
    _WKTextManipulationToken
    _WKWebExtensionDeclarativeNetRequestRule
    _WKWebExtensionDeclarativeNetRequestTranslator
    _WKWebExtensionWebRequestFilter
    __HMActiveAssertion
    __HMFLocationAuthorizationRequest
    __HMHomeManagerRefreshRequest
    asn1IntegerToken
    asn1OSToken
    asn1ReceiptToken
    asn1SequenceToken
    asn1SetToken
    asn1Token
    os.OSSignpostIntervalState

==================== EXPORTS OpenSSL  matching /(HMAC|ECDH|EC_KEY|EC_POINT|SHA256|EVP_|PKEY|X25519|ECDSA)/ ====================
    ECDH_KDF_X9_62  @ 0x1085dbe20
    ECDH_compute_key  @ 0x1085d5d84
    ECDSA_SIG_free  @ 0x1085d1c78
    ECDSA_SIG_get0  @ 0x1085d1f54
    ECDSA_SIG_get0_r  @ 0x1085d1f70
    ECDSA_SIG_get0_s  @ 0x1085d1f78
    ECDSA_SIG_new  @ 0x1085d1c64
    ECDSA_SIG_set0  @ 0x1085d1f80
    ECDSA_do_sign  @ 0x1085dd628
    ECDSA_do_sign_ex  @ 0x1085dd684
    ECDSA_do_verify  @ 0x1085dd7d0
    ECDSA_sign  @ 0x1085dd6d4
    ECDSA_sign_ex  @ 0x1085dd730
    ECDSA_sign_setup  @ 0x1085dd780
    ECDSA_size  @ 0x1085d1fd4
    ECDSA_verify  @ 0x1085dd820
    EC_KEY_METHOD_free  @ 0x1085d5f18
    EC_KEY_METHOD_get_compute_key  @ 0x1085d5fc4
    EC_KEY_METHOD_get_init  @ 0x1085d5f68
    EC_KEY_METHOD_get_keygen  @ 0x1085d5fb4
    EC_KEY_METHOD_get_sign  @ 0x1085d5fd4
    EC_KEY_METHOD_get_verify  @ 0x1085d5ffc
    EC_KEY_METHOD_new  @ 0x1085d5eac
    EC_KEY_METHOD_set_compute_key  @ 0x1085d5f4c
    EC_KEY_METHOD_set_init  @ 0x1085d5f34
    EC_KEY_METHOD_set_keygen  @ 0x1085d5f44
    EC_KEY_METHOD_set_sign  @ 0x1085d5f54
    EC_KEY_METHOD_set_verify  @ 0x1085d5f60
    EC_KEY_OpenSSL  @ 0x1085d5bc4
    EC_KEY_can_sign  @ 0x1085d5b9c
    EC_KEY_check_key  @ 0x1085d4c1c
    EC_KEY_clear_flags  @ 0x1085d56a8
    EC_KEY_copy  @ 0x1085d4628
    EC_KEY_decoded_from_explicit_params  @ 0x1085d56c4
    EC_KEY_dup  @ 0x1085d47ec
    EC_KEY_free  @ 0x1085d44c8
    EC_KEY_generate_key  @ 0x1085d481c
    EC_KEY_get0_engine  @ 0x1085d4814
    EC_KEY_get0_group  @ 0x1085d5454
    EC_KEY_get0_private_key  @ 0x1085d5508
    EC_KEY_get0_public_key  @ 0x1085d564c
    EC_KEY_get_conv_form  @ 0x1085d5664
    EC_KEY_get_default_method  @ 0x1085d5bd0
    EC_KEY_get_enc_flags  @ 0x1085d5654
    EC_KEY_get_ex_data  @ 0x1085d8398
    EC_KEY_get_flags  @ 0x1085d56a0
    EC_KEY_get_method  @ 0x1085d5bf8
    EC_KEY_key2buf  @ 0x1085d56e0
    EC_KEY_new  @ 0x1085d441c
    EC_KEY_new_by_curve_name  @ 0x1085d45a0
    EC_KEY_new_by_curve_name_ex  @ 0x1085d4434
    EC_KEY_new_ex  @ 0x1085d442c
    EC_KEY_new_method  @ 0x1085d5d78
    EC_KEY_oct2key  @ 0x1085d570c
    EC_KEY_oct2priv  @ 0x1085d58d0
    EC_KEY_precompute_mult  @ 0x1085d5690
    EC_KEY_print  @ 0x1085cfac8
    EC_KEY_print_fp  @ 0x1085dddcc
    EC_KEY_priv2buf  @ 0x1085d5a38
    EC_KEY_priv2oct  @ 0x1085d57bc
    EC_KEY_set_asn1_flag  @ 0x1085d5680
    EC_KEY_set_conv_form  @ 0x1085d566c
    EC_KEY_set_default_method  @ 0x1085d5bdc
    EC_KEY_set_enc_flags  @ 0x1085d565c
    EC_KEY_set_ex_data  @ 0x1085d8390
    EC_KEY_set_flags  @ 0x1085d54ec
    EC_KEY_set_group  @ 0x1085d545c
    EC_KEY_set_method  @ 0x1085d5c00
    EC_KEY_set_private_key  @ 0x1085d5510
    EC_KEY_set_public_key  @ 0x1085d53d4
    EC_KEY_set_public_key_affine_coordinates  @ 0x1085d5230
    EC_KEY_up_ref  @ 0x1085d47f4
    EC_POINT_add  @ 0x1085d7bbc
    EC_POINT_bn2point  @ 0x1085d42bc
    EC_POINT_clear_free  @ 0x1085d63d8
    EC_POINT_cmp  @ 0x1085d7310
    EC_POINT_copy  @ 0x1085d679c
    EC_POINT_dbl  @ 0x1085d7cc4
    EC_POINT_dup  @ 0x1085d73f0
    EC_POINT_free  @ 0x1085d62c0
    EC_POINT_get_Jprojective_coordinates_GFp  @ 0x1085d75c0
    EC_POINT_get_affine_coordinates  @ 0x1085d79d8
    EC_POINT_get_affine_coordinates_GF2m  @ 0x1085d7bb8
    EC_POINT_get_affine_coordinates_GFp  @ 0x1085d7bb4
    EC_POINT_hex2point  @ 0x1085dbb64
    EC_POINT_invert  @ 0x1085d7da4
    EC_POINT_is_at_infinity  @ 0x1085d7b00
    EC_POINT_is_on_curve  @ 0x1085d775c
    EC_POINT_make_affine  @ 0x1085d7e58
    EC_POINT_method_of  @ 0x1085d7464
    EC_POINT_mul  @ 0x1085d81a0
    EC_POINT_new  @ 0x1085d668c
    EC_POINT_oct2point  @ 0x1085dabb8
    EC_POINT_point2bn  @ 0x1085d4248
    EC_POINT_point2buf  @ 0x1085dac98
    EC_POINT_point2hex  @ 0x1085dba98
    EC_POINT_point2oct  @ 0x1085daa94
    EC_POINT_set_Jprojective_coordinates_GFp  @ 0x1085d7508
    EC_POINT_set_affine_coordinates  @ 0x1085d7678
    EC_POINT_set_affine_coordinates_GF2m  @ 0x1085d78f4
    EC_POINT_set_affine_coordinates_GFp  @ 0x1085d7810
    EC_POINT_set_compressed_coordinates  @ 0x1085da9ac
    EC_POINT_set_compressed_coordinates_GF2m  @ 0x1085daa90
    EC_POINT_set_compressed_coordinates_GFp  @ 0x1085daa8c
    EC_POINT_set_to_infinity  @ 0x1085d746c
    EC_POINTs_make_affine  @ 0x1085d7f0c
    EC_POINTs_mul  @ 0x1085d7fe0
    ERR_load_EVP_strings  @ 0x1085eb288
    EVP_ASYM_CIPHER_do_all_provided  @ 0x1085ee4a0
    EVP_ASYM_CIPHER_fetch  @ 0x1085ee0dc
    EVP_ASYM_CIPHER_free  @ 0x1085ee034
    EVP_ASYM_CIPHER_get0_description  @ 0x1085ee498
    EVP_ASYM_CIPHER_get0_name  @ 0x1085ee490
    EVP_ASYM_CIPHER_get0_provider  @ 0x1085ee0d4
    EVP_ASYM_CIPHER_gettable_ctx_params  @ 0x1085ee4ec
    EVP_ASYM_CIPHER_is_a  @ 0x1085ee470
    EVP_ASYM_CIPHER_names_do_all  @ 0x1085ee4c8
    EVP_ASYM_CIPHER_settable_ctx_params  @ 0x1085ee534
    EVP_ASYM_CIPHER_up_ref  @ 0x1085ee0b8
    EVP_BytesToKey  @ 0x10860854c
    EVP_CIPHER_CTX_buf_noconst  @ 0x108609ab0
    EVP_CIPHER_CTX_cipher  @ 0x108609744
    EVP_CIPHER_CTX_clear_flags  @ 0x10860a360
    EVP_CIPHER_CTX_copy  @ 0x108606b84
    EVP_CIPHER_CTX_ctrl  @ 0x108606104
    EVP_CIPHER_CTX_dup  @ 0x108606b08
    EVP_CIPHER_CTX_free  @ 0x108604638
    EVP_CIPHER_CTX_get0_cipher  @ 0x108609750
    EVP_CIPHER_CTX_get1_cipher  @ 0x10860975c
    EVP_CIPHER_CTX_get_app_data  @ 0x1086097a0
    EVP_CIPHER_CTX_get_block_size  @ 0x108609658
    EVP_CIPHER_CTX_get_cipher_data  @ 0x1086097b0
    EVP_CIPHER_CTX_get_iv_length  @ 0x108608d4c
    EVP_CIPHER_CTX_get_key_length  @ 0x108609bf4
    EVP_CIPHER_CTX_get_nid  @ 0x108609cc4
    EVP_CIPHER_CTX_get_num  @ 0x108609ab8
    EVP_CIPHER_CTX_get_original_iv  @ 0x108609a28
    EVP_CIPHER_CTX_get_params  @ 0x108606920
    EVP_CIPHER_CTX_get_tag_length  @ 0x1086097d4
    EVP_CIPHER_CTX_get_updated_iv  @ 0x1086099a0
    EVP_CIPHER_CTX_gettable_params  @ 0x108606a14
    EVP_CIPHER_CTX_is_encrypting  @ 0x108609798
    EVP_CIPHER_CTX_iv  @ 0x108609868
    EVP_CIPHER_CTX_iv_noconst  @ 0x108609904
    EVP_CIPHER_CTX_new  @ 0x108604608
    EVP_CIPHER_CTX_original_iv  @ 0x108608f90
    EVP_CIPHER_CTX_rand_key  @ 0x108606a68
    EVP_CIPHER_CTX_reset  @ 0x108604450
    EVP_CIPHER_CTX_set_app_data  @ 0x1086097a8
    EVP_CIPHER_CTX_set_cipher_data  @ 0x1086097b8
    EVP_CIPHER_CTX_set_flags  @ 0x10860a2bc
    EVP_CIPHER_CTX_set_key_length  @ 0x108605ed0
    EVP_CIPHER_CTX_set_num  @ 0x108609b50
    EVP_CIPHER_CTX_set_padding  @ 0x10860673c
    EVP_CIPHER_CTX_set_params  @ 0x108606828
    EVP_CIPHER_CTX_settable_params  @ 0x1086069c0
    EVP_CIPHER_CTX_test_flags  @ 0x10860a400
    EVP_CIPHER_asn1_to_param  @ 0x108608a94
    EVP_CIPHER_do_all  @ 0x108613984
    EVP_CIPHER_do_all_provided  @ 0x1086073a0
    EVP_CIPHER_do_all_sorted  @ 0x1086139f8
    EVP_CIPHER_fetch  @ 0x108606e2c
    EVP_CIPHER_free  @ 0x10860457c
    EVP_CIPHER_get0_description  @ 0x108609cfc
    EVP_CIPHER_get0_name  @ 0x108609cdc
    EVP_CIPHER_get0_provider  @ 0x108609d38
    EVP_CIPHER_get_asn1_iv  @ 0x108608c80
    EVP_CIPHER_get_block_size  @ 0x10860964c
    EVP_CIPHER_get_flags  @ 0x10860902c
    EVP_CIPHER_get_iv_length  @ 0x1086097c8
    EVP_CIPHER_get_key_length  @ 0x108609bec
    EVP_CIPHER_get_mode  @ 0x108609038
    EVP_CIPHER_get_nid  @ 0x108609368
    EVP_CIPHER_get_params  @ 0x10860680c
    EVP_CIPHER_get_type  @ 0x1086091c4
    EVP_CIPHER_gettable_ctx_params  @ 0x10860697c
    EVP_CIPHER_gettable_params  @ 0x108606940
    EVP_CIPHER_impl_ctx_size  @ 0x108609670
    EVP_CIPHER_is_a  @ 0x10860904c
    EVP_CIPHER_meth_dup  @ 0x1085f19c4
    EVP_CIPHER_meth_free  @ 0x1085f1a70
    EVP_CIPHER_meth_get_cleanup  @ 0x1085f1b94
    EVP_CIPHER_meth_get_ctrl  @ 0x1085f1bac
    EVP_CIPHER_meth_get_do_cipher  @ 0x1085f1b8c
    EVP_CIPHER_meth_get_get_asn1_params  @ 0x1085f1ba4
    EVP_CIPHER_meth_get_init  @ 0x1085f1b84
    EVP_CIPHER_meth_get_set_asn1_params  @ 0x1085f1b9c
    EVP_CIPHER_meth_new  @ 0x1085f1980
    EVP_CIPHER_meth_set_cleanup  @ 0x1085f1b14
    EVP_CIPHER_meth_set_ctrl  @ 0x1085f1b68
    EVP_CIPHER_meth_set_do_cipher  @ 0x1085f1af8
    EVP_CIPHER_meth_set_flags  @ 0x1085f1aa4
    EVP_CIPHER_meth_set_get_asn1_params  @ 0x1085f1b4c
    EVP_CIPHER_meth_set_impl_ctx_size  @ 0x1085f1ac0
    EVP_CIPHER_meth_set_init  @ 0x1085f1adc
    EVP_CIPHER_meth_set_iv_length  @ 0x1085f1a88
    EVP_CIPHER_meth_set_set_asn1_params  @ 0x1085f1b30
    EVP_CIPHER_names_do_all  @ 0x108609d14
    EVP_CIPHER_param_to_asn1  @ 0x1086087fc
    EVP_CIPHER_set_asn1_iv  @ 0x108608e8c
    EVP_CIPHER_settable_ctx_params  @ 0x1086060c0
    EVP_CIPHER_up_ref  @ 0x108606dd4
    EVP_Cipher  @ 0x108609678
    EVP_CipherFinal  @ 0x1086059ec
    EVP_CipherFinal_ex  @ 0x108605334
    EVP_CipherInit  @ 0x108604f5c
    EVP_CipherInit_ex  @ 0x108604fbc
    EVP_CipherInit_ex2  @ 0x108604670
    EVP_CipherUpdate  @ 0x108604fc4
    EVP_DecodeBlock  @ 0x108604204
    EVP_DecodeFinal  @ 0x108604218
    EVP_DecodeInit  @ 0x108603dc8
    EVP_DecodeUpdate  @ 0x108603dd8
    EVP_DecryptFinal  @ 0x108605a00
    EVP_DecryptFinal_ex  @ 0x1086055f4
    EVP_DecryptInit  @ 0x108605a7c
    EVP_DecryptInit_ex  @ 0x108605ad0
    EVP_DecryptInit_ex2  @ 0x108605adc
    EVP_DecryptUpdate  @ 0x108604fd4
    EVP_Digest  @ 0x1085f8590
    EVP_DigestFinal  @ 0x1085f7984
    EVP_DigestFinalXOF  @ 0x1085f7c70
    EVP_DigestFinal_ex  @ 0x1085f79e8
    EVP_DigestInit  @ 0x1085f77dc
    EVP_DigestInit_ex  @ 0x1085f7848
    EVP_DigestInit_ex2  @ 0x1085f7258
    EVP_DigestSign  @ 0x108612104
    EVP_DigestSignFinal  @ 0x108611d00
    EVP_DigestSignInit  @ 0x108611a1c
    EVP_DigestSignInit_ex  @ 0x10861121c
    EVP_DigestSignUpdate  @ 0x108611ad0
    EVP_DigestSqueeze  @ 0x1085f7f48
    EVP_DigestUpdate  @ 0x1085f7854
    EVP_DigestVerify  @ 0x1086124c8
    EVP_DigestVerifyFinal  @ 0x10861223c
    EVP_DigestVerifyInit  @ 0x108611a94
    EVP_DigestVerifyInit_ex  @ 0x108611a54
    EVP_DigestVerifyUpdate  @ 0x108611be8
    EVP_ENCODE_CTX_copy  @ 0x108603774
    EVP_ENCODE_CTX_free  @ 0x108603764
    EVP_ENCODE_CTX_new  @ 0x108603750
    EVP_ENCODE_CTX_num  @ 0x108603794
    EVP_EncodeBlock  @ 0x108603cd8
    EVP_EncodeFinal  @ 0x108603b90
    EVP_EncodeInit  @ 0x1086037a4
    EVP_EncodeUpdate  @ 0x1086037b8
    EVP_EncryptFinal  @ 0x1086059fc
    EVP_EncryptFinal_ex  @ 0x108605344
    EVP_EncryptInit  @ 0x108605a04
    EVP_EncryptInit_ex  @ 0x108605a58
    EVP_EncryptInit_ex2  @ 0x108605a64
    EVP_EncryptUpdate  @ 0x1087a9fb0
    EVP_KDF_CTX_dup  @ 0x10860dcd8
    EVP_KDF_CTX_free  @ 0x10860dc88
    EVP_KDF_CTX_get_kdf_size  @ 0x10860de54
    EVP_KDF_CTX_get_params  @ 0x10860df74
    EVP_KDF_CTX_gettable_params  @ 0x10860e534
    EVP_KDF_CTX_kdf  @ 0x10860de30
    EVP_KDF_CTX_new  @ 0x10860db60
    EVP_KDF_CTX_reset  @ 0x10860de38
    EVP_KDF_CTX_set_params  @ 0x10860df90
    EVP_KDF_CTX_settable_params  @ 0x10860e580
    EVP_KDF_derive  @ 0x10860df48
    EVP_KDF_do_all_provided  @ 0x10860e5cc
    EVP_KDF_fetch  @ 0x10860dfd0
    EVP_KDF_free  @ 0x10860e3f8
    EVP_KDF_get0_description  @ 0x10860ddec
    EVP_KDF_get0_name  @ 0x10860dde4
    EVP_KDF_get0_provider  @ 0x10860de28
    EVP_KDF_get_params  @ 0x10860df5c
    EVP_KDF_gettable_ctx_params  @ 0x10860e4b4
    EVP_KDF_gettable_params  @ 0x10860e47c
    EVP_KDF_is_a  @ 0x10860ddf4
    EVP_KDF_names_do_all  @ 0x10860dfac
    EVP_KDF_settable_ctx_params  @ 0x10860e4f4
    EVP_KDF_up_ref  @ 0x10860e3dc
    EVP_KEM_do_all_provided  @ 0x10860f174
    EVP_KEM_fetch  @ 0x10860edb4
    EVP_KEM_free  @ 0x10860ed0c
    EVP_KEM_get0_description  @ 0x10860f16c
    EVP_KEM_get0_name  @ 0x10860f164
    EVP_KEM_get0_provider  @ 0x10860edac
    EVP_KEM_gettable_ctx_params  @ 0x10860f1c0
    EVP_KEM_is_a  @ 0x10860f128
    EVP_KEM_names_do_all  @ 0x10860f19c
    EVP_KEM_settable_ctx_params  @ 0x10860f208
    EVP_KEM_up_ref  @ 0x10860ed90
    EVP_KEYEXCH_do_all_provided  @ 0x10860da84
    EVP_KEYEXCH_fetch  @ 0x10860ccac
    EVP_KEYEXCH_free  @ 0x10860cc04
    EVP_KEYEXCH_get0_description  @ 0x10860da48
    EVP_KEYEXCH_get0_name  @ 0x10860da40
    EVP_KEYEXCH_get0_provider  @ 0x10860cca4
    EVP_KEYEXCH_gettable_ctx_params  @ 0x10860dad0
    EVP_KEYEXCH_is_a  @ 0x10860da50
    EVP_KEYEXCH_names_do_all  @ 0x10860daac
    EVP_KEYEXCH_settable_ctx_params  @ 0x10860db18
    EVP_KEYEXCH_up_ref  @ 0x10860cc88
    EVP_KEYMGMT_do_all_provided  @ 0x1086104cc
    EVP_KEYMGMT_fetch  @ 0x108610448
    EVP_KEYMGMT_free  @ 0x1086103c4
    EVP_KEYMGMT_gen_settable_params  @ 0x1086105f0
    EVP_KEYMGMT_get0_description  @ 0x108610488
    EVP_KEYMGMT_get0_name  @ 0x108610490
    EVP_KEYMGMT_get0_provider  @ 0x108610470
    EVP_KEYMGMT_gettable_params  @ 0x1086106b8
    EVP_KEYMGMT_is_a  @ 0x108610498
    EVP_KEYMGMT_names_do_all  @ 0x1086104f4
    EVP_KEYMGMT_settable_params  @ 0x108610710
    EVP_KEYMGMT_up_ref  @ 0x1086103a8
    EVP_MAC_CTX_dup  @ 0x108612770
    EVP_MAC_CTX_free  @ 0x108612720
    EVP_MAC_CTX_get0_mac  @ 0x108612864
    EVP_MAC_CTX_get_block_size  @ 0x10861292c
    EVP_MAC_CTX_get_mac_size  @ 0x10861286c
    EVP_MAC_CTX_get_params  @ 0x108612ce4
    EVP_MAC_CTX_gettable_params  @ 0x10861355c
    EVP_MAC_CTX_new  @ 0x108612648
    EVP_MAC_CTX_set_params  @ 0x108612d00
    EVP_MAC_CTX_settable_params  @ 0x1086135a0
    EVP_MAC_do_all_provided  @ 0x1086135e4
    EVP_MAC_fetch  @ 0x108613014
    EVP_MAC_final  @ 0x108612a04
    EVP_MAC_finalXOF  @ 0x108612cb8
    EVP_MAC_free  @ 0x108613410
    EVP_MAC_get0_description  @ 0x108612d2c
    EVP_MAC_get0_name  @ 0x108612d24
    EVP_MAC_get0_provider  @ 0x108613494
    EVP_MAC_get_params  @ 0x108612ccc
    EVP_MAC_gettable_ctx_params  @ 0x1086134d4
    EVP_MAC_gettable_params  @ 0x10861349c
    EVP_MAC_init  @ 0x1086129ec
    EVP_MAC_is_a  @ 0x108612d34
    EVP_MAC_names_do_all  @ 0x108612d68
    EVP_MAC_settable_ctx_params  @ 0x108613518
    EVP_MAC_up_ref  @ 0x1086133f4
    EVP_MAC_update  @ 0x1086129f8
    EVP_MD_CTX_clear_flags  @ 0x10860a28c
    EVP_MD_CTX_copy  @ 0x1085f8508
    EVP_MD_CTX_copy_ex  @ 0x1085f80ec
    EVP_MD_CTX_ctrl  @ 0x1085f89ac
    EVP_MD_CTX_dup  @ 0x1085f8040
    EVP_MD_CTX_free  @ 0x1085f719c
    EVP_MD_CTX_get0_md  @ 0x10860a1d4
    EVP_MD_CTX_get0_md_data  @ 0x10860a2a4
    EVP_MD_CTX_get1_md  @ 0x10860a1e0
    EVP_MD_CTX_get_params  @ 0x1085f7c18
    EVP_MD_CTX_get_pkey_ctx  @ 0x10860a21c
    EVP_MD_CTX_gettable_params  @ 0x1085f8920
    EVP_MD_CTX_md  @ 0x10860a1c8
    EVP_MD_CTX_new  @ 0x1085f7188
    EVP_MD_CTX_reset  @ 0x1085f6f8c
    EVP_MD_CTX_set_flags  @ 0x10860a278
    EVP_MD_CTX_set_params  @ 0x1085f7ef0
    EVP_MD_CTX_set_pkey_ctx  @ 0x10860a224
    EVP_MD_CTX_set_update_fn  @ 0x10860a2b4
    EVP_MD_CTX_settable_params  @ 0x1085f8850
    EVP_MD_CTX_test_flags  @ 0x10860a26c
    EVP_MD_CTX_update_fn  @ 0x10860a2ac
    EVP_MD_do_all  @ 0x108613a44
    EVP_MD_do_all_provided  @ 0x1085f9150
    EVP_MD_do_all_sorted  @ 0x108613ab8
    EVP_MD_fetch  @ 0x1085f878c
    EVP_MD_free  @ 0x1085f6f50
    EVP_MD_get0_description  @ 0x108609df4
    EVP_MD_get0_name  @ 0x108609dc8
    EVP_MD_get0_provider  @ 0x108609e38
    EVP_MD_get_block_size  @ 0x108609e48
    EVP_MD_get_flags  @ 0x108609ee0
    EVP_MD_get_params  @ 0x1085f87b4
    EVP_MD_get_pkey_type  @ 0x108609e40
    EVP_MD_get_size  @ 0x108609e94
    EVP_MD_get_type  @ 0x108609e0c
    EVP_MD_gettable_ctx_params  @ 0x1085f88dc
    EVP_MD_gettable_params  @ 0x1085f87d0
    EVP_MD_is_a  @ 0x108609d40
    EVP_MD_meth_dup  @ 0x108609f1c
    EVP_MD_meth_free  @ 0x10860a000
    EVP_MD_meth_get_app_datasize  @ 0x10860a188
    EVP_MD_meth_get_cleanup  @ 0x10860a1b8
    EVP_MD_meth_get_copy  @ 0x10860a1b0
    EVP_MD_meth_get_ctrl  @ 0x10860a1c0
    EVP_MD_meth_get_final  @ 0x10860a1a8
    EVP_MD_meth_get_flags  @ 0x10860a190
    EVP_MD_meth_get_init  @ 0x10860a198
    EVP_MD_meth_get_input_blocksize  @ 0x10860a178
    EVP_MD_meth_get_result_size  @ 0x10860a180
    EVP_MD_meth_get_update  @ 0x10860a1a0
    EVP_MD_meth_new  @ 0x108609ee8
    EVP_MD_meth_set_app_datasize  @ 0x10860a098
    EVP_MD_meth_set_cleanup  @ 0x10860a140
    EVP_MD_meth_set_copy  @ 0x10860a124
    EVP_MD_meth_set_ctrl  @ 0x10860a15c
    EVP_MD_meth_set_final  @ 0x10860a108
    EVP_MD_meth_set_flags  @ 0x10860a0b4
    EVP_MD_meth_set_init  @ 0x10860a0d0
    EVP_MD_meth_set_input_blocksize  @ 0x10860a060
    EVP_MD_meth_set_result_size  @ 0x10860a07c
    EVP_MD_meth_set_update  @ 0x10860a0ec
    EVP_MD_names_do_all  @ 0x108609e14
    EVP_MD_settable_ctx_params  @ 0x1085f880c
    EVP_MD_up_ref  @ 0x1085f856c
    EVP_OpenFinal  @ 0x108618cf0
    EVP_OpenInit  @ 0x108618b48
    EVP_PBE_CipherInit  @ 0x10860abbc
    EVP_PBE_CipherInit_ex  @ 0x10860a7d0
    EVP_PBE_alg_add  @ 0x10860ad04
    EVP_PBE_alg_add_type  @ 0x10860abc8
    EVP_PBE_cleanup  @ 0x10860ae2c
    EVP_PBE_find  @ 0x10860ad70
    EVP_PBE_find_ex  @ 0x10860aae8
    EVP_PBE_get  @ 0x10860ae6c
    EVP_PBE_scrypt  @ 0x1086195b4
    EVP_PBE_scrypt_ex  @ 0x108619354
    EVP_PKCS82PKEY  @ 0x10860b268
    EVP_PKCS82PKEY_ex  @ 0x10860b090
    EVP_PKEY2PKCS8  @ 0x10860b274
    EVP_PKEY_CTX_add1_hkdf_info  @ 0x10861c16c
    EVP_PKEY_CTX_add1_tls1_prf_seed  @ 0x10861c0dc
    EVP_PKEY_CTX_ctrl  @ 0x10861bbd8
    EVP_PKEY_CTX_ctrl_str  @ 0x10861ce8c
    EVP_PKEY_CTX_ctrl_uint64  @ 0x10861ce64
    EVP_PKEY_CTX_dup  @ 0x10861ae2c
    EVP_PKEY_CTX_free  @ 0x10861acbc
    EVP_PKEY_CTX_get0_dh_kdf_oid  @ 0x1085f6758
    EVP_PKEY_CTX_get0_dh_kdf_ukm  @ 0x1085f6bac
    EVP_PKEY_CTX_get0_ecdh_kdf_ukm  @ 0x1086031a4
    EVP_PKEY_CTX_get0_libctx  @ 0x10861d16c
    EVP_PKEY_CTX_get0_peerkey  @ 0x10861d418
    EVP_PKEY_CTX_get0_pkey  @ 0x10861d410
    EVP_PKEY_CTX_get0_propq  @ 0x10861d174
    EVP_PKEY_CTX_get0_provider  @ 0x10861d17c
    EVP_PKEY_CTX_get0_rsa_oaep_label  @ 0x10867551c
    EVP_PKEY_CTX_get1_id  @ 0x10861c95c
    EVP_PKEY_CTX_get1_id_len  @ 0x10861c974
    EVP_PKEY_CTX_get_app_data  @ 0x10861d428
    EVP_PKEY_CTX_get_cb  @ 0x10861a0a4
    EVP_PKEY_CTX_get_data  @ 0x10861d408
    EVP_PKEY_CTX_get_dh_kdf_md  @ 0x1085f6788
    EVP_PKEY_CTX_get_dh_kdf_outlen  @ 0x1085f68dc
    EVP_PKEY_CTX_get_dh_kdf_type  @ 0x1085f6728
    EVP_PKEY_CTX_get_ecdh_cofactor_mode  @ 0x108602c54
    EVP_PKEY_CTX_get_ecdh_kdf_md  @ 0x108602dcc
    EVP_PKEY_CTX_get_ecdh_kdf_outlen  @ 0x108602f20
    EVP_PKEY_CTX_get_ecdh_kdf_type  @ 0x108602d9c
    EVP_PKEY_CTX_get_group_name  @ 0x10860a510
    EVP_PKEY_CTX_get_keygen_info  @ 0x10861a0ec
    EVP_PKEY_CTX_get_operation  @ 0x10861d3ec
    EVP_PKEY_CTX_get_params  @ 0x10861b4d0
    EVP_PKEY_CTX_get_rsa_mgf1_md  @ 0x108675384
    EVP_PKEY_CTX_get_rsa_mgf1_md_name  @ 0x108675330
    EVP_PKEY_CTX_get_rsa_oaep_md  @ 0x108675278
    EVP_PKEY_CTX_get_rsa_oaep_md_name  @ 0x1086750fc
    EVP_PKEY_CTX_get_rsa_padding  @ 0x108674e50
    EVP_PKEY_CTX_get_rsa_pss_saltlen  @ 0x10867568c
    EVP_PKEY_CTX_get_signature_md  @ 0x10861ba18
    EVP_PKEY_CTX_gettable_params  @ 0x10861b648
    EVP_PKEY_CTX_hex2ctrl  @ 0x10861d2ac
    EVP_PKEY_CTX_is_a  @ 0x10861b2f4
    EVP_PKEY_CTX_md  @ 0x10861d358
    EVP_PKEY_CTX_new  @ 0x10861adf4
    EVP_PKEY_CTX_new_from_name  @ 0x10861a784
    EVP_PKEY_CTX_new_from_pkey  @ 0x10861ab5c
    EVP_PKEY_CTX_new_id  @ 0x10861ae10
    EVP_PKEY_CTX_set0_dh_kdf_oid  @ 0x1085f6740
    EVP_PKEY_CTX_set0_dh_kdf_ukm  @ 0x1085f6a40
    EVP_PKEY_CTX_set0_ecdh_kdf_ukm  @ 0x108603068
    EVP_PKEY_CTX_set0_keygen_info  @ 0x10861d3f4
    EVP_PKEY_CTX_set0_rsa_oaep_label  @ 0x1086753c0
    EVP_PKEY_CTX_set1_hkdf_key  @ 0x10861c144
    EVP_PKEY_CTX_set1_hkdf_salt  @ 0x10861c11c
    EVP_PKEY_CTX_set1_id  @ 0x10861c944
    EVP_PKEY_CTX_set1_pbe_pass  @ 0x10861c618
    EVP_PKEY_CTX_set1_rsa_keygen_pubexp  @ 0x1086759b8
    EVP_PKEY_CTX_set1_scrypt_salt  @ 0x10861c640
    EVP_PKEY_CTX_set1_tls1_prf_secret  @ 0x10861bee4
    EVP_PKEY_CTX_set_app_data  @ 0x10861d420
    EVP_PKEY_CTX_set_cb  @ 0x10861a09c
    EVP_PKEY_CTX_set_data  @ 0x10861d400
    EVP_PKEY_CTX_set_dh_kdf_md  @ 0x1085f6770
    EVP_PKEY_CTX_set_dh_kdf_outlen  @ 0x1085f67a0
    EVP_PKEY_CTX_set_dh_kdf_type  @ 0x1085f6710
    EVP_PKEY_CTX_set_dh_nid  @ 0x1085f6620
    EVP_PKEY_CTX_set_dh_pad  @ 0x1085f6638
    EVP_PKEY_CTX_set_dh_paramgen_generator  @ 0x1085f64c4
    EVP_PKEY_CTX_set_dh_paramgen_gindex  @ 0x1085f6000
    EVP_PKEY_CTX_set_dh_paramgen_prime_len  @ 0x1085f6264
    EVP_PKEY_CTX_set_dh_paramgen_seed  @ 0x1085f612c
    EVP_PKEY_CTX_set_dh_paramgen_subprime_len  @ 0x1085f6394
    EVP_PKEY_CTX_set_dh_paramgen_type  @ 0x1085f624c
    EVP_PKEY_CTX_set_dh_rfc5114  @ 0x1085f65f0
    EVP_PKEY_CTX_set_dhx_rfc5114  @ 0x1085f6608
    EVP_PKEY_CTX_set_dsa_paramgen_bits  @ 0x1085f9534
    EVP_PKEY_CTX_set_dsa_paramgen_gindex  @ 0x1085f92f8
    EVP_PKEY_CTX_set_dsa_paramgen_md  @ 0x1085f98ec
    EVP_PKEY_CTX_set_dsa_paramgen_md_props  @ 0x1085f9784
    EVP_PKEY_CTX_set_dsa_paramgen_q_bits  @ 0x1085f965c
    EVP_PKEY_CTX_set_dsa_paramgen_seed  @ 0x1085f941c
    EVP_PKEY_CTX_set_dsa_paramgen_type  @ 0x1085f91dc
    EVP_PKEY_CTX_set_ec_param_enc  @ 0x1086032f4
    EVP_PKEY_CTX_set_ec_paramgen_curve_nid  @ 0x1086032d4
    EVP_PKEY_CTX_set_ecdh_cofactor_mode  @ 0x108602b18
    EVP_PKEY_CTX_set_ecdh_kdf_md  @ 0x108602db4
    EVP_PKEY_CTX_set_ecdh_kdf_outlen  @ 0x108602de4
    EVP_PKEY_CTX_set_ecdh_kdf_type  @ 0x108602d84
    EVP_PKEY_CTX_set_group_name  @ 0x10860a40c
    EVP_PKEY_CTX_set_hkdf_md  @ 0x10861c104
    EVP_PKEY_CTX_set_hkdf_mode  @ 0x10861c458
    EVP_PKEY_CTX_set_kem_op  @ 0x10861c808
    EVP_PKEY_CTX_set_mac_key  @ 0x10861c7e0
    EVP_PKEY_CTX_set_params  @ 0x10861b334
    EVP_PKEY_CTX_set_rsa_keygen_bits  @ 0x1086757e4
    EVP_PKEY_CTX_set_rsa_keygen_primes  @ 0x108675a2c
    EVP_PKEY_CTX_set_rsa_keygen_pubexp  @ 0x10867591c
    EVP_PKEY_CTX_set_rsa_mgf1_md  @ 0x1086752d0
    EVP_PKEY_CTX_set_rsa_mgf1_md_name  @ 0x10867530c
    EVP_PKEY_CTX_set_rsa_oaep_md  @ 0x108675080
    EVP_PKEY_CTX_set_rsa_oaep_md_name  @ 0x1086750d8
    EVP_PKEY_CTX_set_rsa_padding  @ 0x108674e14
    EVP_PKEY_CTX_set_rsa_pss_keygen_md  @ 0x108674e8c
    EVP_PKEY_CTX_set_rsa_pss_keygen_md_name  @ 0x108674ea4
    EVP_PKEY_CTX_set_rsa_pss_keygen_mgf1_md  @ 0x10867534c
    EVP_PKEY_CTX_set_rsa_pss_keygen_mgf1_md_name  @ 0x108675364
    EVP_PKEY_CTX_set_rsa_pss_keygen_saltlen  @ 0x1086756c8
    EVP_PKEY_CTX_set_rsa_pss_saltlen  @ 0x108675650
    EVP_PKEY_CTX_set_scrypt_N  @ 0x10861c668
    EVP_PKEY_CTX_set_scrypt_maxmem_bytes  @ 0x10861c7cc
    EVP_PKEY_CTX_set_scrypt_p  @ 0x10861c7b8
    EVP_PKEY_CTX_set_scrypt_r  @ 0x10861c7a4
    EVP_PKEY_CTX_set_signature_md  @ 0x10861bd08
    EVP_PKEY_CTX_set_tls1_prf_md  @ 0x10861becc
    EVP_PKEY_CTX_settable_params  @ 0x10861b778
    EVP_PKEY_CTX_str2ctrl  @ 0x10861d244
    EVP_PKEY_Q_keygen  @ 0x10860a5f0
    EVP_PKEY_add1_attr  @ 0x10860b44c
    EVP_PKEY_add1_attr_by_NID  @ 0x10860b48c
    EVP_PKEY_add1_attr_by_OBJ  @ 0x10860b46c
    EVP_PKEY_add1_attr_by_txt  @ 0x10860b4ac
    EVP_PKEY_asn1_add0  @ 0x10854f68c
    EVP_PKEY_asn1_add_alias  @ 0x10854f7dc
    EVP_PKEY_asn1_copy  @ 0x10854fa4c
    EVP_PKEY_asn1_find  @ 0x10854f4a8
    EVP_PKEY_asn1_find_str  @ 0x10854f570
    EVP_PKEY_asn1_free  @ 0x10854f990
    EVP_PKEY_asn1_get0  @ 0x10854f474
    EVP_PKEY_asn1_get0_info  @ 0x10854f9f4
    EVP_PKEY_asn1_get_count  @ 0x10854f448
    EVP_PKEY_asn1_new  @ 0x10854f88c
    EVP_PKEY_asn1_set_check  @ 0x10854faf4
    EVP_PKEY_asn1_set_ctrl  @ 0x10854fad4
    EVP_PKEY_asn1_set_free  @ 0x10854facc
    EVP_PKEY_asn1_set_get_priv_key  @ 0x10854fb1c
    EVP_PKEY_asn1_set_get_pub_key  @ 0x10854fb24
    EVP_PKEY_asn1_set_item  @ 0x10854fae4
    EVP_PKEY_asn1_set_param  @ 0x10854fabc
    EVP_PKEY_asn1_set_param_check  @ 0x10854fb04
    EVP_PKEY_asn1_set_private  @ 0x10854fab0
    EVP_PKEY_asn1_set_public  @ 0x10854faa0
    EVP_PKEY_asn1_set_public_check  @ 0x10854fafc
    EVP_PKEY_asn1_set_security_bits  @ 0x10854fadc
    EVP_PKEY_asn1_set_set_priv_key  @ 0x10854fb0c
    EVP_PKEY_asn1_set_set_pub_key  @ 0x10854fb14
    EVP_PKEY_asn1_set_siginf  @ 0x10854faec
    EVP_PKEY_assign  @ 0x1086160b4
    EVP_PKEY_auth_decapsulate_init  @ 0x10860ec30
    EVP_PKEY_auth_encapsulate_init  @ 0x10860e5f4
    EVP_PKEY_can_sign  @ 0x108616d94
    EVP_PKEY_check  @ 0x1086199fc
    EVP_PKEY_cmp  @ 0x108615628
    EVP_PKEY_cmp_parameters  @ 0x1086155dc
    EVP_PKEY_copy_parameters  @ 0x108614d7c
    EVP_PKEY_decapsulate  @ 0x10860ec48
    EVP_PKEY_decapsulate_init  @ 0x10860ec20
    EVP_PKEY_decrypt  @ 0x1085edcfc
    EVP_PKEY_decrypt_init  @ 0x1085edce4
    EVP_PKEY_decrypt_init_ex  @ 0x1085edcf0
    EVP_PKEY_decrypt_old  @ 0x1086147fc
    EVP_PKEY_delete_attr  @ 0x10860b444
    EVP_PKEY_derive  @ 0x10860d82c
    EVP_PKEY_derive_init  @ 0x10860cff0
    EVP_PKEY_derive_init_ex  @ 0x10860cff8
    EVP_PKEY_derive_set_peer  @ 0x10860d824
    EVP_PKEY_derive_set_peer_ex  @ 0x10860d49c
    EVP_PKEY_digestsign_supports_digest  @ 0x108617524
    EVP_PKEY_dup  @ 0x108617afc
    EVP_PKEY_encapsulate  @ 0x10860eb68
    EVP_PKEY_encapsulate_init  @ 0x10860eb58
    EVP_PKEY_encrypt  @ 0x1085edac0
    EVP_PKEY_encrypt_init  @ 0x1085ed5ac
    EVP_PKEY_encrypt_init_ex  @ 0x1085edab4
    EVP_PKEY_encrypt_old  @ 0x10861489c
    EVP_PKEY_eq  @ 0x10861562c
    EVP_PKEY_export  @ 0x10861a4f0
    EVP_PKEY_free  @ 0x10861554c
    EVP_PKEY_fromdata  @ 0x10861a260
    EVP_PKEY_fromdata_init  @ 0x10861a1dc
    EVP_PKEY_fromdata_settable  @ 0x10861a3a8
    EVP_PKEY_generate  @ 0x108619ce0
    EVP_PKEY_get0  @ 0x108616278
    EVP_PKEY_get0_DH  @ 0x108616834
    EVP_PKEY_get0_DSA  @ 0x1086163fc
    EVP_PKEY_get0_EC_KEY  @ 0x108614b68
    EVP_PKEY_get0_RSA  @ 0x1086149d0
    EVP_PKEY_get0_asn1  @ 0x10854fa44
    EVP_PKEY_get0_description  @ 0x108617e2c
    EVP_PKEY_get0_hmac  @ 0x108616294
    EVP_PKEY_get0_poly1305  @ 0x10861630c
    EVP_PKEY_get0_provider  @ 0x10860b528
    EVP_PKEY_get0_siphash  @ 0x108616384
    EVP_PKEY_get0_type_name  @ 0x10860b4cc
    EVP_PKEY_get1_DH  @ 0x10861688c
    EVP_PKEY_get1_DSA  @ 0x108616488
    EVP_PKEY_get1_EC_KEY  @ 0x108614bd0
    EVP_PKEY_get1_RSA  @ 0x108614a28
    EVP_PKEY_get1_encoded_public_key  @ 0x1086176fc
    EVP_PKEY_get_attr  @ 0x10860b43c
    EVP_PKEY_get_attr_by_NID  @ 0x10860b42c
    EVP_PKEY_get_attr_by_OBJ  @ 0x10860b434
    EVP_PKEY_get_attr_count  @ 0x10860b424
    EVP_PKEY_get_base_id  @ 0x108616910
    EVP_PKEY_get_bits  @ 0x108614c50
    EVP_PKEY_get_bn_param  @ 0x108617e68
    EVP_PKEY_get_default_digest_name  @ 0x1086172f8
    EVP_PKEY_get_default_digest_nid  @ 0x1086172c0
    EVP_PKEY_get_ec_point_conv_form  @ 0x108618674
    EVP_PKEY_get_ex_data  @ 0x108614d74
    EVP_PKEY_get_field_type  @ 0x1086187d8
    EVP_PKEY_get_group_name  @ 0x1086173b4
    EVP_PKEY_get_id  @ 0x108616908
    EVP_PKEY_get_int_param  @ 0x108618154
    EVP_PKEY_get_octet_string_param  @ 0x1086177f4
    EVP_PKEY_get_params  @ 0x1086180c8
    EVP_PKEY_get_raw_private_key  @ 0x108615a90
    EVP_PKEY_get_raw_public_key  @ 0x108615c20
    EVP_PKEY_get_security_bits  @ 0x108614cc4
    EVP_PKEY_get_size  @ 0x108617db8
    EVP_PKEY_get_size_t_param  @ 0x108618254
    EVP_PKEY_get_utf8_string_param  @ 0x1086173cc
    EVP_PKEY_gettable_params  @ 0x10861865c
    EVP_PKEY_is_a  @ 0x108616cfc
    EVP_PKEY_keygen  @ 0x10861a04c
    EVP_PKEY_keygen_init  @ 0x108619cd8
    EVP_PKEY_meth_add0  @ 0x10861b148
    EVP_PKEY_meth_copy  @ 0x10861ad84
    EVP_PKEY_meth_find  @ 0x10861a5c0
    EVP_PKEY_meth_free  @ 0x10861add4
    EVP_PKEY_meth_get0  @ 0x10861b284
    EVP_PKEY_meth_get0_info  @ 0x10861ad68
    EVP_PKEY_meth_get_check  @ 0x10861d648
    EVP_PKEY_meth_get_cleanup  @ 0x10861d4e8
    EVP_PKEY_meth_get_copy  @ 0x10861d4dc
    EVP_PKEY_meth_get_count  @ 0x10861b254
    EVP_PKEY_meth_get_ctrl  @ 0x10861d60c
    EVP_PKEY_meth_get_decrypt  @ 0x10861d5d4
    EVP_PKEY_meth_get_derive  @ 0x10861d5f0
    EVP_PKEY_meth_get_digest_custom  @ 0x10861d678
    EVP_PKEY_meth_get_digestsign  @ 0x10861d628
    EVP_PKEY_meth_get_digestverify  @ 0x10861d638
    EVP_PKEY_meth_get_encrypt  @ 0x10861d5b8
    EVP_PKEY_meth_get_init  @ 0x10861d4d0
    EVP_PKEY_meth_get_keygen  @ 0x10861d510
    EVP_PKEY_meth_get_param_check  @ 0x10861d668
    EVP_PKEY_meth_get_paramgen  @ 0x10861d4f4
    EVP_PKEY_meth_get_public_check  @ 0x10861d658
    EVP_PKEY_meth_get_sign  @ 0x10861d52c
    EVP_PKEY_meth_get_signctx  @ 0x10861d580
    EVP_PKEY_meth_get_verify  @ 0x10861d548
    EVP_PKEY_meth_get_verify_recover  @ 0x10861d564
    EVP_PKEY_meth_get_verifyctx  @ 0x10861d59c
    EVP_PKEY_meth_new  @ 0x10861a680
    EVP_PKEY_meth_remove  @ 0x10861b22c
    EVP_PKEY_meth_set_check  @ 0x10861d4b0
    EVP_PKEY_meth_set_cleanup  @ 0x10861d440
    EVP_PKEY_meth_set_copy  @ 0x10861d438
    EVP_PKEY_meth_set_ctrl  @ 0x10861d498
    EVP_PKEY_meth_set_decrypt  @ 0x10861d488
    EVP_PKEY_meth_set_derive  @ 0x10861d490
    EVP_PKEY_meth_set_digest_custom  @ 0x10861d4c8
    EVP_PKEY_meth_set_digestsign  @ 0x10861d4a0
    EVP_PKEY_meth_set_digestverify  @ 0x10861d4a8
    EVP_PKEY_meth_set_encrypt  @ 0x10861d480
    EVP_PKEY_meth_set_init  @ 0x10861d430
    EVP_PKEY_meth_set_keygen  @ 0x10861d450
    EVP_PKEY_meth_set_param_check  @ 0x10861d4c0
    EVP_PKEY_meth_set_paramgen  @ 0x10861d448
    EVP_PKEY_meth_set_public_check  @ 0x10861d4b8
    EVP_PKEY_meth_set_sign  @ 0x10861d458
    EVP_PKEY_meth_set_signctx  @ 0x10861d470
    EVP_PKEY_meth_set_verify  @ 0x10861d460
    EVP_PKEY_meth_set_verify_recover  @ 0x10861d468
    EVP_PKEY_meth_set_verifyctx  @ 0x10861d478
    EVP_PKEY_missing_parameters  @ 0x1086151e8
    EVP_PKEY_new  @ 0x108617924
    EVP_PKEY_new_CMAC_key  @ 0x108615d2c
    EVP_PKEY_new_mac_key  @ 0x10861a120
    EVP_PKEY_new_raw_private_key  @ 0x108615a30
    EVP_PKEY_new_raw_private_key_ex  @ 0x10861574c
    EVP_PKEY_new_raw_public_key  @ 0x108615a6c
    EVP_PKEY_new_raw_public_key_ex  @ 0x108615a54
    EVP_PKEY_pairwise_check  @ 0x108619a00
    EVP_PKEY_param_check  @ 0x108619764
    EVP_PKEY_param_check_quick  @ 0x1086198e4
    EVP_PKEY_parameters_eq  @ 0x108615230
    EVP_PKEY_paramgen  @ 0x108619ffc
    EVP_PKEY_paramgen_init  @ 0x108619b60
    EVP_PKEY_print_params  @ 0x108617124
    EVP_PKEY_print_params_fp  @ 0x108617248
    EVP_PKEY_print_private  @ 0x1086170f0
    EVP_PKEY_print_private_fp  @ 0x1086171d0
    EVP_PKEY_print_public  @ 0x108616e90
    EVP_PKEY_print_public_fp  @ 0x108617158
    EVP_PKEY_private_check  @ 0x1086198ec
    EVP_PKEY_public_check  @ 0x1086195dc
    EVP_PKEY_public_check_quick  @ 0x10861975c
    EVP_PKEY_save_parameters  @ 0x108614d38
    EVP_PKEY_set1_DH  @ 0x10861676c
    EVP_PKEY_set1_DSA  @ 0x10861644c
    EVP_PKEY_set1_EC_KEY  @ 0x108614aa4
    EVP_PKEY_set1_RSA  @ 0x10861493c
    EVP_PKEY_set1_encoded_public_key  @ 0x1086175b8
    EVP_PKEY_set_bn_param  @ 0x1087aaa60
    EVP_PKEY_set_ex_data  @ 0x108614d6c
    EVP_PKEY_set_int_param  @ 0x108618354
    EVP_PKEY_set_octet_string_param  @ 0x108617628
    EVP_PKEY_set_params  @ 0x108618430
    EVP_PKEY_set_size_t_param  @ 0x108618494
    EVP_PKEY_set_type  @ 0x1086150d0
    EVP_PKEY_set_type_by_keymgmt  @ 0x1086150e8
    EVP_PKEY_set_type_str  @ 0x10861609c
    EVP_PKEY_set_utf8_string_param  @ 0x108618570
    EVP_PKEY_settable_params  @ 0x108618644
    EVP_PKEY_sign  @ 0x10861e31c
    EVP_PKEY_sign_init  @ 0x10861dd98
    EVP_PKEY_sign_init_ex  @ 0x10861e310
    EVP_PKEY_todata  @ 0x10861a42c
    EVP_PKEY_type  @ 0x10861624c
    EVP_PKEY_type_names_do_all  @ 0x108616d3c
    EVP_PKEY_up_ref  @ 0x108617adc
    EVP_PKEY_verify  @ 0x10861e588
    EVP_PKEY_verify_init  @ 0x10861e570
    EVP_PKEY_verify_init_ex  @ 0x10861e57c
    EVP_PKEY_verify_recover  @ 0x10861e6b8
    EVP_PKEY_verify_recover_init  @ 0x10861e6a0
    EVP_PKEY_verify_recover_init_ex  @ 0x10861e6ac
    EVP_Q_digest  @ 0x1085f86b0
    EVP_Q_mac  @ 0x108612d8c
    EVP_RAND_CTX_free  @ 0x10860bd60
    EVP_RAND_CTX_get0_rand  @ 0x10860be40
    EVP_RAND_CTX_get_params  @ 0x10860be48
    EVP_RAND_CTX_gettable_params  @ 0x10860bff4
    EVP_RAND_CTX_new  @ 0x10860bbd8
    EVP_RAND_CTX_set_params  @ 0x10860beb4
    EVP_RAND_CTX_settable_params  @ 0x10860c038
    EVP_RAND_CTX_up_ref  @ 0x10860bbbc
    EVP_RAND_do_all_provided  @ 0x10860c07c
    EVP_RAND_enable_locking  @ 0x10860b538
    EVP_RAND_fetch  @ 0x10860b58c
    EVP_RAND_free  @ 0x10860bacc
    EVP_RAND_generate  @ 0x10860c1c8
    EVP_RAND_get0_description  @ 0x10860bb60
    EVP_RAND_get0_name  @ 0x10860bb58
    EVP_RAND_get0_provider  @ 0x10860bb9c
    EVP_RAND_get_params  @ 0x10860bba4
    EVP_RAND_get_state  @ 0x10860c6e0
    EVP_RAND_get_strength  @ 0x10860c4b0
    EVP_RAND_gettable_ctx_params  @ 0x10860bf6c
    EVP_RAND_gettable_params  @ 0x10860bf34
    EVP_RAND_instantiate  @ 0x10860c0c8
    EVP_RAND_is_a  @ 0x10860bb68
    EVP_RAND_names_do_all  @ 0x10860c0a4
    EVP_RAND_nonce  @ 0x10860c590
    EVP_RAND_reseed  @ 0x10860c400
    EVP_RAND_settable_ctx_params  @ 0x10860bfb0
    EVP_RAND_uninstantiate  @ 0x10860c164
    EVP_RAND_up_ref  @ 0x10860baac
    EVP_RAND_verify_zeroization  @ 0x10860c7c4
    EVP_SIGNATURE_do_all_provided  @ 0x10861dcbc
    EVP_SIGNATURE_fetch  @ 0x10861d760
    EVP_SIGNATURE_free  @ 0x10861d6b8
    EVP_SIGNATURE_get0_description  @ 0x10861dcb4
    EVP_SIGNATURE_get0_name  @ 0x10861dcac
    EVP_SIGNATURE_get0_provider  @ 0x10861d758
    EVP_SIGNATURE_gettable_ctx_params  @ 0x10861dd08
    EVP_SIGNATURE_is_a  @ 0x10861dc70
    EVP_SIGNATURE_names_do_all  @ 0x10861dce4
    EVP_SIGNATURE_settable_ctx_params  @ 0x10861dd50
    EVP_SIGNATURE_up_ref  @ 0x10861d73c
    EVP_SealFinal  @ 0x108618f6c
    EVP_SealInit  @ 0x108618d34
    EVP_SignFinal  @ 0x108619188
    EVP_SignFinal_ex  @ 0x108618fb0
    EVP_VerifyFinal  @ 0x108619348
    EVP_VerifyFinal_ex  @ 0x108619194
    EVP_add_alg_module  @ 0x108604274
    EVP_add_cipher  @ 0x10861360c
    EVP_add_digest  @ 0x108613664
    EVP_aes_128_cbc  @ 0x1085f9904
    EVP_aes_128_cbc_hmac_sha1  @ 0x1085fbf50
    EVP_aes_128_cbc_hmac_sha256  @ 0x1085fbf60
    EVP_aes_128_ccm  @ 0x1085f9a3c
    EVP_aes_128_cfb  @ 0x108601624
    EVP_aes_128_cfb1  @ 0x1085f9934
    EVP_aes_128_cfb128  @ 0x1085f9928
    EVP_aes_128_cfb8  @ 0x1085f9940
    EVP_aes_128_ctr  @ 0x1085f994c
    EVP_aes_128_ecb  @ 0x1085f9910
    EVP_aes_128_gcm  @ 0x1085f9a00
    EVP_aes_128_ocb  @ 0x1085f9aa8
    EVP_aes_128_ofb  @ 0x1085f991c
    EVP_aes_128_wrap  @ 0x1085f9a60
    EVP_aes_128_wrap_pad  @ 0x1085f9a84
    EVP_aes_128_xts  @ 0x1085f9a24
    EVP_aes_192_cbc  @ 0x1085f9958
    EVP_aes_192_ccm  @ 0x1085f9a48
    EVP_aes_192_cfb  @ 0x108601628
    EVP_aes_192_cfb1  @ 0x1085f9988
    EVP_aes_192_cfb128  @ 0x1085f997c
    EVP_aes_192_cfb8  @ 0x1085f9994
    EVP_aes_192_ctr  @ 0x1085f99a0
    EVP_aes_192_ecb  @ 0x1085f9964
    EVP_aes_192_gcm  @ 0x1085f9a0c
    EVP_aes_192_ocb  @ 0x1085f9ab4
    EVP_aes_192_ofb  @ 0x1085f9970
    EVP_aes_192_wrap  @ 0x1085f9a6c
    EVP_aes_192_wrap_pad  @ 0x1085f9a90
    EVP_aes_256_cbc  @ 0x1085f99ac
    EVP_aes_256_cbc_hmac_sha1  @ 0x1085fbf58
    EVP_aes_256_cbc_hmac_sha256  @ 0x1085fbf68
    EVP_aes_256_ccm  @ 0x1085f9a54
    EVP_aes_256_cfb  @ 0x10860162c
    EVP_aes_256_cfb1  @ 0x1085f99dc
    EVP_aes_256_cfb128  @ 0x1085f99d0
    EVP_aes_256_cfb8  @ 0x1085f99e8
    EVP_aes_256_ctr  @ 0x1085f99f4
    EVP_aes_256_ecb  @ 0x1085f99b8
    EVP_aes_256_gcm  @ 0x1085f9a18
    EVP_aes_256_ocb  @ 0x1085f9ac0
    EVP_aes_256_ofb  @ 0x1085f99c4
    EVP_aes_256_wrap  @ 0x1085f9a78
    EVP_aes_256_wrap_pad  @ 0x1085f9a9c
    EVP_aes_256_xts  @ 0x1085f9a30
    EVP_aria_128_cbc  @ 0x1085fbf70
    EVP_aria_128_ccm  @ 0x1085fc090
    EVP_aria_128_cfb1  @ 0x1085fc000
    EVP_aria_128_cfb128  @ 0x1085fbf7c
    EVP_aria_128_cfb8  @ 0x1085fc024
    EVP_aria_128_ctr  @ 0x1085fc048
    EVP_aria_128_ecb  @ 0x1085fbf94
    EVP_aria_128_gcm  @ 0x1085fc06c
    EVP_aria_128_ofb  @ 0x1085fbf88
    EVP_aria_192_cbc  @ 0x1085fbfa0
    EVP_aria_192_ccm  @ 0x1085fc09c
    EVP_aria_192_cfb1  @ 0x1085fc00c
    EVP_aria_192_cfb128  @ 0x1085fbfac
    EVP_aria_192_cfb8  @ 0x1085fc030
    EVP_aria_192_ctr  @ 0x1085fc054
    EVP_aria_192_ecb  @ 0x1085fbfc4
    EVP_aria_192_gcm  @ 0x1085fc078
    EVP_aria_192_ofb  @ 0x1085fbfb8
    EVP_aria_256_cbc  @ 0x1085fbfd0
    EVP_aria_256_ccm  @ 0x1085fc0a8
    EVP_aria_256_cfb1  @ 0x1085fc018
    EVP_aria_256_cfb128  @ 0x1085fbfdc
    EVP_aria_256_cfb8  @ 0x1085fc03c
    EVP_aria_256_ctr  @ 0x1085fc060
    EVP_aria_256_ecb  @ 0x1085fbff4
    EVP_aria_256_gcm  @ 0x1085fc084
    EVP_aria_256_ofb  @ 0x1085fbfe8
    EVP_bf_cbc  @ 0x1085fe274
    EVP_bf_cfb  @ 0x108601608
    EVP_bf_cfb64  @ 0x1085fe280
    EVP_bf_ecb  @ 0x1085fe298
    EVP_bf_ofb  @ 0x1085fe28c
    EVP_blake2b512  @ 0x1086108e4
    EVP_blake2s256  @ 0x1086108f0
    EVP_camellia_128_cbc  @ 0x1085fe5f8
    EVP_camellia_128_cfb1  @ 0x1085fe628
    EVP_camellia_128_cfb128  @ 0x1085fe61c
    EVP_camellia_128_cfb8  @ 0x1085fe634
    EVP_camellia_128_ctr  @ 0x1085fe640
    EVP_camellia_128_ecb  @ 0x1085fe604
    EVP_camellia_128_ofb  @ 0x1085fe610
    EVP_camellia_192_cbc  @ 0x1085fe64c
    EVP_camellia_192_cfb1  @ 0x1085fe67c
    EVP_camellia_192_cfb128  @ 0x1085fe670
    EVP_camellia_192_cfb8  @ 0x1085fe688
    EVP_camellia_192_ctr  @ 0x1085fe694
    EVP_camellia_192_ecb  @ 0x1085fe658
    EVP_camellia_192_ofb  @ 0x1085fe664
    EVP_camellia_256_cbc  @ 0x1085fe6a0
    EVP_camellia_256_cfb1  @ 0x1085fe6d0
    EVP_camellia_256_cfb128  @ 0x1085fe6c4
    EVP_camellia_256_cfb8  @ 0x1085fe6dc
    EVP_camellia_256_ctr  @ 0x1085fe6e8
    EVP_camellia_256_ecb  @ 0x1085fe6ac
    EVP_camellia_256_ofb  @ 0x1085fe6b8
    EVP_cast5_cbc  @ 0x1085fed14
    EVP_cast5_cfb  @ 0x108601620
    EVP_cast5_cfb64  @ 0x1085fed20
    EVP_cast5_ecb  @ 0x1085fed38
    EVP_cast5_ofb  @ 0x1085fed2c
    EVP_chacha20  @ 0x1085ff09c
    EVP_chacha20_poly1305  @ 0x1085ff0a8
    EVP_default_properties_enable_fips  @ 0x108607ddc
    EVP_default_properties_is_fips_enabled  @ 0x108607c10
    EVP_des_cbc  @ 0x1085fffb4
    EVP_des_cfb  @ 0x10860160c
    EVP_des_cfb1  @ 0x1085fffe4
    EVP_des_cfb64  @ 0x1085fffc0
    EVP_des_cfb8  @ 0x1085ffff0
    EVP_des_ecb  @ 0x1085fffd8
    EVP_des_ede  @ 0x10860066c
    EVP_des_ede3  @ 0x108600678
    EVP_des_ede3_cbc  @ 0x108600624
    EVP_des_ede3_cfb  @ 0x108601610
    EVP_des_ede3_cfb1  @ 0x108600654
    EVP_des_ede3_cfb64  @ 0x108600630
    EVP_des_ede3_cfb8  @ 0x108600660
    EVP_des_ede3_ecb  @ 0x108600648
    EVP_des_ede3_ofb  @ 0x10860063c
    EVP_des_ede3_wrap  @ 0x108600684
    EVP_des_ede_cbc  @ 0x1086005f4
    EVP_des_ede_cfb  @ 0x108601614
    EVP_des_ede_cfb64  @ 0x108600600
    EVP_des_ede_ecb  @ 0x108600618
    EVP_des_ede_ofb  @ 0x10860060c
    EVP_des_ofb  @ 0x1085fffcc
    EVP_desx_cbc  @ 0x1086029a4
    EVP_enc_null  @ 0x1086015c8
    EVP_get_cipherbyname  @ 0x1086136fc
    EVP_get_digestbyname  @ 0x108613824
    EVP_get_pw_prompt  @ 0x108608404
    EVP_idea_cbc  @ 0x1086011f8
    EVP_idea_cfb  @ 0x108601618
    EVP_idea_cfb64  @ 0x108601204
    EVP_idea_ecb  @ 0x10860121c
    EVP_idea_ofb  @ 0x108601210
    EVP_md4  @ 0x108610a74
    EVP_md5  @ 0x108610ae8
    EVP_md5_sha1  @ 0x108610b5c
    EVP_md_null  @ 0x1086111f8
    EVP_mdc2  @ 0x108610c0c
    EVP_rc2_40_cbc  @ 0x10860166c
    EVP_rc2_64_cbc  @ 0x108601660
    EVP_rc2_cbc  @ 0x108601630
    EVP_rc2_cfb  @ 0x10860161c
    EVP_rc2_cfb64  @ 0x10860163c
    EVP_rc2_ecb  @ 0x108601654
    EVP_rc2_ofb  @ 0x108601648
    EVP_rc4  @ 0x108601c88
    EVP_rc4_40  @ 0x108601c94
    EVP_rc4_hmac_md5  @ 0x108601d48
    EVP_read_pw_string  @ 0x10860841c
    EVP_read_pw_string_min  @ 0x108608430
    EVP_ripemd160  @ 0x108610c80
    EVP_seed_cbc  @ 0x108602218
    EVP_seed_cfb128  @ 0x108602224
    EVP_seed_ecb  @ 0x10860223c
    EVP_seed_ofb  @ 0x108602230
    EVP_set_default_properties  @ 0x108607b60
    EVP_set_pw_prompt  @ 0x1086083d4
    EVP_sha1  @ 0x108610cf4
    EVP_sha224  @ 0x108610d00
    EVP_sha256  @ 0x108610d0c
    EVP_sha384  @ 0x108610d30
    EVP_sha3_224  @ 0x108610d48
    EVP_sha3_256  @ 0x108610dd8
    EVP_sha3_384  @ 0x108610de4
    EVP_sha3_512  @ 0x108610df0
    EVP_sha512  @ 0x108610d3c
    EVP_sha512_224  @ 0x108610d18
    EVP_sha512_256  @ 0x108610d24
    EVP_shake128  @ 0x108610dfc
    EVP_shake256  @ 0x108610e60
    EVP_sm3  @ 0x108687f44
    EVP_sm4_cbc  @ 0x10860256c
    EVP_sm4_cfb128  @ 0x108602590
    EVP_sm4_ctr  @ 0x10860259c
    EVP_sm4_ecb  @ 0x108602578
    EVP_sm4_ofb  @ 0x108602584
    EVP_whirlpool  @ 0x108611184
    HMAC  @ 0x108622b54
    HMAC_CTX_copy  @ 0x108622a8c
    HMAC_CTX_free  @ 0x108622a20
    HMAC_CTX_get_md  @ 0x108622c58
    HMAC_CTX_new  @ 0x108622970
    HMAC_CTX_reset  @ 0x1086227c8
    HMAC_CTX_set_flags  @ 0x108622c1c
    HMAC_Final  @ 0x108622894
    HMAC_Init  @ 0x108622778
    HMAC_Init_ex  @ 0x1086224c4
    HMAC_Update  @ 0x10862287c
    HMAC_size  @ 0x108622954
    NETSCAPE_ENCRYPTED_PKEY_free  @ 0x1085575fc
    NETSCAPE_ENCRYPTED_PKEY_new  @ 0x1085575f0
    NETSCAPE_PKEY_free  @ 0x10855762c
    NETSCAPE_PKEY_new  @ 0x108557620
    OSSL_STORE_INFO_get0_PKEY  @ 0x10869034c
    OSSL_STORE_INFO_get1_PKEY  @ 0x108690368
    OSSL_STORE_INFO_new_PKEY  @ 0x10868ff7c
    PEM_get_EVP_CIPHER_INFO  @ 0x108655f94
    PKCS5_PBKDF2_HMAC  @ 0x108614100
    PKCS5_PBKDF2_HMAC_SHA1  @ 0x108614120
    PKEY_USAGE_PERIOD_free  @ 0x1086aedf8
    PKEY_USAGE_PERIOD_it  @ 0x1086aed14
    PKEY_USAGE_PERIOD_new  @ 0x1086aedec
    SHA256  @ 0x1086817fc
    SHA256_Final  @ 0x108682e18
    SHA256_Init  @ 0x108682c94
    SHA256_Transform  @ 0x108683db0
    SHA256_Update  @ 0x108682d14
    X509_PKEY_free  @ 0x10855f4f8
    X509_PKEY_new  @ 0x10855f410
    d2i_ECDSA_SIG  @ 0x1085d1cc0
    d2i_NETSCAPE_ENCRYPTED_PKEY  @ 0x1085575d8
    d2i_NETSCAPE_PKEY  @ 0x108557608
    d2i_PKEY_USAGE_PERIOD  @ 0x1086aedd4
    evp_pkey_get0_EC_KEY_int  @ 0x108614b00
    i2d_ECDSA_SIG  @ 0x1085d1e00
    i2d_NETSCAPE_ENCRYPTED_PKEY  @ 0x1085575e4
    i2d_NETSCAPE_PKEY  @ 0x108557614
    i2d_PKEY_USAGE_PERIOD  @ 0x1086aede0
    ossl_DER_w_algorithmIdentifier_ECDSA_with_MD  @ 0x10871c334
    ossl_DER_w_algorithmIdentifier_X25519  @ 0x10871c47c
    ossl_d2i_X25519_PUBKEY  @ 0x1086c8bf8
    ossl_der_oid_ecdsa_with_SHA256  @ 0x1087e14ad
    ossl_der_oid_id_X25519  @ 0x1087e14f7
    ossl_err_load_EVP_strings  @ 0x108607414
    ossl_evp_pkey_get1_X25519  @ 0x1086164fc
    ossl_i2d_X25519_PUBKEY  @ 0x1086c8cbc
    ssl_hmac_get0_EVP_MAC_CTX  @ 0x108746ad4
    ssl_hmac_get0_HMAC_CTX  @ 0x108751960

==================== EXPORTS libcommonCrypto.dylib  matching /(CCHmac|CC_SHA|CCCrypt|CCKeyDerivation)/ ====================
    CCCrypt  @ 0x2b31afc20
    CCCryptorAddParameter  @ 0x2b31b2e24
    CCCryptorChaCha20  @ 0x2b31affc8
    CCCryptorChaCha20Poly1305OneshotDecrypt  @ 0x2b31b0100
    CCCryptorChaCha20Poly1305OneshotEncrypt  @ 0x2b31b0038
    CCCryptorCreate  @ 0x2b31af354
    CCCryptorCreateFromData  @ 0x2b31b27b4
    CCCryptorCreateFromDataWithMode  @ 0x2b31b285c
    CCCryptorCreateWithMode  @ 0x2b31ade3c
    CCCryptorDecryptDataBlock  @ 0x2b31b2d38
    CCCryptorEncryptDataBlock  @ 0x2b31b2c4c
    CCCryptorFinal  @ 0x2b31afd50
    CCCryptorGCM  @ 0x2b31ae588
    CCCryptorGCMAddAAD  @ 0x2b31af634
    CCCryptorGCMAddADD  @ 0x2b31b4a68
    CCCryptorGCMAddIV  @ 0x2b31af494
    CCCryptorGCMDecrypt  @ 0x2b31afc1c
    CCCryptorGCMEncrypt  @ 0x2b31afd4c
    CCCryptorGCMFinal  @ 0x2b31af720
    CCCryptorGCMFinalize  @ 0x2b31b4a70
    CCCryptorGCMOneshotDecrypt  @ 0x2b31b4cd4
    CCCryptorGCMOneshotEncrypt  @ 0x2b31b4bc4
    CCCryptorGCMReset  @ 0x2b31b4b68
    CCCryptorGCMSetIV  @ 0x2b31b49f4
    CCCryptorGCMaddAAD  @ 0x2b31b4a6c
    CCCryptorGetIV  @ 0x2b31b2b74
    CCCryptorGetOutputLength  @ 0x2b31afb50
    CCCryptorGetParameter  @ 0x2b31b2fdc
    CCCryptorRelease  @ 0x2b31af504
    CCCryptorReset  @ 0x2b31b29e4
    CCCryptorReset_binary_compatibility  @ 0x2b31b28c8
    CCCryptorUpdate  @ 0x2b31aeb74
    CCHmac  @ 0x2b31aea6c
    CCHmacClone  @ 0x2b31b5054
    CCHmacCreate  @ 0x2b31b4f5c
    CCHmacDestroy  @ 0x2b31b4f0c
    CCHmacFinal  @ 0x2b31b4efc
    CCHmacInit  @ 0x2b31b4e40
    CCHmacOneShot  @ 0x2b31b4fec
    CCHmacOutputSize  @ 0x2b31b4f58
    CCHmacOutputSizeFromRef  @ 0x2b31b4f4c
    CCHmacUpdate  @ 0x2b31b4eec
    CCKeyDerivationHMac  @ 0x2b31b047c
    CCKeyDerivationPBKDF  @ 0x2b31b50b4
    CC_SHA1  @ 0x2b31ad800
    CC_SHA1_Final  @ 0x2b31af218
    CC_SHA1_Init  @ 0x2b31aeff0
    CC_SHA1_Update  @ 0x2b31af0d8
    CC_SHA224  @ 0x2b31b37e4
    CC_SHA224_Final  @ 0x2b31b3be8
    CC_SHA224_Init  @ 0x2b31b3b70
    CC_SHA224_Update  @ 0x2b31b3bcc
    CC_SHA256  @ 0x2b31acfe0
    CC_SHA256_Final  @ 0x2b31ad298
    CC_SHA256_Init  @ 0x2b31ad1cc
    CC_SHA256_Update  @ 0x2b31ad228
    CC_SHA384  @ 0x2b31b3824
    CC_SHA384_Final  @ 0x2b31b3cd0
    CC_SHA384_Init  @ 0x2b31b3c58
    CC_SHA384_Update  @ 0x2b31b3cb4
    CC_SHA512  @ 0x2b31af788
    CC_SHA512_Final  @ 0x2b31ae954
    CC_SHA512_Init  @ 0x2b31ae888
    CC_SHA512_Update  @ 0x2b31ae8e4

==================== GLOBAL CRYPTO EXPORTS (any module) ====================
  FOUND   CCHmac  @ 0x2b31aea6c
  FOUND   CCHmacInit  @ 0x2b31b4e40
  FOUND   CCHmacUpdate  @ 0x2b31b4eec
  FOUND   CCHmacFinal  @ 0x2b31b4efc
  FOUND   CC_SHA256  @ 0x2b31acfe0
  FOUND   CC_SHA256_Update  @ 0x2b31ad228
  FOUND   ECDH_compute_key  @ 0x106b89c40
  FOUND   HMAC  @ 0x106b4f7a8
  FOUND   EVP_DigestSignFinal  @ 0x106ba1b90

==================== ANTI-DEBUG SURFACE ====================
  present  ptrace
  present  sysctl
  present  getppid

[recon] done. Feed the class and symbol names above into crypto-hooks.js.
Spawned `com.oceanwing.SoundCore.G8AW4BQ7RV`. Resuming main thread!
[iPhone::com.oceanwing.SoundCore.G8AW4BQ7RV ]-> Process terminated

Thank you for using Frida!
