2026-09-04 22:43:23.327967 SoundCore{scbody.dylib}[28649] <NOTICE>: SCBODY loaded, installing swizzles, mode=ACTIVE (rewrites on)
2026-09-04 22:43:23.327989 SoundCore{scbody.dylib}[28649] <NOTICE>: SCBODY swizzled +[NSJSONSerialization ...]
2026-09-04 22:43:23.328011 SoundCore{scbody.dylib}[28649] <NOTICE>: SCBODY swizzled +[NSJSONSerialization ...]
2026-09-04 22:43:23.328020 SoundCore{scbody.dylib}[28649] <NOTICE>: SCBODY swizzled -[NSMutableURLRequest ...]
2026-09-04 22:43:23.328034 SoundCore{scbody.dylib}[28649] <NOTICE>: SCBODY swizzled -[NSMutableURLRequest ...]
2026-09-04 22:43:23.328042 SoundCore{scbody.dylib}[28649] <NOTICE>: SCBODY swizzled -[NSMutableURLRequest ...]
2026-09-04 22:43:23.328053 SoundCore{scbody.dylib}[28649] <NOTICE>: SCBODY ready, tap check for update
2026-09-04 22:43:23.755645 SoundCore{scbody.dylib}[28649] <NOTICE>: SCBODY CAPTURE #1 src=json url=(none) len=950 score=2 BEGIN
2026-09-04 22:43:23.755656 SoundCore{scbody.dylib}[28649] <NOTICE>: SCBODY #1 seg 1/6 {"parameters":{"firmware_version":"","product_name":"","mac":"","sn":"","sys_type":"iOS","user_id":"","region":"US","events":[],"phone_name":"iPhone","phone_bra
2026-09-04 22:43:23.755668 SoundCore{scbody.dylib}[28649] <NOTICE>: SCBODY #1 seg 2/6 nd":"Apple","country":"US","sys_version":"26.5.1","phone_model":"iPhone18,5","device_id":"","uuid":"DEB03254-8942-4310-A8CA-57EBE5F7CBA0","product_code":"","htt
2026-09-04 22:43:23.755703 SoundCore{scbody.dylib}[28649] <NOTICE>: SCBODY #1 seg 3/6 p_user_agent":"Soundcore-iOS-5.0.02"},"url":"https:\/\/log.eufylife.com\/push_log_hdfs","touristId":"","themeMode":false,"route":"\/","isCnApp":false,"safeAreaT
2026-09-04 22:43:23.755711 SoundCore{scbody.dylib}[28649] <NOTICE>: SCBODY #1 seg 4/6 op":"47.0","safeAreaBottom":"34.0","header":{"User-Agent":"Soundcore-iOS-5.0.02","sys_version":"26.5.1","X-App-Key":"soundcore","AnkerBG":"SPEAKER","timestamp":
2026-09-04 22:43:23.755718 SoundCore{scbody.dylib}[28649] <NOTICE>: SCBODY #1 seg 5/6 "1788587003","terminal-id":"DEB03254-8942-4310-A8CA-57EBE5F7CBA0","phone_virtual_id":"DEB03254-8942-4310-A8CA-57EBE5F7CBA0","token":"47ceb30cd6d044fa0d372d92feb
2026-09-04 22:43:23.755731 SoundCore{scbody.dylib}[28649] <NOTICE>: SCBODY #1 seg 6/6 0b1d5","timezone":"America\/Los_Angeles","language":"en","Openudid":"DEB03254-8942-4310-A8CA-57EBE5F7CBA0","country":"US"},"userId":"","app_env":"mp"}
2026-09-04 22:43:23.755825 SoundCore{scbody.dylib}[28649] <NOTICE>: SCBODY CAPTURE #1 END
2026-09-04 22:43:26.701622 SoundCore{scbody.dylib}[28649] <NOTICE>: SCBODY STRIP removed 1 tamper event(s): APP_FIRM_NON_APPSTORE_DOWNLOAD
2026-09-04 22:43:26.701698 SoundCore{scbody.dylib}[28649] <NOTICE>: SCBODY CAPTURE #2 src=json-strip url=(none) len=239 score=0 BEGIN
2026-09-04 22:43:26.701710 SoundCore{scbody.dylib}[28649] <NOTICE>: SCBODY #2 seg 1/2 {"events":[],"country":"US","sys_type":"iOS","http_user_agent":"soundcore-iOS-5.0.02","phone_model":"iPhone18,5","uuid":"DEB03254-8942-4310-A8CA-57EBE5F7CBA0","
2026-09-04 22:43:26.701730 SoundCore{scbody.dylib}[28649] <NOTICE>: SCBODY #2 seg 2/2 user_id":"","phone_name":"iPhone","sys_version":"26.5.1","phone_brand":"Apple"}
2026-09-04 22:43:26.701737 SoundCore{scbody.dylib}[28649] <NOTICE>: SCBODY CAPTURE #2 END
2026-09-04 22:43:26.702950 SoundCore{scbody.dylib}[28649] <NOTICE>: SCBODY STRIP removed 1 tamper event(s): APP_FIRM_SIGNATURE_TAMPER
2026-09-04 22:43:26.703855 SoundCore{scbody.dylib}[28649] <NOTICE>: SCBODY STRIP removed 1 tamper event(s): JMDetectionResultJailBreak
2026-09-04 22:43:32.621007 SoundCore{scbody.dylib}[28649] <NOTICE>: SCBODY CAPTURE #3 src=json url=(none) len=402 score=2 BEGIN
2026-09-04 22:43:32.621020 SoundCore{scbody.dylib}[28649] <NOTICE>: SCBODY #3 seg 1/3 {"events":[{"value_string":"","module":"USERCENTER","time":"1788587012","mac":"","device_id":"","product_code":"none","sn":"","type":"0","name":"APP_UNCON_DEVIC
2026-09-04 22:43:32.621030 SoundCore{scbody.dylib}[28649] <NOTICE>: SCBODY #3 seg 2/3 E_LOGIN_SKIP"}],"country":"US","sys_type":"iOS","http_user_agent":"soundcore-iOS-5.0.02","phone_model":"iPhone18,5","uuid":"DEB03254-8942-4310-A8CA-57EBE5F7CBA0
2026-09-04 22:43:32.621038 SoundCore{scbody.dylib}[28649] <NOTICE>: SCBODY #3 seg 3/3 ","user_id":"","phone_name":"iPhone","sys_version":"26.5.1","phone_brand":"Apple"}
2026-09-04 22:43:32.621044 SoundCore{scbody.dylib}[28649] <NOTICE>: SCBODY CAPTURE #3 END
2026-09-04 22:43:33.509954 SoundCore{scbody.dylib}[28649] <NOTICE>: SCBODY CAPTURE #4 src=json url=(none) len=403 score=2 BEGIN
2026-09-04 22:43:33.509971 SoundCore{scbody.dylib}[28649] <NOTICE>: SCBODY #4 seg 1/3 {"events":[{"value_string":"","module":"USERCENTER","time":"1788587013","device_id":"","mac":"","product_code":"none","sn":"","type":"1","name":"APP_USER_RESEAR
2026-09-04 22:43:33.509991 SoundCore{scbody.dylib}[28649] <NOTICE>: SCBODY #4 seg 2/3 CH_IMPRESSION"}],"country":"US","sys_type":"iOS","http_user_agent":"soundcore-iOS-5.0.02","phone_model":"iPhone18,5","uuid":"DEB03254-8942-4310-A8CA-57EBE5F7CBA
2026-09-04 22:43:33.510019 SoundCore{scbody.dylib}[28649] <NOTICE>: SCBODY #4 seg 3/3 0","user_id":"","phone_name":"iPhone","sys_version":"26.5.1","phone_brand":"Apple"}
2026-09-04 22:43:33.510027 SoundCore{scbody.dylib}[28649] <NOTICE>: SCBODY CAPTURE #4 END
2026-09-04 22:43:38.406744 SoundCore{scbody.dylib}[28649] <NOTICE>: SCBODY CAPTURE #5 src=json url=(none) len=467 score=2 BEGIN
2026-09-04 22:43:38.406753 SoundCore{scbody.dylib}[28649] <NOTICE>: SCBODY #5 seg 1/3 {"events":[{"value_string":"{\"num\":\"1\",\"code\":\"D1301S\",\"new_pn\":\"\"}","module":"RECOMMENDED_DEVICE","time":"1788587018","mac":"","device_id":"","prod
2026-09-04 22:43:38.406763 SoundCore{scbody.dylib}[28649] <NOTICE>: SCBODY #5 seg 2/3 uct_code":"none","sn":"","type":"1","name":"RECOMMENDED_NEW_DEVICE_CONNECTION"}],"country":"US","sys_type":"iOS","http_user_agent":"soundcore-iOS-5.0.02","phone
2026-09-04 22:43:38.406771 SoundCore{scbody.dylib}[28649] <NOTICE>: SCBODY #5 seg 3/3 _model":"iPhone18,5","uuid":"DEB03254-8942-4310-A8CA-57EBE5F7CBA0","user_id":"","phone_name":"iPhone","sys_version":"26.5.1","phone_brand":"Apple"}
2026-09-04 22:43:38.406848 SoundCore{scbody.dylib}[28649] <NOTICE>: SCBODY CAPTURE #5 END
2026-09-04 22:43:41.287018 SoundCore{scbody.dylib}[28649] <NOTICE>: SCBODY CAPTURE #6 src=resp url=(none) len=222 score=2 BEGIN
2026-09-04 22:43:41.287033 SoundCore{scbody.dylib}[28649] <NOTICE>: SCBODY #6 seg 1/2 [{"sn":"","country":"US","events":[{"value":1,"type":"CONNECTING_BLUETOOTH"}],"product_code":"D1301S","phone_virtual_id":"DEB03254-8942-4310-A8CA-57EBE5F7CBA0",
2026-09-04 22:43:41.287044 SoundCore{scbody.dylib}[28649] <NOTICE>: SCBODY #6 seg 2/2 "mac":"","u_id":"","app_language":"en","firmware_version":""}]
2026-09-04 22:43:41.287057 SoundCore{scbody.dylib}[28649] <NOTICE>: SCBODY CAPTURE #6 END
2026-09-04 22:43:41.287451 SoundCore{scbody.dylib}[28649] <NOTICE>: SCBODY CAPTURE #7 src=json url=(none) len=265 score=2 BEGIN
2026-09-04 22:43:41.287467 SoundCore{scbody.dylib}[28649] <NOTICE>: SCBODY #7 seg 1/2 {"endpoint":"03012651050020001","details":[{"events":[{"value":1,"type":"CONNECTING_BLUETOOTH"}],"firmware_version":"","country":"US","product_code":"D1301S","m
2026-09-04 22:43:41.287476 SoundCore{scbody.dylib}[28649] <NOTICE>: SCBODY #7 seg 2/2 ac":"","sn":"","u_id":"","phone_virtual_id":"DEB03254-8942-4310-A8CA-57EBE5F7CBA0","app_language":"en"}]}
2026-09-04 22:43:41.287482 SoundCore{scbody.dylib}[28649] <NOTICE>: SCBODY CAPTURE #7 END
2026-09-04 22:43:41.293239 SoundCore{scbody.dylib}[28649] <NOTICE>: SCBODY CAPTURE #8 src=json url=(none) len=421 score=2 BEGIN
2026-09-04 22:43:41.293260 SoundCore{scbody.dylib}[28649] <NOTICE>: SCBODY #8 seg 1/3 {"events":[{"value_string":"D1301S","module":"RECOMMENDED_DEVICE","time":"1788587021","mac":"","device_id":"","product_code":"D1301S","sn":"","type":"0","name":
2026-09-04 22:43:41.293282 SoundCore{scbody.dylib}[28649] <NOTICE>: SCBODY #8 seg 2/3 "NEW_DEVICE_CONNECTION_CLICK_GO"}],"country":"US","sys_type":"iOS","http_user_agent":"soundcore-iOS-5.0.02","phone_model":"iPhone18,5","uuid":"DEB03254-8942-431
2026-09-04 22:43:41.293299 SoundCore{scbody.dylib}[28649] <NOTICE>: SCBODY #8 seg 3/3 0-A8CA-57EBE5F7CBA0","user_id":"","phone_name":"iPhone","sys_version":"26.5.1","phone_brand":"Apple"}
2026-09-04 22:43:41.293348 SoundCore{scbody.dylib}[28649] <NOTICE>: SCBODY CAPTURE #8 END
2026-09-04 22:43:41.304538 SoundCore{scbody.dylib}[28649] <NOTICE>: SCBODY CAPTURE #9 src=json url=(none) len=1041 score=2 BEGIN
2026-09-04 22:43:41.304551 SoundCore{scbody.dylib}[28649] <NOTICE>: SCBODY #9 seg 1/7 {"route":"\/d3200\/homePage","safeAreaBottom":"34.0","app_env":"mp","safeAreaTop":"47.0","touristId":"b6071865336a40539acb6d0e247cd264","isCnApp":false,"header"
2026-09-04 22:43:41.304560 SoundCore{scbody.dylib}[28649] <NOTICE>: SCBODY #9 seg 2/7 :{"timestamp":"1788587021","country":"US","X-App-Key":"soundcore","AnkerBG":"SPEAKER","phone_virtual_id":"DEB03254-8942-4310-A8CA-57EBE5F7CBA0","timezone":"Amer
2026-09-04 22:43:41.304568 SoundCore{scbody.dylib}[28649] <NOTICE>: SCBODY #9 seg 3/7 ica\/Los_Angeles","Openudid":"DEB03254-8942-4310-A8CA-57EBE5F7CBA0","terminal-id":"DEB03254-8942-4310-A8CA-57EBE5F7CBA0","sys_version":"26.5.1","Gtoken":"d687c9
2026-09-04 22:43:41.304575 SoundCore{scbody.dylib}[28649] <NOTICE>: SCBODY #9 seg 4/7 a1917e28eeca9fafd068e71279","User-Agent":"Soundcore-iOS-5.0.02","token":"175ab3b5e4eb10ef94aebbae09db5446","language":"en"},"themeMode":false,"userId":"","param
2026-09-04 22:43:41.304581 SoundCore{scbody.dylib}[28649] <NOTICE>: SCBODY #9 seg 5/7 eters":{"mac":"","phone_brand":"Apple","product_code":"","uuid":"DEB03254-8942-4310-A8CA-57EBE5F7CBA0","user_id":"","region":"US","product_name":"","firmware_ve
2026-09-04 22:43:41.304591 SoundCore{scbody.dylib}[28649] <NOTICE>: SCBODY #9 seg 6/7 rsion":"","device_id":"","sn":"","http_user_agent":"Soundcore-iOS-5.0.02","phone_name":"iPhone","country":"US","sys_type":"iOS","events":[],"phone_model":"iPhon
2026-09-04 22:43:41.304598 SoundCore{scbody.dylib}[28649] <NOTICE>: SCBODY #9 seg 7/7 e18,5","sys_version":"26.5.1"},"url":"https:\/\/log.eufylife.com\/push_log_hdfs"}
2026-09-04 22:43:41.304607 SoundCore{scbody.dylib}[28649] <NOTICE>: SCBODY CAPTURE #9 END
2026-09-04 22:43:41.354121 SoundCore{scbody.dylib}[28649] <NOTICE>: SCBODY CAPTURE #10 src=resp url=(none) len=334 score=2 BEGIN
2026-09-04 22:43:41.354131 SoundCore{scbody.dylib}[28649] <NOTICE>: SCBODY #10 seg 1/3 [{"events":[{"value":1,"type":"CONNECT_BLUETOOTH_SUCCESS"}],"firmware_version":"","product_code":"D1301S","app_language":"en","u_id":"","mac":"30:33:45:44:31:36
2026-09-04 22:43:41.354138 SoundCore{scbody.dylib}[28649] <NOTICE>: SCBODY #10 seg 2/3 :35:41:2D:39:44:44:46:2D:33:41:37:36:2D:45:43:30:33:2D:43:43:30:42:33:31:41:46:38:30:43:31","country":"US","sn":"","phone_virtual_id":"DEB03254-8942-4310-A8CA-5
2026-09-04 22:43:41.354149 SoundCore{scbody.dylib}[28649] <NOTICE>: SCBODY #10 seg 3/3 7EBE5F7CBA0"}]
2026-09-04 22:43:41.354156 SoundCore{scbody.dylib}[28649] <NOTICE>: SCBODY CAPTURE #10 END
2026-09-04 22:43:41.354534 SoundCore{scbody.dylib}[28649] <NOTICE>: SCBODY CAPTURE #11 src=json url=(none) len=377 score=2 BEGIN
2026-09-04 22:43:41.354548 SoundCore{scbody.dylib}[28649] <NOTICE>: SCBODY #11 seg 1/3 {"endpoint":"03012651050020001","details":[{"events":[{"value":1,"type":"CONNECT_BLUETOOTH_SUCCESS"}],"firmware_version":"","product_code":"D1301S","mac":"30:33
2026-09-04 22:43:41.354556 SoundCore{scbody.dylib}[28649] <NOTICE>: SCBODY #11 seg 2/3 :45:44:31:36:35:41:2D:39:44:44:46:2D:33:41:37:36:2D:45:43:30:33:2D:43:43:30:42:33:31:41:46:38:30:43:31","country":"US","u_id":"","sn":"","app_language":"en","ph
2026-09-04 22:43:41.354566 SoundCore{scbody.dylib}[28649] <NOTICE>: SCBODY #11 seg 3/3 one_virtual_id":"DEB03254-8942-4310-A8CA-57EBE5F7CBA0"}]}
2026-09-04 22:43:41.354575 SoundCore{scbody.dylib}[28649] <NOTICE>: SCBODY CAPTURE #11 END
2026-09-04 22:43:41.358017 SoundCore{scbody.dylib}[28649] <NOTICE>: SCBODY CAPTURE #12 src=json url=(none) len=1171 score=2 BEGIN
2026-09-04 22:43:41.358032 SoundCore{scbody.dylib}[28649] <NOTICE>: SCBODY #12 seg 1/8 {"parameters":{"uuid":"DEB03254-8942-4310-A8CA-57EBE5F7CBA0","phone_name":"iPhone","mac":"30:33:45:44:31:36:35:41:2D:39:44:44:46:2D:33:41:37:36:2D:45:43:30:33:2
2026-09-04 22:43:41.358041 SoundCore{scbody.dylib}[28649] <NOTICE>: SCBODY #12 seg 2/8 D:43:43:30:42:33:31:41:46:38:30:43:31","sys_type":"iOS","product_code":"D1301S","phone_model":"iPhone18,5","firmware_version":"","events":[],"sys_version":"26.5
2026-09-04 22:43:41.358048 SoundCore{scbody.dylib}[28649] <NOTICE>: SCBODY #12 seg 3/8 .1","region":"US","phone_brand":"Apple","http_user_agent":"Soundcore-iOS-5.0.02","product_name":"Sleep A30 Special","country":"US","device_id":"","sn":"","user_
2026-09-04 22:43:41.358055 SoundCore{scbody.dylib}[28649] <NOTICE>: SCBODY #12 seg 4/8 id":""},"safeAreaBottom":"34.0","safeAreaTop":"47.0","userId":"","header":{"country":"US","AnkerBG":"SPEAKER","language":"en","User-Agent":"Soundcore-iOS-5.0.02
2026-09-04 22:43:41.358062 SoundCore{scbody.dylib}[28649] <NOTICE>: SCBODY #12 seg 5/8 ","token":"175ab3b5e4eb10ef94aebbae09db5446","timezone":"America\/Los_Angeles","sys_version":"26.5.1","timestamp":"1788587021","phone_virtual_id":"DEB03254-8942
2026-09-04 22:43:41.358073 SoundCore{scbody.dylib}[28649] <NOTICE>: SCBODY #12 seg 6/8 -4310-A8CA-57EBE5F7CBA0","terminal-id":"DEB03254-8942-4310-A8CA-57EBE5F7CBA0","X-App-Key":"soundcore","Openudid":"DEB03254-8942-4310-A8CA-57EBE5F7CBA0","Gtoken"
2026-09-04 22:43:41.358080 SoundCore{scbody.dylib}[28649] <NOTICE>: SCBODY #12 seg 7/8 :"d687c9a1917e28eeca9fafd068e71279"},"touristId":"b6071865336a40539acb6d0e247cd264","route":"\/d3200\/homePage","url":"https:\/\/log.eufylife.com\/push_log_hdfs
2026-09-04 22:43:41.358087 SoundCore{scbody.dylib}[28649] <NOTICE>: SCBODY #12 seg 8/8 ","themeMode":false,"isCnApp":false,"app_env":"mp"}
2026-09-04 22:43:41.358096 SoundCore{scbody.dylib}[28649] <NOTICE>: SCBODY CAPTURE #12 END
2026-09-04 22:43:41.373000 SoundCore{scbody.dylib}[28649] <NOTICE>: SCBODY CAPTURE #13 src=json url=(none) len=1171 score=2 BEGIN
2026-09-04 22:43:41.373015 SoundCore{scbody.dylib}[28649] <NOTICE>: SCBODY #13 seg 1/8 {"parameters":{"product_code":"D1301S","firmware_version":"","events":[],"phone_model":"iPhone18,5","region":"US","http_user_agent":"Soundcore-iOS-5.0.02","prod
2026-09-04 22:43:41.373023 SoundCore{scbody.dylib}[28649] <NOTICE>: SCBODY #13 seg 2/8 uct_name":"Sleep A30 Special","phone_name":"iPhone","sys_version":"26.5.1","uuid":"DEB03254-8942-4310-A8CA-57EBE5F7CBA0","device_id":"","sn":"","mac":"30:33:45:
2026-09-04 22:43:41.373030 SoundCore{scbody.dylib}[28649] <NOTICE>: SCBODY #13 seg 3/8 44:31:36:35:41:2D:39:44:44:46:2D:33:41:37:36:2D:45:43:30:33:2D:43:43:30:42:33:31:41:46:38:30:43:31","user_id":"","phone_brand":"Apple","sys_type":"iOS","country
2026-09-04 22:43:41.373041 SoundCore{scbody.dylib}[28649] <NOTICE>: SCBODY #13 seg 4/8 ":"US"},"safeAreaBottom":"34.0","safeAreaTop":"47.0","userId":"","header":{"terminal-id":"DEB03254-8942-4310-A8CA-57EBE5F7CBA0","timestamp":"1788587021","Openud
2026-09-04 22:43:41.373048 SoundCore{scbody.dylib}[28649] <NOTICE>: SCBODY #13 seg 5/8 id":"DEB03254-8942-4310-A8CA-57EBE5F7CBA0","User-Agent":"Soundcore-iOS-5.0.02","timezone":"America\/Los_Angeles","sys_version":"26.5.1","phone_virtual_id":"DEB0
2026-09-04 22:43:41.373055 SoundCore{scbody.dylib}[28649] <NOTICE>: SCBODY #13 seg 6/8 3254-8942-4310-A8CA-57EBE5F7CBA0","country":"US","language":"en","X-App-Key":"soundcore","Gtoken":"d687c9a1917e28eeca9fafd068e71279","AnkerBG":"SPEAKER","token"
2026-09-04 22:43:41.373063 SoundCore{scbody.dylib}[28649] <NOTICE>: SCBODY #13 seg 7/8 :"175ab3b5e4eb10ef94aebbae09db5446"},"touristId":"b6071865336a40539acb6d0e247cd264","route":"\/d3200\/homePage","url":"https:\/\/log.eufylife.com\/push_log_hdfs
2026-09-04 22:43:41.373070 SoundCore{scbody.dylib}[28649] <NOTICE>: SCBODY #13 seg 8/8 ","themeMode":false,"isCnApp":false,"app_env":"mp"}
2026-09-04 22:43:41.373080 SoundCore{scbody.dylib}[28649] <NOTICE>: SCBODY CAPTURE #13 END
2026-09-04 22:43:44.103966 SoundCore{scbody.dylib}[28649] <NOTICE>: SCBODY CAPTURE #14 src=json url=(none) len=810 score=2 BEGIN
2026-09-04 22:43:44.104208 SoundCore{scbody.dylib}[28649] <NOTICE>: SCBODY #14 seg 1/6 {"events":[{"value_string":"0101090930312e303730312e30373133303137434539313336423437414311288a13e97c30312e30310000000006dd881100ffffffffffffffff001e0001ffffff00
2026-09-04 22:43:44.104239 SoundCore{scbody.dylib}[28649] <NOTICE>: SCBODY #14 seg 2/6 00010000320d0100060000000000000000000001b8883e000000000003020180000000000000040302800000000000000404038000000000000004050480000000000000040100000103000001010100
2026-09-04 22:43:44.104395 SoundCore{scbody.dylib}[28649] <NOTICE>: SCBODY #14 seg 3/6 00010100e9","module":"HOME_PAGE","time":"1788587024","device_id":"","mac":"30:33:45:44:31:36:35:41:2D:39:44:44:46:2D:33:41:37:36:2D:45:43:30:33:2D:43:43:30:42:3
2026-09-04 22:43:44.104421 SoundCore{scbody.dylib}[28649] <NOTICE>: SCBODY #14 seg 4/6 3:31:41:46:38:30:43:31","product_code":"D1301S","sn":"","type":"1","name":"DEV_DATA_COMMAND_ALL_INFO"}],"country":"US","sys_type":"iOS","http_user_agent":"sound
2026-09-04 22:43:44.104451 SoundCore{scbody.dylib}[28649] <NOTICE>: SCBODY #14 seg 5/6 core-iOS-5.0.02","phone_model":"iPhone18,5","uuid":"DEB03254-8942-4310-A8CA-57EBE5F7CBA0","user_id":"","phone_name":"iPhone","sys_version":"26.5.1","phone_brand
2026-09-04 22:43:44.104462 SoundCore{scbody.dylib}[28649] <NOTICE>: SCBODY #14 seg 6/6 ":"Apple"}
2026-09-04 22:43:44.104489 SoundCore{scbody.dylib}[28649] <NOTICE>: SCBODY CAPTURE #14 END
2026-09-04 22:43:44.118995 SoundCore{scbody.dylib}[28649] <NOTICE>: SCBODY CAPTURE #15 src=json url=(none) len=1261 score=2 BEGIN
2026-09-04 22:43:44.119010 SoundCore{scbody.dylib}[28649] <NOTICE>: SCBODY #15 seg 1/8 {"anonymous_id":"25175005-856F-4AAB-A276-01988F6459F5","_track_id":773371441,"event":"$BindID","time":1788587024110,"identities":{"$identity_idfv":"E0D81581-DDE
2026-09-04 22:43:44.119019 SoundCore{scbody.dylib}[28649] <NOTICE>: SCBODY #15 seg 2/8 B-449A-BBBF-566EB2CC2EB3","identity_deviceid_sn":"8184731F-E09A-43AE-A72B-D38009464EA4||13017CE9136B47AC","$identity_anonymous_id":"25175005-856F-4AAB-A276-0198
2026-09-04 22:43:44.119026 SoundCore{scbody.dylib}[28649] <NOTICE>: SCBODY #15 seg 3/8 8F6459F5"},"lib":{"$lib_version":"4.8.3","$lib":"iOS","$app_version":"5.0.02","$lib_method":"code"},"properties":{"$os":"iOS","$screen_width":390,"$app_version"
2026-09-04 22:43:44.119036 SoundCore{scbody.dylib}[28649] <NOTICE>: SCBODY #15 seg 4/8 :"5.0.02","country":"US","sn":"13017CE9136B47AC","is_secret":false,"$is_first_day":true,"$model":"iPhone18,5","$device_id":"E0D81581-DDEB-449A-BBBF-566EB2CC2EB3
2026-09-04 22:43:44.119071 SoundCore{scbody.dylib}[28649] <NOTICE>: SCBODY #15 seg 5/8 ","uuid":"8184731F-E09A-43AE-A72B-D38009464EA4","$network_type":"WIFI","firmware_version":"01.07","device_id":"8184731F-E09A-43AE-A72B-D38009464EA4","$app_name"
2026-09-04 22:43:44.119079 SoundCore{scbody.dylib}[28649] <NOTICE>: SCBODY #15 seg 6/8 :"soundcore","$wifi":true,"$timezone_offset":420,"mac":"30:33:45:44:31:36:35:41:2D:39:44:44:46:2D:33:41:37:36:2D:45:43:30:33:2D:43:43:30:42:33:31:41:46:38:30:43
2026-09-04 22:43:44.119111 SoundCore{scbody.dylib}[28649] <NOTICE>: SCBODY #15 seg 7/8 :31","app_line":"SoundCore","$screen_height":844,"$lib_method":"code","$lib_version":"4.8.3","$os_version":"26.5.1","$lib":"iOS","$manufacturer":"Apple","produc
2026-09-04 22:43:44.119165 SoundCore{scbody.dylib}[28649] <NOTICE>: SCBODY #15 seg 8/8 t_code":"D1301S","$app_id":"com.oceanwing.SoundCore.G8AW4BQ7RV"},"distinct_id":"25175005-856F-4AAB-A276-01988F6459F5","type":"track_id_bind"}
2026-09-04 22:43:44.119178 SoundCore{scbody.dylib}[28649] <NOTICE>: SCBODY CAPTURE #15 END
2026-09-04 22:43:44.119187 SoundCore{scbody.dylib}[28649] <NOTICE>: SCBODY MODIFY 295 -> 295 bytes
2026-09-04 22:43:44.119209 SoundCore{scbody.dylib}[28649] <NOTICE>: SCBODY CAPTURE #16 src=json-mod url=(none) len=295 score=1 BEGIN
2026-09-04 22:43:44.119219 SoundCore{scbody.dylib}[28649] <NOTICE>: SCBODY MODIFY 1261 -> 1261 bytes
2026-09-04 22:43:44.119228 SoundCore{scbody.dylib}[28649] <NOTICE>: SCBODY #16 seg 1/2 {"terminal_id":"DEB03254-8942-4310-A8CA-57EBE5F7CBA0","device":[{"device_sn":"13017CE9136B47AC","product_code":"D1301S","link_time":1788587021,"device_mac":"30:
2026-09-04 22:43:44.119262 SoundCore{scbody.dylib}[28649] <NOTICE>: SCBODY #16 seg 2/2 33:45:44:31:36:35:41:2d:39:44:44:46:2d:33:41:37:36:2d:45:43:30:33:2d:43:43:30:42:33:31:41:46:38:30:43:31","firmware_version":"01.05"}]}
2026-09-04 22:43:44.119275 SoundCore{scbody.dylib}[28649] <NOTICE>: SCBODY CAPTURE #16 END
2026-09-04 22:43:44.119284 SoundCore{scbody.dylib}[28649] <NOTICE>: SCBODY CAPTURE #17 src=json-mod url=(none) len=1261 score=2 BEGIN
2026-09-04 22:43:44.119293 SoundCore{scbody.dylib}[28649] <NOTICE>: SCBODY #17 seg 1/8 {"anonymous_id":"25175005-856F-4AAB-A276-01988F6459F5","_track_id":773371441,"event":"$BindID","time":1788587024110,"identities":{"$identity_idfv":"E0D81581-DDE
2026-09-04 22:43:44.119304 SoundCore{scbody.dylib}[28649] <NOTICE>: SCBODY #17 seg 2/8 B-449A-BBBF-566EB2CC2EB3","identity_deviceid_sn":"8184731F-E09A-43AE-A72B-D38009464EA4||13017CE9136B47AC","$identity_anonymous_id":"25175005-856F-4AAB-A276-0198
2026-09-04 22:43:44.119312 SoundCore{scbody.dylib}[28649] <NOTICE>: SCBODY #17 seg 3/8 8F6459F5"},"lib":{"$lib_version":"4.8.3","$lib":"iOS","$app_version":"5.0.02","$lib_method":"code"},"properties":{"$os":"iOS","$screen_width":390,"$app_version"
2026-09-04 22:43:44.119353 SoundCore{scbody.dylib}[28649] <NOTICE>: SCBODY #17 seg 4/8 :"5.0.02","country":"US","sn":"13017CE9136B47AC","is_secret":false,"$is_first_day":true,"$model":"iPhone18,5","$device_id":"E0D81581-DDEB-449A-BBBF-566EB2CC2EB3
2026-09-04 22:43:44.119362 SoundCore{scbody.dylib}[28649] <NOTICE>: SCBODY #17 seg 5/8 ","uuid":"8184731F-E09A-43AE-A72B-D38009464EA4","$network_type":"WIFI","firmware_version":"01.05","device_id":"8184731F-E09A-43AE-A72B-D38009464EA4","$app_name"
2026-09-04 22:43:44.119370 SoundCore{scbody.dylib}[28649] <NOTICE>: SCBODY #17 seg 6/8 :"soundcore","$wifi":true,"$timezone_offset":420,"mac":"30:33:45:44:31:36:35:41:2D:39:44:44:46:2D:33:41:37:36:2D:45:43:30:33:2D:43:43:30:42:33:31:41:46:38:30:43
2026-09-04 22:43:44.119378 SoundCore{scbody.dylib}[28649] <NOTICE>: SCBODY #17 seg 7/8 :31","app_line":"SoundCore","$screen_height":844,"$lib_method":"code","$lib_version":"4.8.3","$os_version":"26.5.1","$lib":"iOS","$manufacturer":"Apple","produc
2026-09-04 22:43:44.119493 SoundCore{scbody.dylib}[28649] <NOTICE>: SCBODY #17 seg 8/8 t_code":"D1301S","$app_id":"com.oceanwing.SoundCore.G8AW4BQ7RV"},"distinct_id":"25175005-856F-4AAB-A276-01988F6459F5","type":"track_id_bind"}
2026-09-04 22:43:44.119688 SoundCore{scbody.dylib}[28649] <NOTICE>: SCBODY CAPTURE #17 END
2026-09-04 22:43:44.122237 SoundCore{scbody.dylib}[28649] <NOTICE>: SCBODY CAPTURE #18 src=json url=(none) len=1371 score=2 BEGIN
2026-09-04 22:43:44.122464 SoundCore{scbody.dylib}[28649] <NOTICE>: SCBODY #18 seg 1/9 {"anonymous_id":"25175005-856F-4AAB-A276-01988F6459F5","_track_id":3438770373,"event":"SC_HOME_DEVICE_RESULT","time":1788587024116,"identities":{"$identity_idfv
2026-09-04 22:43:44.122768 SoundCore{scbody.dylib}[28649] <NOTICE>: SCBODY #18 seg 2/9 ":"E0D81581-DDEB-449A-BBBF-566EB2CC2EB3","identity_deviceid_sn":"8184731F-E09A-43AE-A72B-D38009464EA4||13017CE9136B47AC","$identity_anonymous_id":"25175005-856F
2026-09-04 22:43:44.122815 SoundCore{scbody.dylib}[28649] <NOTICE>: SCBODY #18 seg 3/9 -4AAB-A276-01988F6459F5"},"lib":{"$lib_version":"4.8.3","$lib":"iOS","$app_version":"5.0.02","$lib_method":"code"},"properties":{"$app_id":"com.oceanwing.SoundC
2026-09-04 22:43:44.122831 SoundCore{scbody.dylib}[28649] <NOTICE>: SCBODY #18 seg 4/9 ore.G8AW4BQ7RV","$os":"iOS","$screen_width":390,"$app_version":"5.0.02","country":"US","sn":"13017CE9136B47AC","is_secret":false,"$is_first_day":true,"$model":"
2026-09-04 22:43:44.122839 SoundCore{scbody.dylib}[28649] <NOTICE>: SCBODY #18 seg 5/9 iPhone18,5","$device_id":"E0D81581-DDEB-449A-BBBF-566EB2CC2EB3","uuid":"8184731F-E09A-43AE-A72B-D38009464EA4","requirement_id":1,"$network_type":"WIFI","firmwar
2026-09-04 22:43:44.122847 SoundCore{scbody.dylib}[28649] <NOTICE>: SCBODY #18 seg 6/9 e_version":"01.07","$app_name":"soundcore","device_id":"8184731F-E09A-43AE-A72B-D38009464EA4","$timezone_offset":420,"$wifi":true,"mac":"30:33:45:44:31:36:35:41
2026-09-04 22:43:44.122855 SoundCore{scbody.dylib}[28649] <NOTICE>: SCBODY #18 seg 7/9 :2D:39:44:44:46:2D:33:41:37:36:2D:45:43:30:33:2D:43:43:30:42:33:31:41:46:38:30:43:31","app_line":"SoundCore","$screen_height":844,"track_sign":"aSC_HOME_DEVICE.
2026-09-04 22:43:44.122863 SoundCore{scbody.dylib}[28649] <NOTICE>: SCBODY #18 seg 8/9 b3.d4.RESULT.SC_HOME_DEVICE_RESULT","$lib_method":"code","$lib_version":"4.8.3","$os_version":"26.5.1","$lib":"iOS","$manufacturer":"Apple","product_code":"D130
2026-09-04 22:43:44.122875 SoundCore{scbody.dylib}[28649] <NOTICE>: SCBODY #18 seg 9/9 1S","is_success":true},"distinct_id":"25175005-856F-4AAB-A276-01988F6459F5","type":"track"}
2026-09-04 22:43:44.122899 SoundCore{scbody.dylib}[28649] <NOTICE>: SCBODY CAPTURE #18 END
2026-09-04 22:43:44.122909 SoundCore{scbody.dylib}[28649] <NOTICE>: SCBODY MODIFY 1371 -> 1371 bytes
2026-09-04 22:43:44.122956 SoundCore{scbody.dylib}[28649] <NOTICE>: SCBODY CAPTURE #19 src=json-mod url=(none) len=1371 score=2 BEGIN
2026-09-04 22:43:44.122965 SoundCore{scbody.dylib}[28649] <NOTICE>: SCBODY #19 seg 1/9 {"anonymous_id":"25175005-856F-4AAB-A276-01988F6459F5","_track_id":3438770373,"event":"SC_HOME_DEVICE_RESULT","time":1788587024116,"identities":{"$identity_idfv
2026-09-04 22:43:44.122972 SoundCore{scbody.dylib}[28649] <NOTICE>: SCBODY #19 seg 2/9 ":"E0D81581-DDEB-449A-BBBF-566EB2CC2EB3","identity_deviceid_sn":"8184731F-E09A-43AE-A72B-D38009464EA4||13017CE9136B47AC","$identity_anonymous_id":"25175005-856F
2026-09-04 22:43:44.123006 SoundCore{scbody.dylib}[28649] <NOTICE>: SCBODY #19 seg 3/9 -4AAB-A276-01988F6459F5"},"lib":{"$lib_version":"4.8.3","$lib":"iOS","$app_version":"5.0.02","$lib_method":"code"},"properties":{"$app_id":"com.oceanwing.SoundC
2026-09-04 22:43:44.123043 SoundCore{scbody.dylib}[28649] <NOTICE>: SCBODY #19 seg 4/9 ore.G8AW4BQ7RV","$os":"iOS","$screen_width":390,"$app_version":"5.0.02","country":"US","sn":"13017CE9136B47AC","is_secret":false,"$is_first_day":true,"$model":"
2026-09-04 22:43:44.123052 SoundCore{scbody.dylib}[28649] <NOTICE>: SCBODY #19 seg 5/9 iPhone18,5","$device_id":"E0D81581-DDEB-449A-BBBF-566EB2CC2EB3","uuid":"8184731F-E09A-43AE-A72B-D38009464EA4","requirement_id":1,"$network_type":"WIFI","firmwar
2026-09-04 22:43:44.123060 SoundCore{scbody.dylib}[28649] <NOTICE>: SCBODY #19 seg 6/9 e_version":"01.05","$app_name":"soundcore","device_id":"8184731F-E09A-43AE-A72B-D38009464EA4","$timezone_offset":420,"$wifi":true,"mac":"30:33:45:44:31:36:35:41
2026-09-04 22:43:44.123068 SoundCore{scbody.dylib}[28649] <NOTICE>: SCBODY #19 seg 7/9 :2D:39:44:44:46:2D:33:41:37:36:2D:45:43:30:33:2D:43:43:30:42:33:31:41:46:38:30:43:31","app_line":"SoundCore","$screen_height":844,"track_sign":"aSC_HOME_DEVICE.
2026-09-04 22:43:44.123075 SoundCore{scbody.dylib}[28649] <NOTICE>: SCBODY #19 seg 8/9 b3.d4.RESULT.SC_HOME_DEVICE_RESULT","$lib_method":"code","$lib_version":"4.8.3","$os_version":"26.5.1","$lib":"iOS","$manufacturer":"Apple","product_code":"D130
2026-09-04 22:43:44.123083 SoundCore{scbody.dylib}[28649] <NOTICE>: SCBODY #19 seg 9/9 1S","is_success":true},"distinct_id":"25175005-856F-4AAB-A276-01988F6459F5","type":"track"}
2026-09-04 22:43:44.123093 SoundCore{scbody.dylib}[28649] <NOTICE>: SCBODY CAPTURE #19 END
2026-09-04 22:43:44.133520 SoundCore{scbody.dylib}[28649] <NOTICE>: SCBODY CAPTURE #20 src=json url=(none) len=526 score=2 BEGIN
2026-09-04 22:43:44.133540 SoundCore{scbody.dylib}[28649] <NOTICE>: SCBODY #20 seg 1/4 {"events":[{"value_string":"1","module":"MY_LIBRARY","time":"1788587024","mac":"30:33:45:44:31:36:35:41:2D:39:44:44:46:2D:33:41:37:36:2D:45:43:30:33:2D:43:43:30
2026-09-04 22:43:44.133556 SoundCore{scbody.dylib}[28649] <NOTICE>: SCBODY #20 seg 2/4 :42:33:31:41:46:38:30:43:31","device_id":"","product_code":"D1301S","sn":"13017CE9136B47AC","type":"1","name":"APP_MY_LIBRARY_MUSIC_INFO"}],"country":"US","sys_
2026-09-04 22:43:44.133575 SoundCore{scbody.dylib}[28649] <NOTICE>: SCBODY #20 seg 3/4 type":"iOS","http_user_agent":"soundcore-iOS-5.0.02","phone_model":"iPhone18,5","uuid":"DEB03254-8942-4310-A8CA-57EBE5F7CBA0","user_id":"","phone_name":"iPhone"
2026-09-04 22:43:44.133583 SoundCore{scbody.dylib}[28649] <NOTICE>: SCBODY #20 seg 4/4 ,"sys_version":"26.5.1","phone_brand":"Apple"}
2026-09-04 22:43:44.133591 SoundCore{scbody.dylib}[28649] <NOTICE>: SCBODY CAPTURE #20 END
2026-09-04 22:43:44.133599 SoundCore{scbody.dylib}[28649] <NOTICE>: SCBODY MODIFY 120 -> 120 bytes
2026-09-04 22:43:44.133656 SoundCore{scbody.dylib}[28649] <NOTICE>: SCBODY CAPTURE #21 src=json-mod url=(none) len=120 score=1 BEGIN
2026-09-04 22:43:44.133666 SoundCore{scbody.dylib}[28649] <NOTICE>: SCBODY #21 seg 1/1 {"product_code":"D1301S","firmware_version":"01.05","device_sn":"13017CE9136B47AC","ids":[4098232],"firm_preset_ids":[]}
2026-09-04 22:43:44.133692 SoundCore{scbody.dylib}[28649] <NOTICE>: SCBODY CAPTURE #21 END
2026-09-04 22:43:44.133920 SoundCore{scbody.dylib}[28649] <NOTICE>: SCBODY MODIFY 120 -> 120 bytes
2026-09-04 22:43:44.152325 SoundCore{scbody.dylib}[28649] <NOTICE>: SCBODY MODIFY 131 -> 131 bytes
2026-09-04 22:43:44.152368 SoundCore{scbody.dylib}[28649] <NOTICE>: SCBODY CAPTURE #22 src=json-mod url=(none) len=131 score=1 BEGIN
2026-09-04 22:43:44.152388 SoundCore{scbody.dylib}[28649] <NOTICE>: SCBODY #22 seg 1/1 {"device_infos":[{"product_code":"D1301S","device_sn":"13017CE9136B47AC","firmware_version":"01.05"}],"feature_codes":["ai_recap"]}
2026-09-04 22:43:44.152416 SoundCore{scbody.dylib}[28649] <NOTICE>: SCBODY CAPTURE #22 END
2026-09-04 22:43:44.152561 SoundCore{scbody.dylib}[28649] <NOTICE>: SCBODY MODIFY 131 -> 131 bytes
2026-09-04 22:43:44.238687 SoundCore{scbody.dylib}[28649] <NOTICE>: SCBODY CAPTURE #23 src=json url=(none) len=526 score=2 BEGIN
2026-09-04 22:43:44.238707 SoundCore{scbody.dylib}[28649] <NOTICE>: SCBODY #23 seg 1/4 {"events":[{"value_string":"1","module":"MY_LIBRARY","time":"1788587024","device_id":"","mac":"30:33:45:44:31:36:35:41:2D:39:44:44:46:2D:33:41:37:36:2D:45:43:30
2026-09-04 22:43:44.238716 SoundCore{scbody.dylib}[28649] <NOTICE>: SCBODY #23 seg 2/4 :33:2D:43:43:30:42:33:31:41:46:38:30:43:31","product_code":"D1301S","sn":"13017CE9136B47AC","type":"1","name":"APP_MY_LIBRARY_MUSIC_INFO"}],"country":"US","sys_
2026-09-04 22:43:44.238725 SoundCore{scbody.dylib}[28649] <NOTICE>: SCBODY #23 seg 3/4 type":"iOS","http_user_agent":"soundcore-iOS-5.0.02","phone_model":"iPhone18,5","uuid":"DEB03254-8942-4310-A8CA-57EBE5F7CBA0","user_id":"","phone_name":"iPhone"
2026-09-04 22:43:44.238735 SoundCore{scbody.dylib}[28649] <NOTICE>: SCBODY #23 seg 4/4 ,"sys_version":"26.5.1","phone_brand":"Apple"}
2026-09-04 22:43:44.238746 SoundCore{scbody.dylib}[28649] <NOTICE>: SCBODY CAPTURE #23 END
2026-09-04 22:43:44.444361 SoundCore{scbody.dylib}[28649] <NOTICE>: SCBODY CAPTURE #24 src=json url=(none) len=1384 score=2 BEGIN
2026-09-04 22:43:44.444382 SoundCore{scbody.dylib}[28649] <NOTICE>: SCBODY #24 seg 1/9 {"anonymous_id":"25175005-856F-4AAB-A276-01988F6459F5","_track_id":1017931052,"event":"SC_START_GUIDE_PAGEVIEW","time":1788587024443,"identities":{"$identity_id
2026-09-04 22:43:44.444398 SoundCore{scbody.dylib}[28649] <NOTICE>: SCBODY #24 seg 2/9 fv":"E0D81581-DDEB-449A-BBBF-566EB2CC2EB3","identity_deviceid_sn":"8184731F-E09A-43AE-A72B-D38009464EA4||13017CE9136B47AC","$identity_anonymous_id":"25175005-85
2026-09-04 22:43:44.444433 SoundCore{scbody.dylib}[28649] <NOTICE>: SCBODY #24 seg 3/9 6F-4AAB-A276-01988F6459F5"},"lib":{"$lib_version":"4.8.3","$lib":"iOS","$app_version":"5.0.02","$lib_method":"code"},"properties":{"$os":"iOS","$screen_width":3
2026-09-04 22:43:44.444471 SoundCore{scbody.dylib}[28649] <NOTICE>: SCBODY #24 seg 4/9 90,"$app_version":"5.0.02","country":"US","sn":"13017CE9136B47AC","is_secret":false,"$is_first_day":true,"$model":"iPhone18,5","$device_id":"E0D81581-DDEB-449A-
2026-09-04 22:43:44.444488 SoundCore{scbody.dylib}[28649] <NOTICE>: SCBODY #24 seg 5/9 BBBF-566EB2CC2EB3","uuid":"8184731F-E09A-43AE-A72B-D38009464EA4","requirement_id":399,"$network_type":"WIFI","page_name":"guide_one","$wifi":true,"firmware_vers
2026-09-04 22:43:44.444505 SoundCore{scbody.dylib}[28649] <NOTICE>: SCBODY #24 seg 6/9 ion":"01.07","$app_name":"soundcore","device_id":"8184731F-E09A-43AE-A72B-D38009464EA4","$timezone_offset":420,"mac":"30:33:45:44:31:36:35:41:2D:39:44:44:46:2D:
2026-09-04 22:43:44.444512 SoundCore{scbody.dylib}[28649] <NOTICE>: SCBODY #24 seg 7/9 33:41:37:36:2D:45:43:30:33:2D:43:43:30:42:33:31:41:46:38:30:43:31","app_line":"SoundCore","$screen_height":844,"track_sign":"aSC_START_GUIDE.b654.PAGEVIEW.SC_ST
2026-09-04 22:43:44.444531 SoundCore{scbody.dylib}[28649] <NOTICE>: SCBODY #24 seg 8/9 ART_GUIDE_PAGEVIEW","$lib_method":"code","$lib_version":"4.8.3","$os_version":"26.5.1","$lib":"iOS","$manufacturer":"Apple","product_code":"D1301S","$app_id":"c
2026-09-04 22:43:44.444550 SoundCore{scbody.dylib}[28649] <NOTICE>: SCBODY #24 seg 9/9 om.oceanwing.SoundCore.G8AW4BQ7RV"},"distinct_id":"25175005-856F-4AAB-A276-01988F6459F5","type":"track"}
2026-09-04 22:43:44.444566 SoundCore{scbody.dylib}[28649] <NOTICE>: SCBODY CAPTURE #24 END
2026-09-04 22:43:44.444630 SoundCore{scbody.dylib}[28649] <NOTICE>: SCBODY MODIFY 1384 -> 1384 bytes
2026-09-04 22:43:44.444667 SoundCore{scbody.dylib}[28649] <NOTICE>: SCBODY CAPTURE #25 src=json-mod url=(none) len=1384 score=2 BEGIN
2026-09-04 22:43:44.444674 SoundCore{scbody.dylib}[28649] <NOTICE>: SCBODY #25 seg 1/9 {"anonymous_id":"25175005-856F-4AAB-A276-01988F6459F5","_track_id":1017931052,"event":"SC_START_GUIDE_PAGEVIEW","time":1788587024443,"identities":{"$identity_id
2026-09-04 22:43:44.444709 SoundCore{scbody.dylib}[28649] <NOTICE>: SCBODY #25 seg 2/9 fv":"E0D81581-DDEB-449A-BBBF-566EB2CC2EB3","identity_deviceid_sn":"8184731F-E09A-43AE-A72B-D38009464EA4||13017CE9136B47AC","$identity_anonymous_id":"25175005-85
2026-09-04 22:43:44.444733 SoundCore{scbody.dylib}[28649] <NOTICE>: SCBODY #25 seg 3/9 6F-4AAB-A276-01988F6459F5"},"lib":{"$lib_version":"4.8.3","$lib":"iOS","$app_version":"5.0.02","$lib_method":"code"},"properties":{"$os":"iOS","$screen_width":3
2026-09-04 22:43:44.444740 SoundCore{scbody.dylib}[28649] <NOTICE>: SCBODY #25 seg 4/9 90,"$app_version":"5.0.02","country":"US","sn":"13017CE9136B47AC","is_secret":false,"$is_first_day":true,"$model":"iPhone18,5","$device_id":"E0D81581-DDEB-449A-
2026-09-04 22:43:44.444749 SoundCore{scbody.dylib}[28649] <NOTICE>: SCBODY #25 seg 5/9 BBBF-566EB2CC2EB3","uuid":"8184731F-E09A-43AE-A72B-D38009464EA4","requirement_id":399,"$network_type":"WIFI","page_name":"guide_one","$wifi":true,"firmware_vers
2026-09-04 22:43:44.444755 SoundCore{scbody.dylib}[28649] <NOTICE>: SCBODY #25 seg 6/9 ion":"01.05","$app_name":"soundcore","device_id":"8184731F-E09A-43AE-A72B-D38009464EA4","$timezone_offset":420,"mac":"30:33:45:44:31:36:35:41:2D:39:44:44:46:2D:
2026-09-04 22:43:44.444762 SoundCore{scbody.dylib}[28649] <NOTICE>: SCBODY #25 seg 7/9 33:41:37:36:2D:45:43:30:33:2D:43:43:30:42:33:31:41:46:38:30:43:31","app_line":"SoundCore","$screen_height":844,"track_sign":"aSC_START_GUIDE.b654.PAGEVIEW.SC_ST
2026-09-04 22:43:44.444768 SoundCore{scbody.dylib}[28649] <NOTICE>: SCBODY #25 seg 8/9 ART_GUIDE_PAGEVIEW","$lib_method":"code","$lib_version":"4.8.3","$os_version":"26.5.1","$lib":"iOS","$manufacturer":"Apple","product_code":"D1301S","$app_id":"c
2026-09-04 22:43:44.444775 SoundCore{scbody.dylib}[28649] <NOTICE>: SCBODY #25 seg 9/9 om.oceanwing.SoundCore.G8AW4BQ7RV"},"distinct_id":"25175005-856F-4AAB-A276-01988F6459F5","type":"track"}
2026-09-04 22:43:44.444781 SoundCore{scbody.dylib}[28649] <NOTICE>: SCBODY CAPTURE #25 END
2026-09-04 22:43:44.449939 SoundCore{scbody.dylib}[28649] <NOTICE>: SCBODY CAPTURE #26 src=json url=(none) len=1384 score=2 BEGIN
2026-09-04 22:43:44.449955 SoundCore{scbody.dylib}[28649] <NOTICE>: SCBODY #26 seg 1/9 {"anonymous_id":"25175005-856F-4AAB-A276-01988F6459F5","_track_id":1659791563,"event":"SC_START_GUIDE_PAGEVIEW","time":1788587024449,"identities":{"$identity_id
2026-09-04 22:43:44.449965 SoundCore{scbody.dylib}[28649] <NOTICE>: SCBODY #26 seg 2/9 fv":"E0D81581-DDEB-449A-BBBF-566EB2CC2EB3","identity_deviceid_sn":"8184731F-E09A-43AE-A72B-D38009464EA4||13017CE9136B47AC","$identity_anonymous_id":"25175005-85
2026-09-04 22:43:44.449973 SoundCore{scbody.dylib}[28649] <NOTICE>: SCBODY #26 seg 3/9 6F-4AAB-A276-01988F6459F5"},"lib":{"$lib_version":"4.8.3","$lib":"iOS","$app_version":"5.0.02","$lib_method":"code"},"properties":{"$os":"iOS","$screen_width":3
2026-09-04 22:43:44.449979 SoundCore{scbody.dylib}[28649] <NOTICE>: SCBODY #26 seg 4/9 90,"$app_version":"5.0.02","country":"US","sn":"13017CE9136B47AC","is_secret":false,"$is_first_day":true,"$model":"iPhone18,5","$device_id":"E0D81581-DDEB-449A-
2026-09-04 22:43:44.449986 SoundCore{scbody.dylib}[28649] <NOTICE>: SCBODY #26 seg 5/9 BBBF-566EB2CC2EB3","uuid":"8184731F-E09A-43AE-A72B-D38009464EA4","requirement_id":399,"$network_type":"WIFI","page_name":"guide_two","$wifi":true,"firmware_vers
2026-09-04 22:43:44.450006 SoundCore{scbody.dylib}[28649] <NOTICE>: SCBODY #26 seg 6/9 ion":"01.07","$app_name":"soundcore","device_id":"8184731F-E09A-43AE-A72B-D38009464EA4","$timezone_offset":420,"mac":"30:33:45:44:31:36:35:41:2D:39:44:44:46:2D:
2026-09-04 22:43:44.450014 SoundCore{scbody.dylib}[28649] <NOTICE>: SCBODY #26 seg 7/9 33:41:37:36:2D:45:43:30:33:2D:43:43:30:42:33:31:41:46:38:30:43:31","app_line":"SoundCore","$screen_height":844,"track_sign":"aSC_START_GUIDE.b654.PAGEVIEW.SC_ST
2026-09-04 22:43:44.450026 SoundCore{scbody.dylib}[28649] <NOTICE>: SCBODY #26 seg 8/9 ART_GUIDE_PAGEVIEW","$lib_method":"code","$lib_version":"4.8.3","$os_version":"26.5.1","$lib":"iOS","$manufacturer":"Apple","product_code":"D1301S","$app_id":"c
2026-09-04 22:43:44.450047 SoundCore{scbody.dylib}[28649] <NOTICE>: SCBODY #26 seg 9/9 om.oceanwing.SoundCore.G8AW4BQ7RV"},"distinct_id":"25175005-856F-4AAB-A276-01988F6459F5","type":"track"}
2026-09-04 22:43:44.450064 SoundCore{scbody.dylib}[28649] <NOTICE>: SCBODY CAPTURE #26 END
2026-09-04 22:43:44.450084 SoundCore{scbody.dylib}[28649] <NOTICE>: SCBODY MODIFY 1384 -> 1384 bytes
2026-09-04 22:43:44.450142 SoundCore{scbody.dylib}[28649] <NOTICE>: SCBODY CAPTURE #27 src=json-mod url=(none) len=1384 score=2 BEGIN
2026-09-04 22:43:44.450149 SoundCore{scbody.dylib}[28649] <NOTICE>: SCBODY #27 seg 1/9 {"anonymous_id":"25175005-856F-4AAB-A276-01988F6459F5","_track_id":1659791563,"event":"SC_START_GUIDE_PAGEVIEW","time":1788587024449,"identities":{"$identity_id
2026-09-04 22:43:44.450171 SoundCore{scbody.dylib}[28649] <NOTICE>: SCBODY #27 seg 2/9 fv":"E0D81581-DDEB-449A-BBBF-566EB2CC2EB3","identity_deviceid_sn":"8184731F-E09A-43AE-A72B-D38009464EA4||13017CE9136B47AC","$identity_anonymous_id":"25175005-85
2026-09-04 22:43:44.450179 SoundCore{scbody.dylib}[28649] <NOTICE>: SCBODY #27 seg 3/9 6F-4AAB-A276-01988F6459F5"},"lib":{"$lib_version":"4.8.3","$lib":"iOS","$app_version":"5.0.02","$lib_method":"code"},"properties":{"$os":"iOS","$screen_width":3
2026-09-04 22:43:44.450185 SoundCore{scbody.dylib}[28649] <NOTICE>: SCBODY #27 seg 4/9 90,"$app_version":"5.0.02","country":"US","sn":"13017CE9136B47AC","is_secret":false,"$is_first_day":true,"$model":"iPhone18,5","$device_id":"E0D81581-DDEB-449A-
2026-09-04 22:43:44.450192 SoundCore{scbody.dylib}[28649] <NOTICE>: SCBODY #27 seg 5/9 BBBF-566EB2CC2EB3","uuid":"8184731F-E09A-43AE-A72B-D38009464EA4","requirement_id":399,"$network_type":"WIFI","page_name":"guide_two","$wifi":true,"firmware_vers
2026-09-04 22:43:44.450198 SoundCore{scbody.dylib}[28649] <NOTICE>: SCBODY #27 seg 6/9 ion":"01.05","$app_name":"soundcore","device_id":"8184731F-E09A-43AE-A72B-D38009464EA4","$timezone_offset":420,"mac":"30:33:45:44:31:36:35:41:2D:39:44:44:46:2D:
2026-09-04 22:43:44.450204 SoundCore{scbody.dylib}[28649] <NOTICE>: SCBODY #27 seg 7/9 33:41:37:36:2D:45:43:30:33:2D:43:43:30:42:33:31:41:46:38:30:43:31","app_line":"SoundCore","$screen_height":844,"track_sign":"aSC_START_GUIDE.b654.PAGEVIEW.SC_ST
2026-09-04 22:43:44.450211 SoundCore{scbody.dylib}[28649] <NOTICE>: SCBODY #27 seg 8/9 ART_GUIDE_PAGEVIEW","$lib_method":"code","$lib_version":"4.8.3","$os_version":"26.5.1","$lib":"iOS","$manufacturer":"Apple","product_code":"D1301S","$app_id":"c
2026-09-04 22:43:44.450217 SoundCore{scbody.dylib}[28649] <NOTICE>: SCBODY #27 seg 9/9 om.oceanwing.SoundCore.G8AW4BQ7RV"},"distinct_id":"25175005-856F-4AAB-A276-01988F6459F5","type":"track"}
2026-09-04 22:43:44.450225 SoundCore{scbody.dylib}[28649] <NOTICE>: SCBODY CAPTURE #27 END
2026-09-04 22:43:44.455626 SoundCore{scbody.dylib}[28649] <NOTICE>: SCBODY CAPTURE #28 src=json url=(none) len=1383 score=2 BEGIN
2026-09-04 22:43:44.455634 SoundCore{scbody.dylib}[28649] <NOTICE>: SCBODY #28 seg 1/9 {"anonymous_id":"25175005-856F-4AAB-A276-01988F6459F5","_track_id":950897160,"event":"SC_START_GUIDE_PAGEVIEW","time":1788587024454,"identities":{"$identity_idf
2026-09-04 22:43:44.455640 SoundCore{scbody.dylib}[28649] <NOTICE>: SCBODY #28 seg 2/9 v":"E0D81581-DDEB-449A-BBBF-566EB2CC2EB3","identity_deviceid_sn":"8184731F-E09A-43AE-A72B-D38009464EA4||13017CE9136B47AC","$identity_anonymous_id":"25175005-856
2026-09-04 22:43:44.455648 SoundCore{scbody.dylib}[28649] <NOTICE>: SCBODY #28 seg 3/9 F-4AAB-A276-01988F6459F5"},"lib":{"$lib_version":"4.8.3","$lib":"iOS","$app_version":"5.0.02","$lib_method":"code"},"properties":{"$os":"iOS","$screen_width":39
2026-09-04 22:43:44.455656 SoundCore{scbody.dylib}[28649] <NOTICE>: SCBODY #28 seg 4/9 0,"$app_version":"5.0.02","country":"US","sn":"13017CE9136B47AC","is_secret":false,"$is_first_day":true,"$model":"iPhone18,5","$device_id":"E0D81581-DDEB-449A-B
2026-09-04 22:43:44.455663 SoundCore{scbody.dylib}[28649] <NOTICE>: SCBODY #28 seg 5/9 BBF-566EB2CC2EB3","uuid":"8184731F-E09A-43AE-A72B-D38009464EA4","requirement_id":399,"$network_type":"WIFI","page_name":"guide_one","$wifi":true,"firmware_versi
2026-09-04 22:43:44.455670 SoundCore{scbody.dylib}[28649] <NOTICE>: SCBODY #28 seg 6/9 on":"01.07","$app_name":"soundcore","device_id":"8184731F-E09A-43AE-A72B-D38009464EA4","$timezone_offset":420,"mac":"30:33:45:44:31:36:35:41:2D:39:44:44:46:2D:3
2026-09-04 22:43:44.455678 SoundCore{scbody.dylib}[28649] <NOTICE>: SCBODY #28 seg 7/9 3:41:37:36:2D:45:43:30:33:2D:43:43:30:42:33:31:41:46:38:30:43:31","app_line":"SoundCore","$screen_height":844,"track_sign":"aSC_START_GUIDE.b654.PAGEVIEW.SC_STA
2026-09-04 22:43:44.455691 SoundCore{scbody.dylib}[28649] <NOTICE>: SCBODY #28 seg 8/9 RT_GUIDE_PAGEVIEW","$lib_method":"code","$lib_version":"4.8.3","$os_version":"26.5.1","$lib":"iOS","$manufacturer":"Apple","product_code":"D1301S","$app_id":"co
2026-09-04 22:43:44.455723 SoundCore{scbody.dylib}[28649] <NOTICE>: SCBODY #28 seg 9/9 m.oceanwing.SoundCore.G8AW4BQ7RV"},"distinct_id":"25175005-856F-4AAB-A276-01988F6459F5","type":"track"}
2026-09-04 22:43:44.455737 SoundCore{scbody.dylib}[28649] <NOTICE>: SCBODY CAPTURE #28 END
2026-09-04 22:43:44.455755 SoundCore{scbody.dylib}[28649] <NOTICE>: SCBODY MODIFY 1383 -> 1383 bytes
2026-09-04 22:43:44.455762 SoundCore{scbody.dylib}[28649] <NOTICE>: SCBODY CAPTURE #29 src=json-mod url=(none) len=1383 score=2 BEGIN
2026-09-04 22:43:44.455770 SoundCore{scbody.dylib}[28649] <NOTICE>: SCBODY #29 seg 1/9 {"anonymous_id":"25175005-856F-4AAB-A276-01988F6459F5","_track_id":950897160,"event":"SC_START_GUIDE_PAGEVIEW","time":1788587024454,"identities":{"$identity_idf
2026-09-04 22:43:44.455796 SoundCore{scbody.dylib}[28649] <NOTICE>: SCBODY #29 seg 2/9 v":"E0D81581-DDEB-449A-BBBF-566EB2CC2EB3","identity_deviceid_sn":"8184731F-E09A-43AE-A72B-D38009464EA4||13017CE9136B47AC","$identity_anonymous_id":"25175005-856
2026-09-04 22:43:44.455805 SoundCore{scbody.dylib}[28649] <NOTICE>: SCBODY #29 seg 3/9 F-4AAB-A276-01988F6459F5"},"lib":{"$lib_version":"4.8.3","$lib":"iOS","$app_version":"5.0.02","$lib_method":"code"},"properties":{"$os":"iOS","$screen_width":39
2026-09-04 22:43:44.455813 SoundCore{scbody.dylib}[28649] <NOTICE>: SCBODY #29 seg 4/9 0,"$app_version":"5.0.02","country":"US","sn":"13017CE9136B47AC","is_secret":false,"$is_first_day":true,"$model":"iPhone18,5","$device_id":"E0D81581-DDEB-449A-B
2026-09-04 22:43:44.455820 SoundCore{scbody.dylib}[28649] <NOTICE>: SCBODY #29 seg 5/9 BBF-566EB2CC2EB3","uuid":"8184731F-E09A-43AE-A72B-D38009464EA4","requirement_id":399,"$network_type":"WIFI","page_name":"guide_one","$wifi":true,"firmware_versi
2026-09-04 22:43:44.455827 SoundCore{scbody.dylib}[28649] <NOTICE>: SCBODY #29 seg 6/9 on":"01.05","$app_name":"soundcore","device_id":"8184731F-E09A-43AE-A72B-D38009464EA4","$timezone_offset":420,"mac":"30:33:45:44:31:36:35:41:2D:39:44:44:46:2D:3
2026-09-04 22:43:44.455834 SoundCore{scbody.dylib}[28649] <NOTICE>: SCBODY #29 seg 7/9 3:41:37:36:2D:45:43:30:33:2D:43:43:30:42:33:31:41:46:38:30:43:31","app_line":"SoundCore","$screen_height":844,"track_sign":"aSC_START_GUIDE.b654.PAGEVIEW.SC_STA
2026-09-04 22:43:44.455842 SoundCore{scbody.dylib}[28649] <NOTICE>: SCBODY #29 seg 8/9 RT_GUIDE_PAGEVIEW","$lib_method":"code","$lib_version":"4.8.3","$os_version":"26.5.1","$lib":"iOS","$manufacturer":"Apple","product_code":"D1301S","$app_id":"co
2026-09-04 22:43:44.455848 SoundCore{scbody.dylib}[28649] <NOTICE>: SCBODY #29 seg 9/9 m.oceanwing.SoundCore.G8AW4BQ7RV"},"distinct_id":"25175005-856F-4AAB-A276-01988F6459F5","type":"track"}
2026-09-04 22:43:44.455855 SoundCore{scbody.dylib}[28649] <NOTICE>: SCBODY CAPTURE #29 END
2026-09-04 22:43:44.461304 SoundCore{scbody.dylib}[28649] <NOTICE>: SCBODY CAPTURE #30 src=json url=(none) len=1384 score=2 BEGIN
2026-09-04 22:43:44.461315 SoundCore{scbody.dylib}[28649] <NOTICE>: SCBODY #30 seg 1/9 {"anonymous_id":"25175005-856F-4AAB-A276-01988F6459F5","_track_id":1893104796,"event":"SC_START_GUIDE_PAGEVIEW","time":1788587024460,"identities":{"$identity_id
2026-09-04 22:43:44.461322 SoundCore{scbody.dylib}[28649] <NOTICE>: SCBODY #30 seg 2/9 fv":"E0D81581-DDEB-449A-BBBF-566EB2CC2EB3","identity_deviceid_sn":"8184731F-E09A-43AE-A72B-D38009464EA4||13017CE9136B47AC","$identity_anonymous_id":"25175005-85
2026-09-04 22:43:44.461351 SoundCore{scbody.dylib}[28649] <NOTICE>: SCBODY #30 seg 3/9 6F-4AAB-A276-01988F6459F5"},"lib":{"$lib_version":"4.8.3","$lib":"iOS","$app_version":"5.0.02","$lib_method":"code"},"properties":{"$os":"iOS","$screen_width":3
2026-09-04 22:43:44.461366 SoundCore{scbody.dylib}[28649] <NOTICE>: SCBODY #30 seg 4/9 90,"$app_version":"5.0.02","country":"US","sn":"13017CE9136B47AC","is_secret":false,"$is_first_day":true,"$model":"iPhone18,5","$device_id":"E0D81581-DDEB-449A-
2026-09-04 22:43:44.461402 SoundCore{scbody.dylib}[28649] <NOTICE>: SCBODY #30 seg 5/9 BBBF-566EB2CC2EB3","uuid":"8184731F-E09A-43AE-A72B-D38009464EA4","requirement_id":399,"$network_type":"WIFI","page_name":"guide_two","$wifi":true,"firmware_vers
2026-09-04 22:43:44.461495 SoundCore{scbody.dylib}[28649] <NOTICE>: SCBODY #30 seg 6/9 ion":"01.07","$app_name":"soundcore","device_id":"8184731F-E09A-43AE-A72B-D38009464EA4","$timezone_offset":420,"mac":"30:33:45:44:31:36:35:41:2D:39:44:44:46:2D:
2026-09-04 22:43:44.461506 SoundCore{scbody.dylib}[28649] <NOTICE>: SCBODY #30 seg 7/9 33:41:37:36:2D:45:43:30:33:2D:43:43:30:42:33:31:41:46:38:30:43:31","app_line":"SoundCore","$screen_height":844,"track_sign":"aSC_START_GUIDE.b654.PAGEVIEW.SC_ST
2026-09-04 22:43:44.461547 SoundCore{scbody.dylib}[28649] <NOTICE>: SCBODY #30 seg 8/9 ART_GUIDE_PAGEVIEW","$lib_method":"code","$lib_version":"4.8.3","$os_version":"26.5.1","$lib":"iOS","$manufacturer":"Apple","product_code":"D1301S","$app_id":"c
2026-09-04 22:43:44.461559 SoundCore{scbody.dylib}[28649] <NOTICE>: SCBODY #30 seg 9/9 om.oceanwing.SoundCore.G8AW4BQ7RV"},"distinct_id":"25175005-856F-4AAB-A276-01988F6459F5","type":"track"}
2026-09-04 22:43:44.461578 SoundCore{scbody.dylib}[28649] <NOTICE>: SCBODY CAPTURE #30 END
2026-09-04 22:43:44.461593 SoundCore{scbody.dylib}[28649] <NOTICE>: SCBODY MODIFY 1384 -> 1384 bytes
2026-09-04 22:43:44.461604 SoundCore{scbody.dylib}[28649] <NOTICE>: SCBODY CAPTURE #31 src=json-mod url=(none) len=1384 score=2 BEGIN
2026-09-04 22:43:44.461611 SoundCore{scbody.dylib}[28649] <NOTICE>: SCBODY #31 seg 1/9 {"anonymous_id":"25175005-856F-4AAB-A276-01988F6459F5","_track_id":1893104796,"event":"SC_START_GUIDE_PAGEVIEW","time":1788587024460,"identities":{"$identity_id
2026-09-04 22:43:44.461620 SoundCore{scbody.dylib}[28649] <NOTICE>: SCBODY #31 seg 2/9 fv":"E0D81581-DDEB-449A-BBBF-566EB2CC2EB3","identity_deviceid_sn":"8184731F-E09A-43AE-A72B-D38009464EA4||13017CE9136B47AC","$identity_anonymous_id":"25175005-85
2026-09-04 22:43:44.461632 SoundCore{scbody.dylib}[28649] <NOTICE>: SCBODY #31 seg 3/9 6F-4AAB-A276-01988F6459F5"},"lib":{"$lib_version":"4.8.3","$lib":"iOS","$app_version":"5.0.02","$lib_method":"code"},"properties":{"$os":"iOS","$screen_width":3
2026-09-04 22:43:44.461639 SoundCore{scbody.dylib}[28649] <NOTICE>: SCBODY #31 seg 4/9 90,"$app_version":"5.0.02","country":"US","sn":"13017CE9136B47AC","is_secret":false,"$is_first_day":true,"$model":"iPhone18,5","$device_id":"E0D81581-DDEB-449A-
2026-09-04 22:43:44.461646 SoundCore{scbody.dylib}[28649] <NOTICE>: SCBODY #31 seg 5/9 BBBF-566EB2CC2EB3","uuid":"8184731F-E09A-43AE-A72B-D38009464EA4","requirement_id":399,"$network_type":"WIFI","page_name":"guide_two","$wifi":true,"firmware_vers
2026-09-04 22:43:44.461656 SoundCore{scbody.dylib}[28649] <NOTICE>: SCBODY #31 seg 6/9 ion":"01.05","$app_name":"soundcore","device_id":"8184731F-E09A-43AE-A72B-D38009464EA4","$timezone_offset":420,"mac":"30:33:45:44:31:36:35:41:2D:39:44:44:46:2D:
2026-09-04 22:43:44.461662 SoundCore{scbody.dylib}[28649] <NOTICE>: SCBODY #31 seg 7/9 33:41:37:36:2D:45:43:30:33:2D:43:43:30:42:33:31:41:46:38:30:43:31","app_line":"SoundCore","$screen_height":844,"track_sign":"aSC_START_GUIDE.b654.PAGEVIEW.SC_ST
2026-09-04 22:43:44.461668 SoundCore{scbody.dylib}[28649] <NOTICE>: SCBODY #31 seg 8/9 ART_GUIDE_PAGEVIEW","$lib_method":"code","$lib_version":"4.8.3","$os_version":"26.5.1","$lib":"iOS","$manufacturer":"Apple","product_code":"D1301S","$app_id":"c
2026-09-04 22:43:44.461675 SoundCore{scbody.dylib}[28649] <NOTICE>: SCBODY #31 seg 9/9 om.oceanwing.SoundCore.G8AW4BQ7RV"},"distinct_id":"25175005-856F-4AAB-A276-01988F6459F5","type":"track"}
2026-09-04 22:43:44.461684 SoundCore{scbody.dylib}[28649] <NOTICE>: SCBODY CAPTURE #31 END
2026-09-04 22:43:44.465931 SoundCore{scbody.dylib}[28649] <NOTICE>: SCBODY CAPTURE #32 src=json url=(none) len=1383 score=2 BEGIN
2026-09-04 22:43:44.465940 SoundCore{scbody.dylib}[28649] <NOTICE>: SCBODY #32 seg 1/9 {"anonymous_id":"25175005-856F-4AAB-A276-01988F6459F5","_track_id":195526375,"event":"SC_START_GUIDE_PAGEVIEW","time":1788587024465,"identities":{"$identity_idf
2026-09-04 22:43:44.465949 SoundCore{scbody.dylib}[28649] <NOTICE>: SCBODY #32 seg 2/9 v":"E0D81581-DDEB-449A-BBBF-566EB2CC2EB3","identity_deviceid_sn":"8184731F-E09A-43AE-A72B-D38009464EA4||13017CE9136B47AC","$identity_anonymous_id":"25175005-856
2026-09-04 22:43:44.465968 SoundCore{scbody.dylib}[28649] <NOTICE>: SCBODY #32 seg 3/9 F-4AAB-A276-01988F6459F5"},"lib":{"$lib_version":"4.8.3","$lib":"iOS","$app_version":"5.0.02","$lib_method":"code"},"properties":{"$os":"iOS","$screen_width":39
2026-09-04 22:43:44.465980 SoundCore{scbody.dylib}[28649] <NOTICE>: SCBODY #32 seg 4/9 0,"$app_version":"5.0.02","country":"US","sn":"13017CE9136B47AC","is_secret":false,"$is_first_day":true,"$model":"iPhone18,5","$device_id":"E0D81581-DDEB-449A-B
2026-09-04 22:43:44.465987 SoundCore{scbody.dylib}[28649] <NOTICE>: SCBODY #32 seg 5/9 BBF-566EB2CC2EB3","uuid":"8184731F-E09A-43AE-A72B-D38009464EA4","requirement_id":399,"$network_type":"WIFI","page_name":"guide_one","$wifi":true,"firmware_versi
2026-09-04 22:43:44.465994 SoundCore{scbody.dylib}[28649] <NOTICE>: SCBODY #32 seg 6/9 on":"01.07","$app_name":"soundcore","device_id":"8184731F-E09A-43AE-A72B-D38009464EA4","$timezone_offset":420,"mac":"30:33:45:44:31:36:35:41:2D:39:44:44:46:2D:3
2026-09-04 22:43:44.466001 SoundCore{scbody.dylib}[28649] <NOTICE>: SCBODY #32 seg 7/9 3:41:37:36:2D:45:43:30:33:2D:43:43:30:42:33:31:41:46:38:30:43:31","app_line":"SoundCore","$screen_height":844,"track_sign":"aSC_START_GUIDE.b654.PAGEVIEW.SC_STA
2026-09-04 22:43:44.466007 SoundCore{scbody.dylib}[28649] <NOTICE>: SCBODY #32 seg 8/9 RT_GUIDE_PAGEVIEW","$lib_method":"code","$lib_version":"4.8.3","$os_version":"26.5.1","$lib":"iOS","$manufacturer":"Apple","product_code":"D1301S","$app_id":"co
2026-09-04 22:43:44.466014 SoundCore{scbody.dylib}[28649] <NOTICE>: SCBODY #32 seg 9/9 m.oceanwing.SoundCore.G8AW4BQ7RV"},"distinct_id":"25175005-856F-4AAB-A276-01988F6459F5","type":"track"}
2026-09-04 22:43:44.466021 SoundCore{scbody.dylib}[28649] <NOTICE>: SCBODY CAPTURE #32 END
2026-09-04 22:43:44.466043 SoundCore{scbody.dylib}[28649] <NOTICE>: SCBODY MODIFY 1383 -> 1383 bytes
2026-09-04 22:43:44.466096 SoundCore{scbody.dylib}[28649] <NOTICE>: SCBODY CAPTURE #33 src=json-mod url=(none) len=1383 score=2 BEGIN
2026-09-04 22:43:44.466103 SoundCore{scbody.dylib}[28649] <NOTICE>: SCBODY #33 seg 1/9 {"anonymous_id":"25175005-856F-4AAB-A276-01988F6459F5","_track_id":195526375,"event":"SC_START_GUIDE_PAGEVIEW","time":1788587024465,"identities":{"$identity_idf
2026-09-04 22:43:44.466111 SoundCore{scbody.dylib}[28649] <NOTICE>: SCBODY #33 seg 2/9 v":"E0D81581-DDEB-449A-BBBF-566EB2CC2EB3","identity_deviceid_sn":"8184731F-E09A-43AE-A72B-D38009464EA4||13017CE9136B47AC","$identity_anonymous_id":"25175005-856
2026-09-04 22:43:44.466118 SoundCore{scbody.dylib}[28649] <NOTICE>: SCBODY #33 seg 3/9 F-4AAB-A276-01988F6459F5"},"lib":{"$lib_version":"4.8.3","$lib":"iOS","$app_version":"5.0.02","$lib_method":"code"},"properties":{"$os":"iOS","$screen_width":39
2026-09-04 22:43:44.466125 SoundCore{scbody.dylib}[28649] <NOTICE>: SCBODY #33 seg 4/9 0,"$app_version":"5.0.02","country":"US","sn":"13017CE9136B47AC","is_secret":false,"$is_first_day":true,"$model":"iPhone18,5","$device_id":"E0D81581-DDEB-449A-B
2026-09-04 22:43:44.466131 SoundCore{scbody.dylib}[28649] <NOTICE>: SCBODY #33 seg 5/9 BBF-566EB2CC2EB3","uuid":"8184731F-E09A-43AE-A72B-D38009464EA4","requirement_id":399,"$network_type":"WIFI","page_name":"guide_one","$wifi":true,"firmware_versi
2026-09-04 22:43:44.466138 SoundCore{scbody.dylib}[28649] <NOTICE>: SCBODY #33 seg 6/9 on":"01.05","$app_name":"soundcore","device_id":"8184731F-E09A-43AE-A72B-D38009464EA4","$timezone_offset":420,"mac":"30:33:45:44:31:36:35:41:2D:39:44:44:46:2D:3
2026-09-04 22:43:44.466144 SoundCore{scbody.dylib}[28649] <NOTICE>: SCBODY #33 seg 7/9 3:41:37:36:2D:45:43:30:33:2D:43:43:30:42:33:31:41:46:38:30:43:31","app_line":"SoundCore","$screen_height":844,"track_sign":"aSC_START_GUIDE.b654.PAGEVIEW.SC_STA
2026-09-04 22:43:44.466151 SoundCore{scbody.dylib}[28649] <NOTICE>: SCBODY #33 seg 8/9 RT_GUIDE_PAGEVIEW","$lib_method":"code","$lib_version":"4.8.3","$os_version":"26.5.1","$lib":"iOS","$manufacturer":"Apple","product_code":"D1301S","$app_id":"co
2026-09-04 22:43:44.466157 SoundCore{scbody.dylib}[28649] <NOTICE>: SCBODY #33 seg 9/9 m.oceanwing.SoundCore.G8AW4BQ7RV"},"distinct_id":"25175005-856F-4AAB-A276-01988F6459F5","type":"track"}
2026-09-04 22:43:44.466168 SoundCore{scbody.dylib}[28649] <NOTICE>: SCBODY CAPTURE #33 END
2026-09-04 22:43:44.470710 SoundCore{scbody.dylib}[28649] <NOTICE>: SCBODY CAPTURE #34 src=json url=(none) len=1384 score=2 BEGIN
2026-09-04 22:43:44.470724 SoundCore{scbody.dylib}[28649] <NOTICE>: SCBODY #34 seg 1/9 {"anonymous_id":"25175005-856F-4AAB-A276-01988F6459F5","_track_id":2714403761,"event":"SC_START_GUIDE_PAGEVIEW","time":1788587024470,"identities":{"$identity_id
2026-09-04 22:43:44.470746 SoundCore{scbody.dylib}[28649] <NOTICE>: SCBODY #34 seg 2/9 fv":"E0D81581-DDEB-449A-BBBF-566EB2CC2EB3","identity_deviceid_sn":"8184731F-E09A-43AE-A72B-D38009464EA4||13017CE9136B47AC","$identity_anonymous_id":"25175005-85
2026-09-04 22:43:44.470769 SoundCore{scbody.dylib}[28649] <NOTICE>: SCBODY #34 seg 3/9 6F-4AAB-A276-01988F6459F5"},"lib":{"$lib_version":"4.8.3","$lib":"iOS","$app_version":"5.0.02","$lib_method":"code"},"properties":{"$os":"iOS","$screen_width":3
2026-09-04 22:43:44.470777 SoundCore{scbody.dylib}[28649] <NOTICE>: SCBODY #34 seg 4/9 90,"$app_version":"5.0.02","country":"US","sn":"13017CE9136B47AC","is_secret":false,"$is_first_day":true,"$model":"iPhone18,5","$device_id":"E0D81581-DDEB-449A-
2026-09-04 22:43:44.470788 SoundCore{scbody.dylib}[28649] <NOTICE>: SCBODY #34 seg 5/9 BBBF-566EB2CC2EB3","uuid":"8184731F-E09A-43AE-A72B-D38009464EA4","requirement_id":399,"$network_type":"WIFI","page_name":"guide_one","$wifi":true,"firmware_vers
2026-09-04 22:43:44.470796 SoundCore{scbody.dylib}[28649] <NOTICE>: SCBODY #34 seg 6/9 ion":"01.07","$app_name":"soundcore","device_id":"8184731F-E09A-43AE-A72B-D38009464EA4","$timezone_offset":420,"mac":"30:33:45:44:31:36:35:41:2D:39:44:44:46:2D:
2026-09-04 22:43:44.470803 SoundCore{scbody.dylib}[28649] <NOTICE>: SCBODY #34 seg 7/9 33:41:37:36:2D:45:43:30:33:2D:43:43:30:42:33:31:41:46:38:30:43:31","app_line":"SoundCore","$screen_height":844,"track_sign":"aSC_START_GUIDE.b654.PAGEVIEW.SC_ST
2026-09-04 22:43:44.470809 SoundCore{scbody.dylib}[28649] <NOTICE>: SCBODY #34 seg 8/9 ART_GUIDE_PAGEVIEW","$lib_method":"code","$lib_version":"4.8.3","$os_version":"26.5.1","$lib":"iOS","$manufacturer":"Apple","product_code":"D1301S","$app_id":"c
2026-09-04 22:43:44.470816 SoundCore{scbody.dylib}[28649] <NOTICE>: SCBODY #34 seg 9/9 om.oceanwing.SoundCore.G8AW4BQ7RV"},"distinct_id":"25175005-856F-4AAB-A276-01988F6459F5","type":"track"}
2026-09-04 22:43:44.470823 SoundCore{scbody.dylib}[28649] <NOTICE>: SCBODY CAPTURE #34 END
2026-09-04 22:43:44.470850 SoundCore{scbody.dylib}[28649] <NOTICE>: SCBODY MODIFY 1384 -> 1384 bytes
2026-09-04 22:43:44.470909 SoundCore{scbody.dylib}[28649] <NOTICE>: SCBODY CAPTURE #35 src=json-mod url=(none) len=1384 score=2 BEGIN
2026-09-04 22:43:44.470919 SoundCore{scbody.dylib}[28649] <NOTICE>: SCBODY #35 seg 1/9 {"anonymous_id":"25175005-856F-4AAB-A276-01988F6459F5","_track_id":2714403761,"event":"SC_START_GUIDE_PAGEVIEW","time":1788587024470,"identities":{"$identity_id
2026-09-04 22:43:44.470927 SoundCore{scbody.dylib}[28649] <NOTICE>: SCBODY #35 seg 2/9 fv":"E0D81581-DDEB-449A-BBBF-566EB2CC2EB3","identity_deviceid_sn":"8184731F-E09A-43AE-A72B-D38009464EA4||13017CE9136B47AC","$identity_anonymous_id":"25175005-85
2026-09-04 22:43:44.470935 SoundCore{scbody.dylib}[28649] <NOTICE>: SCBODY #35 seg 3/9 6F-4AAB-A276-01988F6459F5"},"lib":{"$lib_version":"4.8.3","$lib":"iOS","$app_version":"5.0.02","$lib_method":"code"},"properties":{"$os":"iOS","$screen_width":3
2026-09-04 22:43:44.470942 SoundCore{scbody.dylib}[28649] <NOTICE>: SCBODY #35 seg 4/9 90,"$app_version":"5.0.02","country":"US","sn":"13017CE9136B47AC","is_secret":false,"$is_first_day":true,"$model":"iPhone18,5","$device_id":"E0D81581-DDEB-449A-
2026-09-04 22:43:44.470949 SoundCore{scbody.dylib}[28649] <NOTICE>: SCBODY #35 seg 5/9 BBBF-566EB2CC2EB3","uuid":"8184731F-E09A-43AE-A72B-D38009464EA4","requirement_id":399,"$network_type":"WIFI","page_name":"guide_one","$wifi":true,"firmware_vers
2026-09-04 22:43:44.470956 SoundCore{scbody.dylib}[28649] <NOTICE>: SCBODY #35 seg 6/9 ion":"01.05","$app_name":"soundcore","device_id":"8184731F-E09A-43AE-A72B-D38009464EA4","$timezone_offset":420,"mac":"30:33:45:44:31:36:35:41:2D:39:44:44:46:2D:
2026-09-04 22:43:44.470963 SoundCore{scbody.dylib}[28649] <NOTICE>: SCBODY #35 seg 7/9 33:41:37:36:2D:45:43:30:33:2D:43:43:30:42:33:31:41:46:38:30:43:31","app_line":"SoundCore","$screen_height":844,"track_sign":"aSC_START_GUIDE.b654.PAGEVIEW.SC_ST
2026-09-04 22:43:44.470969 SoundCore{scbody.dylib}[28649] <NOTICE>: SCBODY #35 seg 8/9 ART_GUIDE_PAGEVIEW","$lib_method":"code","$lib_version":"4.8.3","$os_version":"26.5.1","$lib":"iOS","$manufacturer":"Apple","product_code":"D1301S","$app_id":"c
2026-09-04 22:43:44.470978 SoundCore{scbody.dylib}[28649] <NOTICE>: SCBODY #35 seg 9/9 om.oceanwing.SoundCore.G8AW4BQ7RV"},"distinct_id":"25175005-856F-4AAB-A276-01988F6459F5","type":"track"}
2026-09-04 22:43:44.470987 SoundCore{scbody.dylib}[28649] <NOTICE>: SCBODY CAPTURE #35 END
2026-09-04 22:43:44.478009 SoundCore{scbody.dylib}[28649] <NOTICE>: SCBODY CAPTURE #36 src=json url=(none) len=1435 score=2 BEGIN
2026-09-04 22:43:44.478016 SoundCore{scbody.dylib}[28649] <NOTICE>: SCBODY #36 seg 1/9 {"anonymous_id":"25175005-856F-4AAB-A276-01988F6459F5","_track_id":1644944626,"event":"$AppPageLeave","time":1788587024477,"identities":{"$identity_idfv":"E0D81
2026-09-04 22:43:44.478023 SoundCore{scbody.dylib}[28649] <NOTICE>: SCBODY #36 seg 2/9 581-DDEB-449A-BBBF-566EB2CC2EB3","identity_deviceid_sn":"8184731F-E09A-43AE-A72B-D38009464EA4||13017CE9136B47AC","$identity_anonymous_id":"25175005-856F-4AAB-A2
2026-09-04 22:43:44.478035 SoundCore{scbody.dylib}[28649] <NOTICE>: SCBODY #36 seg 3/9 76-01988F6459F5"},"lib":{"$lib_version":"4.8.3","$lib":"iOS","$app_version":"5.0.02","$lib_method":"code"},"properties":{"$os":"iOS","$screen_width":390,"$app_v
2026-09-04 22:43:44.478059 SoundCore{scbody.dylib}[28649] <NOTICE>: SCBODY #36 seg 4/9 ersion":"5.0.02","country":"US","sn":"13017CE9136B47AC","is_secret":false,"$is_first_day":true,"$model":"iPhone18,5","$device_id":"E0D81581-DDEB-449A-BBBF-566EB
2026-09-04 22:43:44.478083 SoundCore{scbody.dylib}[28649] <NOTICE>: SCBODY #36 seg 5/9 2CC2EB3","uuid":"8184731F-E09A-43AE-A72B-D38009464EA4","$network_type":"WIFI","firmware_version":"01.07","device_id":"8184731F-E09A-43AE-A72B-D38009464EA4","$ap
2026-09-04 22:43:44.478095 SoundCore{scbody.dylib}[28649] <NOTICE>: SCBODY #36 seg 6/9 p_name":"soundcore","$wifi":true,"$timezone_offset":420,"$url":"SoundCore.SCD1301FirstGuideCtrl","mac":"30:33:45:44:31:36:35:41:2D:39:44:44:46:2D:33:41:37:36:2D
2026-09-04 22:43:44.478107 SoundCore{scbody.dylib}[28649] <NOTICE>: SCBODY #36 seg 7/9 :45:43:30:33:2D:43:43:30:42:33:31:41:46:38:30:43:31","app_line":"SoundCore","$screen_height":844,"$referrer":"ModuleConnect.SCSeriesNewDeviceListViewController"
2026-09-04 22:43:44.478144 SoundCore{scbody.dylib}[28649] <NOTICE>: SCBODY #36 seg 8/9 ,"$lib_method":"code","$screen_name":"SoundCore.SCD1301FirstGuideCtrl","$lib_version":"4.8.3","$os_version":"26.5.1","$lib":"iOS","$manufacturer":"Apple","produ
2026-09-04 22:43:44.478151 SoundCore{scbody.dylib}[28649] <NOTICE>: SCBODY #36 seg 9/9 ct_code":"D1301S","event_duration":2.6,"$app_id":"com.oceanwing.SoundCore.G8AW4BQ7RV"},"distinct_id":"25175005-856F-4AAB-A276-01988F6459F5","type":"track"}
2026-09-04 22:43:44.478157 SoundCore{scbody.dylib}[28649] <NOTICE>: SCBODY CAPTURE #36 END
2026-09-04 22:43:44.478166 SoundCore{scbody.dylib}[28649] <NOTICE>: SCBODY MODIFY 1435 -> 1435 bytes
2026-09-04 22:43:44.478187 SoundCore{scbody.dylib}[28649] <NOTICE>: SCBODY CAPTURE #37 src=json-mod url=(none) len=1435 score=2 BEGIN
2026-09-04 22:43:44.478194 SoundCore{scbody.dylib}[28649] <NOTICE>: SCBODY #37 seg 1/9 {"anonymous_id":"25175005-856F-4AAB-A276-01988F6459F5","_track_id":1644944626,"event":"$AppPageLeave","time":1788587024477,"identities":{"$identity_idfv":"E0D81
2026-09-04 22:43:44.478210 SoundCore{scbody.dylib}[28649] <NOTICE>: SCBODY #37 seg 2/9 581-DDEB-449A-BBBF-566EB2CC2EB3","identity_deviceid_sn":"8184731F-E09A-43AE-A72B-D38009464EA4||13017CE9136B47AC","$identity_anonymous_id":"25175005-856F-4AAB-A2
2026-09-04 22:43:44.478217 SoundCore{scbody.dylib}[28649] <NOTICE>: SCBODY #37 seg 3/9 76-01988F6459F5"},"lib":{"$lib_version":"4.8.3","$lib":"iOS","$app_version":"5.0.02","$lib_method":"code"},"properties":{"$os":"iOS","$screen_width":390,"$app_v
2026-09-04 22:43:44.478223 SoundCore{scbody.dylib}[28649] <NOTICE>: SCBODY #37 seg 4/9 ersion":"5.0.02","country":"US","sn":"13017CE9136B47AC","is_secret":false,"$is_first_day":true,"$model":"iPhone18,5","$device_id":"E0D81581-DDEB-449A-BBBF-566EB
2026-09-04 22:43:44.478230 SoundCore{scbody.dylib}[28649] <NOTICE>: SCBODY #37 seg 5/9 2CC2EB3","uuid":"8184731F-E09A-43AE-A72B-D38009464EA4","$network_type":"WIFI","firmware_version":"01.05","device_id":"8184731F-E09A-43AE-A72B-D38009464EA4","$ap
2026-09-04 22:43:44.478247 SoundCore{scbody.dylib}[28649] <NOTICE>: SCBODY #37 seg 6/9 p_name":"soundcore","$wifi":true,"$timezone_offset":420,"$url":"SoundCore.SCD1301FirstGuideCtrl","mac":"30:33:45:44:31:36:35:41:2D:39:44:44:46:2D:33:41:37:36:2D
2026-09-04 22:43:44.478254 SoundCore{scbody.dylib}[28649] <NOTICE>: SCBODY #37 seg 7/9 :45:43:30:33:2D:43:43:30:42:33:31:41:46:38:30:43:31","app_line":"SoundCore","$screen_height":844,"$referrer":"ModuleConnect.SCSeriesNewDeviceListViewController"
2026-09-04 22:43:44.478261 SoundCore{scbody.dylib}[28649] <NOTICE>: SCBODY #37 seg 8/9 ,"$lib_method":"code","$screen_name":"SoundCore.SCD1301FirstGuideCtrl","$lib_version":"4.8.3","$os_version":"26.5.1","$lib":"iOS","$manufacturer":"Apple","produ
2026-09-04 22:43:44.478267 SoundCore{scbody.dylib}[28649] <NOTICE>: SCBODY #37 seg 9/9 ct_code":"D1301S","event_duration":2.6,"$app_id":"com.oceanwing.SoundCore.G8AW4BQ7RV"},"distinct_id":"25175005-856F-4AAB-A276-01988F6459F5","type":"track"}
2026-09-04 22:43:44.478276 SoundCore{scbody.dylib}[28649] <NOTICE>: SCBODY CAPTURE #37 END
2026-09-04 22:43:44.478947 SoundCore{scbody.dylib}[28649] <NOTICE>: SCBODY CAPTURE #38 src=json url=(none) len=1476 score=2 BEGIN
2026-09-04 22:43:44.478962 SoundCore{scbody.dylib}[28649] <NOTICE>: SCBODY #38 seg 1/10 {"anonymous_id":"25175005-856F-4AAB-A276-01988F6459F5","_track_id":3889706485,"event":"$AppViewScreen","time":1788587024477,"identities":{"$identity_idfv":"E0D8
2026-09-04 22:43:44.478972 SoundCore{scbody.dylib}[28649] <NOTICE>: SCBODY #38 seg 2/10 1581-DDEB-449A-BBBF-566EB2CC2EB3","identity_deviceid_sn":"8184731F-E09A-43AE-A72B-D38009464EA4||13017CE9136B47AC","$identity_anonymous_id":"25175005-856F-4AAB-A
2026-09-04 22:43:44.478983 SoundCore{scbody.dylib}[28649] <NOTICE>: SCBODY #38 seg 3/10 276-01988F6459F5"},"lib":{"$lib_method":"autoTrack","$lib_version":"4.8.3","$lib":"iOS","$lib_detail":"SoundCore.SCD1301GuideViewController######","$app_version
2026-09-04 22:43:44.478989 SoundCore{scbody.dylib}[28649] <NOTICE>: SCBODY #38 seg 4/10 ":"5.0.02"},"properties":{"$os":"iOS","$screen_width":390,"$app_version":"5.0.02","country":"US","sn":"13017CE9136B47AC","is_secret":false,"$is_first_day":true,
2026-09-04 22:43:44.478996 SoundCore{scbody.dylib}[28649] <NOTICE>: SCBODY #38 seg 5/10 "$model":"iPhone18,5","$device_id":"E0D81581-DDEB-449A-BBBF-566EB2CC2EB3","uuid":"8184731F-E09A-43AE-A72B-D38009464EA4","$network_type":"WIFI","firmware_version
2026-09-04 22:43:44.479003 SoundCore{scbody.dylib}[28649] <NOTICE>: SCBODY #38 seg 6/10 ":"01.07","device_id":"8184731F-E09A-43AE-A72B-D38009464EA4","$app_name":"soundcore","$wifi":true,"$timezone_offset":420,"$url":"SoundCore.SCD1301GuideViewContr
2026-09-04 22:43:44.479009 SoundCore{scbody.dylib}[28649] <NOTICE>: SCBODY #38 seg 7/10 oller","mac":"30:33:45:44:31:36:35:41:2D:39:44:44:46:2D:33:41:37:36:2D:45:43:30:33:2D:43:43:30:42:33:31:41:46:38:30:43:31","app_line":"SoundCore","$screen_heigh
2026-09-04 22:43:44.479018 SoundCore{scbody.dylib}[28649] <NOTICE>: SCBODY #38 seg 8/10 t":844,"$referrer":"SoundCore.SCD1301FirstGuideCtrl","$lib_method":"autoTrack","$screen_name":"SoundCore.SCD1301GuideViewController","$lib_version":"4.8.3","$os
2026-09-04 22:43:44.479025 SoundCore{scbody.dylib}[28649] <NOTICE>: SCBODY #38 seg 9/10 _version":"26.5.1","$lib":"iOS","$manufacturer":"Apple","product_code":"D1301S","$app_id":"com.oceanwing.SoundCore.G8AW4BQ7RV"},"distinct_id":"25175005-856F-4AA
2026-09-04 22:43:44.479031 SoundCore{scbody.dylib}[28649] <NOTICE>: SCBODY #38 seg 10/10 B-A276-01988F6459F5","type":"track"}
2026-09-04 22:43:44.479042 SoundCore{scbody.dylib}[28649] <NOTICE>: SCBODY CAPTURE #38 END
2026-09-04 22:43:44.479050 SoundCore{scbody.dylib}[28649] <NOTICE>: SCBODY MODIFY 1476 -> 1476 bytes
2026-09-04 22:43:44.479058 SoundCore{scbody.dylib}[28649] <NOTICE>: SCBODY CAPTURE #39 src=json-mod url=(none) len=1476 score=2 BEGIN
2026-09-04 22:43:44.479078 SoundCore{scbody.dylib}[28649] <NOTICE>: SCBODY #39 seg 1/10 {"anonymous_id":"25175005-856F-4AAB-A276-01988F6459F5","_track_id":3889706485,"event":"$AppViewScreen","time":1788587024477,"identities":{"$identity_idfv":"E0D8
2026-09-04 22:43:44.479085 SoundCore{scbody.dylib}[28649] <NOTICE>: SCBODY #39 seg 2/10 1581-DDEB-449A-BBBF-566EB2CC2EB3","identity_deviceid_sn":"8184731F-E09A-43AE-A72B-D38009464EA4||13017CE9136B47AC","$identity_anonymous_id":"25175005-856F-4AAB-A
2026-09-04 22:43:44.479103 SoundCore{scbody.dylib}[28649] <NOTICE>: SCBODY #39 seg 3/10 276-01988F6459F5"},"lib":{"$lib_method":"autoTrack","$lib_version":"4.8.3","$lib":"iOS","$lib_detail":"SoundCore.SCD1301GuideViewController######","$app_version
2026-09-04 22:43:44.479112 SoundCore{scbody.dylib}[28649] <NOTICE>: SCBODY #39 seg 4/10 ":"5.0.02"},"properties":{"$os":"iOS","$screen_width":390,"$app_version":"5.0.02","country":"US","sn":"13017CE9136B47AC","is_secret":false,"$is_first_day":true,
2026-09-04 22:43:44.479127 SoundCore{scbody.dylib}[28649] <NOTICE>: SCBODY #39 seg 5/10 "$model":"iPhone18,5","$device_id":"E0D81581-DDEB-449A-BBBF-566EB2CC2EB3","uuid":"8184731F-E09A-43AE-A72B-D38009464EA4","$network_type":"WIFI","firmware_version
2026-09-04 22:43:44.479135 SoundCore{scbody.dylib}[28649] <NOTICE>: SCBODY #39 seg 6/10 ":"01.05","device_id":"8184731F-E09A-43AE-A72B-D38009464EA4","$app_name":"soundcore","$wifi":true,"$timezone_offset":420,"$url":"SoundCore.SCD1301GuideViewContr
2026-09-04 22:43:44.479141 SoundCore{scbody.dylib}[28649] <NOTICE>: SCBODY #39 seg 7/10 oller","mac":"30:33:45:44:31:36:35:41:2D:39:44:44:46:2D:33:41:37:36:2D:45:43:30:33:2D:43:43:30:42:33:31:41:46:38:30:43:31","app_line":"SoundCore","$screen_heigh
2026-09-04 22:43:44.479148 SoundCore{scbody.dylib}[28649] <NOTICE>: SCBODY #39 seg 8/10 t":844,"$referrer":"SoundCore.SCD1301FirstGuideCtrl","$lib_method":"autoTrack","$screen_name":"SoundCore.SCD1301GuideViewController","$lib_version":"4.8.3","$os
2026-09-04 22:43:44.479157 SoundCore{scbody.dylib}[28649] <NOTICE>: SCBODY #39 seg 9/10 _version":"26.5.1","$lib":"iOS","$manufacturer":"Apple","product_code":"D1301S","$app_id":"com.oceanwing.SoundCore.G8AW4BQ7RV"},"distinct_id":"25175005-856F-4AA
2026-09-04 22:43:44.479164 SoundCore{scbody.dylib}[28649] <NOTICE>: SCBODY #39 seg 10/10 B-A276-01988F6459F5","type":"track"}
2026-09-04 22:43:44.479170 SoundCore{scbody.dylib}[28649] <NOTICE>: SCBODY CAPTURE #39 END
2026-09-04 22:43:44.479942 SoundCore{scbody.dylib}[28649] <NOTICE>: SCBODY CAPTURE #40 src=json url=(none) len=1604 score=2 BEGIN
2026-09-04 22:43:44.479970 SoundCore{scbody.dylib}[28649] <NOTICE>: SCBODY #40 seg 1/11 {"anonymous_id":"25175005-856F-4AAB-A276-01988F6459F5","_track_id":3214105153,"event":"$AppViewScreen","time":1788587024478,"identities":{"$identity_idfv":"E0D8
2026-09-04 22:43:44.479985 SoundCore{scbody.dylib}[28649] <NOTICE>: SCBODY #40 seg 2/11 1581-DDEB-449A-BBBF-566EB2CC2EB3","identity_deviceid_sn":"8184731F-E09A-43AE-A72B-D38009464EA4||13017CE9136B47AC","$identity_anonymous_id":"25175005-856F-4AAB-A
2026-09-04 22:43:44.480031 SoundCore{scbody.dylib}[28649] <NOTICE>: SCBODY #40 seg 3/11 276-01988F6459F5"},"lib":{"$lib_method":"autoTrack","$lib_version":"4.8.3","$lib":"iOS","$lib_detail":"_TtC9SoundCoreP33_12CEC14CD4DB78042B465794AF025E4625SCSpa
2026-09-04 22:43:44.480038 SoundCore{scbody.dylib}[28649] <NOTICE>: SCBODY #40 seg 4/11 cePageViewController######","$app_version":"5.0.02"},"properties":{"$os":"iOS","$screen_width":390,"$app_version":"5.0.02","country":"US","sn":"13017CE9136B47AC
2026-09-04 22:43:44.480061 SoundCore{scbody.dylib}[28649] <NOTICE>: SCBODY #40 seg 5/11 ","is_secret":false,"$is_first_day":true,"$model":"iPhone18,5","$device_id":"E0D81581-DDEB-449A-BBBF-566EB2CC2EB3","uuid":"8184731F-E09A-43AE-A72B-D38009464EA4"
2026-09-04 22:43:44.480068 SoundCore{scbody.dylib}[28649] <NOTICE>: SCBODY #40 seg 6/11 ,"$network_type":"WIFI","firmware_version":"01.07","device_id":"8184731F-E09A-43AE-A72B-D38009464EA4","$app_name":"soundcore","$wifi":true,"$timezone_offset":42
2026-09-04 22:43:44.480081 SoundCore{scbody.dylib}[28649] <NOTICE>: SCBODY #40 seg 7/11 0,"$url":"_TtC9SoundCoreP33_12CEC14CD4DB78042B465794AF025E4625SCSpacePageViewController","mac":"30:33:45:44:31:36:35:41:2D:39:44:44:46:2D:33:41:37:36:2D:45:43:3
2026-09-04 22:43:44.480087 SoundCore{scbody.dylib}[28649] <NOTICE>: SCBODY #40 seg 8/11 0:33:2D:43:43:30:42:33:31:41:46:38:30:43:31","app_line":"SoundCore","$screen_height":844,"$referrer":"SoundCore.SCD1301GuideViewController","$lib_method":"autoT
2026-09-04 22:43:44.480094 SoundCore{scbody.dylib}[28649] <NOTICE>: SCBODY #40 seg 9/11 rack","$screen_name":"_TtC9SoundCoreP33_12CEC14CD4DB78042B465794AF025E4625SCSpacePageViewController","$lib_version":"4.8.3","$os_version":"26.5.1","$lib":"iOS",
2026-09-04 22:43:44.480100 SoundCore{scbody.dylib}[28649] <NOTICE>: SCBODY #40 seg 10/11 "$manufacturer":"Apple","product_code":"D1301S","$app_id":"com.oceanwing.SoundCore.G8AW4BQ7RV"},"distinct_id":"25175005-856F-4AAB-A276-01988F6459F5","type":"tra
2026-09-04 22:43:44.480107 SoundCore{scbody.dylib}[28649] <NOTICE>: SCBODY #40 seg 11/11 ck"}
2026-09-04 22:43:44.480114 SoundCore{scbody.dylib}[28649] <NOTICE>: SCBODY CAPTURE #40 END
2026-09-04 22:43:44.480120 SoundCore{scbody.dylib}[28649] <NOTICE>: SCBODY MODIFY 1604 -> 1604 bytes
2026-09-04 22:43:44.480127 SoundCore{scbody.dylib}[28649] <NOTICE>: SCBODY CAPTURE #41 src=json-mod url=(none) len=1604 score=2 BEGIN
2026-09-04 22:43:44.480145 SoundCore{scbody.dylib}[28649] <NOTICE>: SCBODY #41 seg 1/11 {"anonymous_id":"25175005-856F-4AAB-A276-01988F6459F5","_track_id":3214105153,"event":"$AppViewScreen","time":1788587024478,"identities":{"$identity_idfv":"E0D8
2026-09-04 22:43:44.480169 SoundCore{scbody.dylib}[28649] <NOTICE>: SCBODY #41 seg 2/11 1581-DDEB-449A-BBBF-566EB2CC2EB3","identity_deviceid_sn":"8184731F-E09A-43AE-A72B-D38009464EA4||13017CE9136B47AC","$identity_anonymous_id":"25175005-856F-4AAB-A
2026-09-04 22:43:44.480179 SoundCore{scbody.dylib}[28649] <NOTICE>: SCBODY #41 seg 3/11 276-01988F6459F5"},"lib":{"$lib_method":"autoTrack","$lib_version":"4.8.3","$lib":"iOS","$lib_detail":"_TtC9SoundCoreP33_12CEC14CD4DB78042B465794AF025E4625SCSpa
2026-09-04 22:43:44.480190 SoundCore{scbody.dylib}[28649] <NOTICE>: SCBODY #41 seg 4/11 cePageViewController######","$app_version":"5.0.02"},"properties":{"$os":"iOS","$screen_width":390,"$app_version":"5.0.02","country":"US","sn":"13017CE9136B47AC
2026-09-04 22:43:44.480197 SoundCore{scbody.dylib}[28649] <NOTICE>: SCBODY #41 seg 5/11 ","is_secret":false,"$is_first_day":true,"$model":"iPhone18,5","$device_id":"E0D81581-DDEB-449A-BBBF-566EB2CC2EB3","uuid":"8184731F-E09A-43AE-A72B-D38009464EA4"
2026-09-04 22:43:44.480203 SoundCore{scbody.dylib}[28649] <NOTICE>: SCBODY #41 seg 6/11 ,"$network_type":"WIFI","firmware_version":"01.05","device_id":"8184731F-E09A-43AE-A72B-D38009464EA4","$app_name":"soundcore","$wifi":true,"$timezone_offset":42
2026-09-04 22:43:44.480210 SoundCore{scbody.dylib}[28649] <NOTICE>: SCBODY #41 seg 7/11 0,"$url":"_TtC9SoundCoreP33_12CEC14CD4DB78042B465794AF025E4625SCSpacePageViewController","mac":"30:33:45:44:31:36:35:41:2D:39:44:44:46:2D:33:41:37:36:2D:45:43:3
2026-09-04 22:43:44.480255 SoundCore{scbody.dylib}[28649] <NOTICE>: SCBODY #41 seg 8/11 0:33:2D:43:43:30:42:33:31:41:46:38:30:43:31","app_line":"SoundCore","$screen_height":844,"$referrer":"SoundCore.SCD1301GuideViewController","$lib_method":"autoT
2026-09-04 22:43:44.480262 SoundCore{scbody.dylib}[28649] <NOTICE>: SCBODY #41 seg 9/11 rack","$screen_name":"_TtC9SoundCoreP33_12CEC14CD4DB78042B465794AF025E4625SCSpacePageViewController","$lib_version":"4.8.3","$os_version":"26.5.1","$lib":"iOS",
2026-09-04 22:43:44.480277 SoundCore{scbody.dylib}[28649] <NOTICE>: SCBODY #41 seg 10/11 "$manufacturer":"Apple","product_code":"D1301S","$app_id":"com.oceanwing.SoundCore.G8AW4BQ7RV"},"distinct_id":"25175005-856F-4AAB-A276-01988F6459F5","type":"tra
2026-09-04 22:43:44.480285 SoundCore{scbody.dylib}[28649] <NOTICE>: SCBODY #41 seg 11/11 ck"}
2026-09-04 22:43:44.480291 SoundCore{scbody.dylib}[28649] <NOTICE>: SCBODY CAPTURE #41 END
2026-09-04 22:43:45.574559 SoundCore{scbody.dylib}[28649] <NOTICE>: SCBODY CAPTURE #42 src=json url=(none) len=1432 score=2 BEGIN
2026-09-04 22:43:45.574581 SoundCore{scbody.dylib}[28649] <NOTICE>: SCBODY #42 seg 1/9 {"anonymous_id":"25175005-856F-4AAB-A276-01988F6459F5","_track_id":1673234135,"event":"$AppClick","time":1788587025573,"identities":{"$identity_idfv":"E0D81581-
2026-09-04 22:43:45.574603 SoundCore{scbody.dylib}[28649] <NOTICE>: SCBODY #42 seg 2/9 DDEB-449A-BBBF-566EB2CC2EB3","identity_deviceid_sn":"8184731F-E09A-43AE-A72B-D38009464EA4||13017CE9136B47AC","$identity_anonymous_id":"25175005-856F-4AAB-A276-0
2026-09-04 22:43:45.574612 SoundCore{scbody.dylib}[28649] <NOTICE>: SCBODY #42 seg 3/9 1988F6459F5"},"lib":{"$lib_method":"autoTrack","$lib_version":"4.8.3","$lib":"iOS","$lib_detail":"SoundCore.SCD1301GuideViewController######","$app_version":"5.
2026-09-04 22:43:45.574624 SoundCore{scbody.dylib}[28649] <NOTICE>: SCBODY #42 seg 4/9 0.02"},"properties":{"$os":"iOS","$screen_width":390,"$app_version":"5.0.02","country":"US","$element_type":"UIButton","sn":"13017CE9136B47AC","$element_content
2026-09-04 22:43:45.574633 SoundCore{scbody.dylib}[28649] <NOTICE>: SCBODY #42 seg 5/9 ":"Skip","is_secret":false,"$is_first_day":true,"$model":"iPhone18,5","$device_id":"E0D81581-DDEB-449A-BBBF-566EB2CC2EB3","uuid":"8184731F-E09A-43AE-A72B-D38009
2026-09-04 22:43:45.574645 SoundCore{scbody.dylib}[28649] <NOTICE>: SCBODY #42 seg 6/9 464EA4","$network_type":"WIFI","firmware_version":"01.07","device_id":"8184731F-E09A-43AE-A72B-D38009464EA4","$app_name":"soundcore","$wifi":true,"$timezone_off
2026-09-04 22:43:45.574665 SoundCore{scbody.dylib}[28649] <NOTICE>: SCBODY #42 seg 7/9 set":420,"mac":"30:33:45:44:31:36:35:41:2D:39:44:44:46:2D:33:41:37:36:2D:45:43:30:33:2D:43:43:30:42:33:31:41:46:38:30:43:31","app_line":"SoundCore","$screen_hei
2026-09-04 22:43:45.574673 SoundCore{scbody.dylib}[28649] <NOTICE>: SCBODY #42 seg 8/9 ght":844,"$lib_method":"autoTrack","$screen_name":"SoundCore.SCD1301GuideViewController","$lib_version":"4.8.3","$os_version":"26.5.1","$lib":"iOS","$manufactur
2026-09-04 22:43:45.574680 SoundCore{scbody.dylib}[28649] <NOTICE>: SCBODY #42 seg 9/9 er":"Apple","product_code":"D1301S","$app_id":"com.oceanwing.SoundCore.G8AW4BQ7RV"},"distinct_id":"25175005-856F-4AAB-A276-01988F6459F5","type":"track"}
2026-09-04 22:43:45.574688 SoundCore{scbody.dylib}[28649] <NOTICE>: SCBODY CAPTURE #42 END
2026-09-04 22:43:45.574700 SoundCore{scbody.dylib}[28649] <NOTICE>: SCBODY MODIFY 1432 -> 1432 bytes
2026-09-04 22:43:45.574747 SoundCore{scbody.dylib}[28649] <NOTICE>: SCBODY CAPTURE #43 src=json-mod url=(none) len=1432 score=2 BEGIN
2026-09-04 22:43:45.574780 SoundCore{scbody.dylib}[28649] <NOTICE>: SCBODY #43 seg 1/9 {"anonymous_id":"25175005-856F-4AAB-A276-01988F6459F5","_track_id":1673234135,"event":"$AppClick","time":1788587025573,"identities":{"$identity_idfv":"E0D81581-
2026-09-04 22:43:45.574790 SoundCore{scbody.dylib}[28649] <NOTICE>: SCBODY #43 seg 2/9 DDEB-449A-BBBF-566EB2CC2EB3","identity_deviceid_sn":"8184731F-E09A-43AE-A72B-D38009464EA4||13017CE9136B47AC","$identity_anonymous_id":"25175005-856F-4AAB-A276-0
2026-09-04 22:43:45.574809 SoundCore{scbody.dylib}[28649] <NOTICE>: SCBODY #43 seg 3/9 1988F6459F5"},"lib":{"$lib_method":"autoTrack","$lib_version":"4.8.3","$lib":"iOS","$lib_detail":"SoundCore.SCD1301GuideViewController######","$app_version":"5.
2026-09-04 22:43:45.574827 SoundCore{scbody.dylib}[28649] <NOTICE>: SCBODY #43 seg 4/9 0.02"},"properties":{"$os":"iOS","$screen_width":390,"$app_version":"5.0.02","country":"US","$element_type":"UIButton","sn":"13017CE9136B47AC","$element_content
2026-09-04 22:43:45.574835 SoundCore{scbody.dylib}[28649] <NOTICE>: SCBODY #43 seg 5/9 ":"Skip","is_secret":false,"$is_first_day":true,"$model":"iPhone18,5","$device_id":"E0D81581-DDEB-449A-BBBF-566EB2CC2EB3","uuid":"8184731F-E09A-43AE-A72B-D38009
2026-09-04 22:43:45.574862 SoundCore{scbody.dylib}[28649] <NOTICE>: SCBODY #43 seg 6/9 464EA4","$network_type":"WIFI","firmware_version":"01.05","device_id":"8184731F-E09A-43AE-A72B-D38009464EA4","$app_name":"soundcore","$wifi":true,"$timezone_off
2026-09-04 22:43:45.574872 SoundCore{scbody.dylib}[28649] <NOTICE>: SCBODY #43 seg 7/9 set":420,"mac":"30:33:45:44:31:36:35:41:2D:39:44:44:46:2D:33:41:37:36:2D:45:43:30:33:2D:43:43:30:42:33:31:41:46:38:30:43:31","app_line":"SoundCore","$screen_hei
2026-09-04 22:43:45.574880 SoundCore{scbody.dylib}[28649] <NOTICE>: SCBODY #43 seg 8/9 ght":844,"$lib_method":"autoTrack","$screen_name":"SoundCore.SCD1301GuideViewController","$lib_version":"4.8.3","$os_version":"26.5.1","$lib":"iOS","$manufactur
2026-09-04 22:43:45.574889 SoundCore{scbody.dylib}[28649] <NOTICE>: SCBODY #43 seg 9/9 er":"Apple","product_code":"D1301S","$app_id":"com.oceanwing.SoundCore.G8AW4BQ7RV"},"distinct_id":"25175005-856F-4AAB-A276-01988F6459F5","type":"track"}
2026-09-04 22:43:45.574898 SoundCore{scbody.dylib}[28649] <NOTICE>: SCBODY CAPTURE #43 END
2026-09-04 22:43:45.579178 SoundCore{scbody.dylib}[28649] <NOTICE>: SCBODY CAPTURE #44 src=json url=(none) len=522 score=2 BEGIN
2026-09-04 22:43:45.579743 SoundCore{scbody.dylib}[28649] <NOTICE>: SCBODY #44 seg 1/4 {"events":[{"value_string":"","module":"NOVICE_GUIDE","time":"1788587025","device_id":"","mac":"30:33:45:44:31:36:35:41:2D:39:44:44:46:2D:33:41:37:36:2D:45:43:3
2026-09-04 22:43:45.579755 SoundCore{scbody.dylib}[28649] <NOTICE>: SCBODY #44 seg 2/4 0:33:2D:43:43:30:42:33:31:41:46:38:30:43:31","product_code":"D1301S","sn":"13017CE9136B47AC","type":"0","name":"APP_START_GUIDE_SKIP"}],"country":"US","sys_type
2026-09-04 22:43:45.579768 SoundCore{scbody.dylib}[28649] <NOTICE>: SCBODY #44 seg 3/4 ":"iOS","http_user_agent":"soundcore-iOS-5.0.02","phone_model":"iPhone18,5","uuid":"DEB03254-8942-4310-A8CA-57EBE5F7CBA0","user_id":"","phone_name":"iPhone","sy
2026-09-04 22:43:45.579780 SoundCore{scbody.dylib}[28649] <NOTICE>: SCBODY #44 seg 4/4 s_version":"26.5.1","phone_brand":"Apple"}
2026-09-04 22:43:45.579806 SoundCore{scbody.dylib}[28649] <NOTICE>: SCBODY CAPTURE #44 END
2026-09-04 22:43:45.581754 SoundCore{scbody.dylib}[28649] <NOTICE>: SCBODY CAPTURE #45 src=json url=(none) len=1378 score=2 BEGIN
2026-09-04 22:43:45.581776 SoundCore{scbody.dylib}[28649] <NOTICE>: SCBODY #45 seg 1/9 {"anonymous_id":"25175005-856F-4AAB-A276-01988F6459F5","_track_id":3578622486,"event":"SC_START_GUIDE_CLICK","time":1788587025575,"identities":{"$identity_idfv"
2026-09-04 22:43:45.581825 SoundCore{scbody.dylib}[28649] <NOTICE>: SCBODY #45 seg 2/9 :"E0D81581-DDEB-449A-BBBF-566EB2CC2EB3","identity_deviceid_sn":"8184731F-E09A-43AE-A72B-D38009464EA4||13017CE9136B47AC","$identity_anonymous_id":"25175005-856F-
2026-09-04 22:43:45.581839 SoundCore{scbody.dylib}[28649] <NOTICE>: SCBODY #45 seg 3/9 4AAB-A276-01988F6459F5"},"lib":{"$lib_version":"4.8.3","$lib":"iOS","$app_version":"5.0.02","$lib_method":"code"},"properties":{"$os":"iOS","$screen_width":390,
2026-09-04 22:43:45.581847 SoundCore{scbody.dylib}[28649] <NOTICE>: SCBODY #45 seg 4/9 "button_name":"skip","$app_version":"5.0.02","country":"US","sn":"13017CE9136B47AC","is_secret":false,"$is_first_day":true,"$model":"iPhone18,5","$device_id":"E
2026-09-04 22:43:45.581854 SoundCore{scbody.dylib}[28649] <NOTICE>: SCBODY #45 seg 5/9 0D81581-DDEB-449A-BBBF-566EB2CC2EB3","uuid":"8184731F-E09A-43AE-A72B-D38009464EA4","requirement_id":399,"$network_type":"WIFI","firmware_version":"01.07","$app_
2026-09-04 22:43:45.581860 SoundCore{scbody.dylib}[28649] <NOTICE>: SCBODY #45 seg 6/9 name":"soundcore","$wifi":true,"device_id":"8184731F-E09A-43AE-A72B-D38009464EA4","$timezone_offset":420,"mac":"30:33:45:44:31:36:35:41:2D:39:44:44:46:2D:33:41:
2026-09-04 22:43:45.581867 SoundCore{scbody.dylib}[28649] <NOTICE>: SCBODY #45 seg 7/9 37:36:2D:45:43:30:33:2D:43:43:30:42:33:31:41:46:38:30:43:31","app_line":"SoundCore","$screen_height":844,"track_sign":"aSC_START_GUIDE.b654.c1071.CLICK.SC_START
2026-09-04 22:43:45.581874 SoundCore{scbody.dylib}[28649] <NOTICE>: SCBODY #45 seg 8/9 _GUIDE_CLICK","$lib_method":"code","$lib_version":"4.8.3","$os_version":"26.5.1","$lib":"iOS","$manufacturer":"Apple","product_code":"D1301S","$app_id":"com.oce
2026-09-04 22:43:45.581883 SoundCore{scbody.dylib}[28649] <NOTICE>: SCBODY #45 seg 9/9 anwing.SoundCore.G8AW4BQ7RV"},"distinct_id":"25175005-856F-4AAB-A276-01988F6459F5","type":"track"}
2026-09-04 22:43:45.581915 SoundCore{scbody.dylib}[28649] <NOTICE>: SCBODY CAPTURE #45 END
2026-09-04 22:43:45.581927 SoundCore{scbody.dylib}[28649] <NOTICE>: SCBODY MODIFY 1378 -> 1378 bytes
2026-09-04 22:43:45.581962 SoundCore{scbody.dylib}[28649] <NOTICE>: SCBODY CAPTURE #46 src=json-mod url=(none) len=1378 score=2 BEGIN
2026-09-04 22:43:45.581972 SoundCore{scbody.dylib}[28649] <NOTICE>: SCBODY #46 seg 1/9 {"anonymous_id":"25175005-856F-4AAB-A276-01988F6459F5","_track_id":3578622486,"event":"SC_START_GUIDE_CLICK","time":1788587025575,"identities":{"$identity_idfv"
2026-09-04 22:43:45.581979 SoundCore{scbody.dylib}[28649] <NOTICE>: SCBODY #46 seg 2/9 :"E0D81581-DDEB-449A-BBBF-566EB2CC2EB3","identity_deviceid_sn":"8184731F-E09A-43AE-A72B-D38009464EA4||13017CE9136B47AC","$identity_anonymous_id":"25175005-856F-
2026-09-04 22:43:45.582000 SoundCore{scbody.dylib}[28649] <NOTICE>: SCBODY #46 seg 3/9 4AAB-A276-01988F6459F5"},"lib":{"$lib_version":"4.8.3","$lib":"iOS","$app_version":"5.0.02","$lib_method":"code"},"properties":{"$os":"iOS","$screen_width":390,
2026-09-04 22:43:45.582008 SoundCore{scbody.dylib}[28649] <NOTICE>: SCBODY #46 seg 4/9 "button_name":"skip","$app_version":"5.0.02","country":"US","sn":"13017CE9136B47AC","is_secret":false,"$is_first_day":true,"$model":"iPhone18,5","$device_id":"E
2026-09-04 22:43:45.582015 SoundCore{scbody.dylib}[28649] <NOTICE>: SCBODY #46 seg 5/9 0D81581-DDEB-449A-BBBF-566EB2CC2EB3","uuid":"8184731F-E09A-43AE-A72B-D38009464EA4","requirement_id":399,"$network_type":"WIFI","firmware_version":"01.05","$app_
2026-09-04 22:43:45.582022 SoundCore{scbody.dylib}[28649] <NOTICE>: SCBODY #46 seg 6/9 name":"soundcore","$wifi":true,"device_id":"8184731F-E09A-43AE-A72B-D38009464EA4","$timezone_offset":420,"mac":"30:33:45:44:31:36:35:41:2D:39:44:44:46:2D:33:41:
2026-09-04 22:43:45.582028 SoundCore{scbody.dylib}[28649] <NOTICE>: SCBODY #46 seg 7/9 37:36:2D:45:43:30:33:2D:43:43:30:42:33:31:41:46:38:30:43:31","app_line":"SoundCore","$screen_height":844,"track_sign":"aSC_START_GUIDE.b654.c1071.CLICK.SC_START
2026-09-04 22:43:45.582035 SoundCore{scbody.dylib}[28649] <NOTICE>: SCBODY #46 seg 8/9 _GUIDE_CLICK","$lib_method":"code","$lib_version":"4.8.3","$os_version":"26.5.1","$lib":"iOS","$manufacturer":"Apple","product_code":"D1301S","$app_id":"com.oce
2026-09-04 22:43:45.582051 SoundCore{scbody.dylib}[28649] <NOTICE>: SCBODY #46 seg 9/9 anwing.SoundCore.G8AW4BQ7RV"},"distinct_id":"25175005-856F-4AAB-A276-01988F6459F5","type":"track"}
2026-09-04 22:43:45.582063 SoundCore{scbody.dylib}[28649] <NOTICE>: SCBODY CAPTURE #46 END
2026-09-04 22:43:46.109371 SoundCore{scbody.dylib}[28649] <NOTICE>: SCBODY CAPTURE #47 src=json url=(none) len=1515 score=2 BEGIN
2026-09-04 22:43:46.109396 SoundCore{scbody.dylib}[28649] <NOTICE>: SCBODY #47 seg 1/10 {"anonymous_id":"25175005-856F-4AAB-A276-01988F6459F5","_track_id":2352349475,"event":"$AppPageLeave","time":1788587026108,"identities":{"$identity_idfv":"E0D81
2026-09-04 22:43:46.109412 SoundCore{scbody.dylib}[28649] <NOTICE>: SCBODY #47 seg 2/10 581-DDEB-449A-BBBF-566EB2CC2EB3","identity_deviceid_sn":"8184731F-E09A-43AE-A72B-D38009464EA4||13017CE9136B47AC","$identity_anonymous_id":"25175005-856F-4AAB-A2
2026-09-04 22:43:46.109423 SoundCore{scbody.dylib}[28649] <NOTICE>: SCBODY #47 seg 3/10 76-01988F6459F5"},"lib":{"$lib_version":"4.8.3","$lib":"iOS","$app_version":"5.0.02","$lib_method":"code"},"properties":{"$os":"iOS","$screen_width":390,"$app_v
2026-09-04 22:43:46.109432 SoundCore{scbody.dylib}[28649] <NOTICE>: SCBODY #47 seg 4/10 ersion":"5.0.02","country":"US","sn":"13017CE9136B47AC","is_secret":false,"$is_first_day":true,"$model":"iPhone18,5","$device_id":"E0D81581-DDEB-449A-BBBF-566EB
2026-09-04 22:43:46.109446 SoundCore{scbody.dylib}[28649] <NOTICE>: SCBODY #47 seg 5/10 2CC2EB3","uuid":"8184731F-E09A-43AE-A72B-D38009464EA4","$network_type":"WIFI","firmware_version":"01.07","device_id":"8184731F-E09A-43AE-A72B-D38009464EA4","$ap
2026-09-04 22:43:46.109455 SoundCore{scbody.dylib}[28649] <NOTICE>: SCBODY #47 seg 6/10 p_name":"soundcore","$wifi":true,"$timezone_offset":420,"$url":"_TtC9SoundCoreP33_12CEC14CD4DB78042B465794AF025E4625SCSpacePageViewController","mac":"30:33:45:4
2026-09-04 22:43:46.109464 SoundCore{scbody.dylib}[28649] <NOTICE>: SCBODY #47 seg 7/10 4:31:36:35:41:2D:39:44:44:46:2D:33:41:37:36:2D:45:43:30:33:2D:43:43:30:42:33:31:41:46:38:30:43:31","app_line":"SoundCore","$screen_height":844,"$referrer":"Soun
2026-09-04 22:43:46.109473 SoundCore{scbody.dylib}[28649] <NOTICE>: SCBODY #47 seg 8/10 dCore.SCD1301GuideViewController","$lib_method":"code","$screen_name":"_TtC9SoundCoreP33_12CEC14CD4DB78042B465794AF025E4625SCSpacePageViewController","$lib_vers
2026-09-04 22:43:46.109483 SoundCore{scbody.dylib}[28649] <NOTICE>: SCBODY #47 seg 9/10 ion":"4.8.3","$os_version":"26.5.1","$lib":"iOS","$manufacturer":"Apple","product_code":"D1301S","event_duration":1.63,"$app_id":"com.oceanwing.SoundCore.G8AW4B
2026-09-04 22:43:46.109495 SoundCore{scbody.dylib}[28649] <NOTICE>: SCBODY #47 seg 10/10 Q7RV"},"distinct_id":"25175005-856F-4AAB-A276-01988F6459F5","type":"track"}
2026-09-04 22:43:46.109504 SoundCore{scbody.dylib}[28649] <NOTICE>: SCBODY CAPTURE #47 END
2026-09-04 22:43:46.109516 SoundCore{scbody.dylib}[28649] <NOTICE>: SCBODY MODIFY 1515 -> 1515 bytes
2026-09-04 22:43:46.109660 SoundCore{scbody.dylib}[28649] <NOTICE>: SCBODY CAPTURE #48 src=json-mod url=(none) len=1515 score=2 BEGIN
2026-09-04 22:43:46.109681 SoundCore{scbody.dylib}[28649] <NOTICE>: SCBODY #48 seg 1/10 {"anonymous_id":"25175005-856F-4AAB-A276-01988F6459F5","_track_id":2352349475,"event":"$AppPageLeave","time":1788587026108,"identities":{"$identity_idfv":"E0D81
2026-09-04 22:43:46.109691 SoundCore{scbody.dylib}[28649] <NOTICE>: SCBODY #48 seg 2/10 581-DDEB-449A-BBBF-566EB2CC2EB3","identity_deviceid_sn":"8184731F-E09A-43AE-A72B-D38009464EA4||13017CE9136B47AC","$identity_anonymous_id":"25175005-856F-4AAB-A2
2026-09-04 22:43:46.109699 SoundCore{scbody.dylib}[28649] <NOTICE>: SCBODY #48 seg 3/10 76-01988F6459F5"},"lib":{"$lib_version":"4.8.3","$lib":"iOS","$app_version":"5.0.02","$lib_method":"code"},"properties":{"$os":"iOS","$screen_width":390,"$app_v
2026-09-04 22:43:46.109707 SoundCore{scbody.dylib}[28649] <NOTICE>: SCBODY #48 seg 4/10 ersion":"5.0.02","country":"US","sn":"13017CE9136B47AC","is_secret":false,"$is_first_day":true,"$model":"iPhone18,5","$device_id":"E0D81581-DDEB-449A-BBBF-566EB
2026-09-04 22:43:46.109715 SoundCore{scbody.dylib}[28649] <NOTICE>: SCBODY #48 seg 5/10 2CC2EB3","uuid":"8184731F-E09A-43AE-A72B-D38009464EA4","$network_type":"WIFI","firmware_version":"01.05","device_id":"8184731F-E09A-43AE-A72B-D38009464EA4","$ap
2026-09-04 22:43:46.109723 SoundCore{scbody.dylib}[28649] <NOTICE>: SCBODY #48 seg 6/10 p_name":"soundcore","$wifi":true,"$timezone_offset":420,"$url":"_TtC9SoundCoreP33_12CEC14CD4DB78042B465794AF025E4625SCSpacePageViewController","mac":"30:33:45:4
2026-09-04 22:43:46.109732 SoundCore{scbody.dylib}[28649] <NOTICE>: SCBODY #48 seg 7/10 4:31:36:35:41:2D:39:44:44:46:2D:33:41:37:36:2D:45:43:30:33:2D:43:43:30:42:33:31:41:46:38:30:43:31","app_line":"SoundCore","$screen_height":844,"$referrer":"Soun
2026-09-04 22:43:46.109746 SoundCore{scbody.dylib}[28649] <NOTICE>: SCBODY #48 seg 8/10 dCore.SCD1301GuideViewController","$lib_method":"code","$screen_name":"_TtC9SoundCoreP33_12CEC14CD4DB78042B465794AF025E4625SCSpacePageViewController","$lib_vers
2026-09-04 22:43:46.109754 SoundCore{scbody.dylib}[28649] <NOTICE>: SCBODY #48 seg 9/10 ion":"4.8.3","$os_version":"26.5.1","$lib":"iOS","$manufacturer":"Apple","product_code":"D1301S","event_duration":1.63,"$app_id":"com.oceanwing.SoundCore.G8AW4B
2026-09-04 22:43:46.109763 SoundCore{scbody.dylib}[28649] <NOTICE>: SCBODY #48 seg 10/10 Q7RV"},"distinct_id":"25175005-856F-4AAB-A276-01988F6459F5","type":"track"}
2026-09-04 22:43:46.109773 SoundCore{scbody.dylib}[28649] <NOTICE>: SCBODY CAPTURE #48 END
2026-09-04 22:43:46.111939 SoundCore{scbody.dylib}[28649] <NOTICE>: SCBODY CAPTURE #49 src=json url=(none) len=550 score=2 BEGIN
2026-09-04 22:43:46.111960 SoundCore{scbody.dylib}[28649] <NOTICE>: SCBODY #49 seg 1/4 {"events":[{"value_string":"{\"time\":1,\"page\":1}","module":"NOVICE_GUIDE","time":"1788587026","mac":"30:33:45:44:31:36:35:41:2D:39:44:44:46:2D:33:41:37:36:2D
2026-09-04 22:43:46.112064 SoundCore{scbody.dylib}[28649] <NOTICE>: SCBODY #49 seg 2/4 :45:43:30:33:2D:43:43:30:42:33:31:41:46:38:30:43:31","device_id":"","product_code":"D1301S","sn":"13017CE9136B47AC","type":"1","name":"APP_START_GUIDE_STAY_TIME
2026-09-04 22:43:46.112081 SoundCore{scbody.dylib}[28649] <NOTICE>: SCBODY #49 seg 3/4 "}],"country":"US","sys_type":"iOS","http_user_agent":"soundcore-iOS-5.0.02","phone_model":"iPhone18,5","uuid":"DEB03254-8942-4310-A8CA-57EBE5F7CBA0","user_id":
2026-09-04 22:43:46.112100 SoundCore{scbody.dylib}[28649] <NOTICE>: SCBODY #49 seg 4/4 "","phone_name":"iPhone","sys_version":"26.5.1","phone_brand":"Apple"}
2026-09-04 22:43:46.112131 SoundCore{scbody.dylib}[28649] <NOTICE>: SCBODY CAPTURE #49 END
2026-09-04 22:43:46.120051 SoundCore{scbody.dylib}[28649] <NOTICE>: SCBODY CAPTURE #50 src=json url=(none) len=1403 score=2 BEGIN
2026-09-04 22:43:46.120082 SoundCore{scbody.dylib}[28649] <NOTICE>: SCBODY #50 seg 1/9 {"anonymous_id":"25175005-856F-4AAB-A276-01988F6459F5","_track_id":1564584415,"event":"SC_START_GUIDE_CLICK","time":1788587026110,"identities":{"$identity_idfv"
2026-09-04 22:43:46.120100 SoundCore{scbody.dylib}[28649] <NOTICE>: SCBODY #50 seg 2/9 :"E0D81581-DDEB-449A-BBBF-566EB2CC2EB3","identity_deviceid_sn":"8184731F-E09A-43AE-A72B-D38009464EA4||13017CE9136B47AC","$identity_anonymous_id":"25175005-856F-
2026-09-04 22:43:46.120113 SoundCore{scbody.dylib}[28649] <NOTICE>: SCBODY #50 seg 3/9 4AAB-A276-01988F6459F5"},"lib":{"$lib_version":"4.8.3","$lib":"iOS","$app_version":"5.0.02","$lib_method":"code"},"properties":{"$os":"iOS","$screen_width":390,
2026-09-04 22:43:46.120122 SoundCore{scbody.dylib}[28649] <NOTICE>: SCBODY #50 seg 4/9 "button_name":"","$app_version":"5.0.02","duration":"1","country":"US","is_secret":false,"sn":"13017CE9136B47AC","device_id":"8184731F-E09A-43AE-A72B-D38009464E
2026-09-04 22:43:46.120147 SoundCore{scbody.dylib}[28649] <NOTICE>: SCBODY #50 seg 5/9 A4","$is_first_day":true,"$device_id":"E0D81581-DDEB-449A-BBBF-566EB2CC2EB3","uuid":"8184731F-E09A-43AE-A72B-D38009464EA4","requirement_id":34,"$model":"iPhone1
2026-09-04 22:43:46.120194 SoundCore{scbody.dylib}[28649] <NOTICE>: SCBODY #50 seg 6/9 8,5","$network_type":"WIFI","$app_name":"soundcore","page_name":"1","$wifi":true,"$timezone_offset":420,"firmware_version":"01.07","mac":"30:33:45:44:31:36:35:4
2026-09-04 22:43:46.120226 SoundCore{scbody.dylib}[28649] <NOTICE>: SCBODY #50 seg 7/9 1:2D:39:44:44:46:2D:33:41:37:36:2D:45:43:30:33:2D:43:43:30:42:33:31:41:46:38:30:43:31","app_line":"SoundCore","$screen_height":844,"track_sign":"aSC_START_GUIDE
2026-09-04 22:43:46.120236 SoundCore{scbody.dylib}[28649] <NOTICE>: SCBODY #50 seg 8/9 .b159.d160.CLICK.SC_START_GUIDE_CLICK","$lib_method":"code","$lib_version":"4.8.3","$os_version":"26.5.1","$lib":"iOS","$manufacturer":"Apple","product_code":"D
2026-09-04 22:43:46.120245 SoundCore{scbody.dylib}[28649] <NOTICE>: SCBODY #50 seg 9/9 1301S","$app_id":"com.oceanwing.SoundCore.G8AW4BQ7RV"},"distinct_id":"25175005-856F-4AAB-A276-01988F6459F5","type":"track"}
2026-09-04 22:43:46.120254 SoundCore{scbody.dylib}[28649] <NOTICE>: SCBODY CAPTURE #50 END
2026-09-04 22:43:46.120268 SoundCore{scbody.dylib}[28649] <NOTICE>: SCBODY MODIFY 1403 -> 1403 bytes
2026-09-04 22:43:46.120282 SoundCore{scbody.dylib}[28649] <NOTICE>: SCBODY CAPTURE #51 src=json-mod url=(none) len=1403 score=2 BEGIN
2026-09-04 22:43:46.120294 SoundCore{scbody.dylib}[28649] <NOTICE>: SCBODY #51 seg 1/9 {"anonymous_id":"25175005-856F-4AAB-A276-01988F6459F5","_track_id":1564584415,"event":"SC_START_GUIDE_CLICK","time":1788587026110,"identities":{"$identity_idfv"
2026-09-04 22:43:46.120303 SoundCore{scbody.dylib}[28649] <NOTICE>: SCBODY #51 seg 2/9 :"E0D81581-DDEB-449A-BBBF-566EB2CC2EB3","identity_deviceid_sn":"8184731F-E09A-43AE-A72B-D38009464EA4||13017CE9136B47AC","$identity_anonymous_id":"25175005-856F-
2026-09-04 22:43:46.120311 SoundCore{scbody.dylib}[28649] <NOTICE>: SCBODY #51 seg 3/9 4AAB-A276-01988F6459F5"},"lib":{"$lib_version":"4.8.3","$lib":"iOS","$app_version":"5.0.02","$lib_method":"code"},"properties":{"$os":"iOS","$screen_width":390,
2026-09-04 22:43:46.120319 SoundCore{scbody.dylib}[28649] <NOTICE>: SCBODY #51 seg 4/9 "button_name":"","$app_version":"5.0.02","duration":"1","country":"US","is_secret":false,"sn":"13017CE9136B47AC","device_id":"8184731F-E09A-43AE-A72B-D38009464E
2026-09-04 22:43:46.120331 SoundCore{scbody.dylib}[28649] <NOTICE>: SCBODY #51 seg 5/9 A4","$is_first_day":true,"$device_id":"E0D81581-DDEB-449A-BBBF-566EB2CC2EB3","uuid":"8184731F-E09A-43AE-A72B-D38009464EA4","requirement_id":34,"$model":"iPhone1
2026-09-04 22:43:46.120339 SoundCore{scbody.dylib}[28649] <NOTICE>: SCBODY #51 seg 6/9 8,5","$network_type":"WIFI","$app_name":"soundcore","page_name":"1","$wifi":true,"$timezone_offset":420,"firmware_version":"01.05","mac":"30:33:45:44:31:36:35:4
2026-09-04 22:43:46.120348 SoundCore{scbody.dylib}[28649] <NOTICE>: SCBODY #51 seg 7/9 1:2D:39:44:44:46:2D:33:41:37:36:2D:45:43:30:33:2D:43:43:30:42:33:31:41:46:38:30:43:31","app_line":"SoundCore","$screen_height":844,"track_sign":"aSC_START_GUIDE
2026-09-04 22:43:46.120356 SoundCore{scbody.dylib}[28649] <NOTICE>: SCBODY #51 seg 8/9 .b159.d160.CLICK.SC_START_GUIDE_CLICK","$lib_method":"code","$lib_version":"4.8.3","$os_version":"26.5.1","$lib":"iOS","$manufacturer":"Apple","product_code":"D
2026-09-04 22:43:46.120370 SoundCore{scbody.dylib}[28649] <NOTICE>: SCBODY #51 seg 9/9 1301S","$app_id":"com.oceanwing.SoundCore.G8AW4BQ7RV"},"distinct_id":"25175005-856F-4AAB-A276-01988F6459F5","type":"track"}
2026-09-04 22:43:46.120383 SoundCore{scbody.dylib}[28649] <NOTICE>: SCBODY CAPTURE #51 END
2026-09-04 22:43:46.121468 SoundCore{scbody.dylib}[28649] <NOTICE>: SCBODY CAPTURE #52 src=json url=(none) len=1503 score=2 BEGIN
2026-09-04 22:43:46.121519 SoundCore{scbody.dylib}[28649] <NOTICE>: SCBODY #52 seg 1/10 {"anonymous_id":"25175005-856F-4AAB-A276-01988F6459F5","_track_id":220168072,"event":"$AppViewScreen","time":1788587026111,"identities":{"$identity_idfv":"E0D81
2026-09-04 22:43:46.121544 SoundCore{scbody.dylib}[28649] <NOTICE>: SCBODY #52 seg 2/10 581-DDEB-449A-BBBF-566EB2CC2EB3","identity_deviceid_sn":"8184731F-E09A-43AE-A72B-D38009464EA4||13017CE9136B47AC","$identity_anonymous_id":"25175005-856F-4AAB-A2
2026-09-04 22:43:46.121554 SoundCore{scbody.dylib}[28649] <NOTICE>: SCBODY #52 seg 3/10 76-01988F6459F5"},"lib":{"$lib_method":"autoTrack","$lib_version":"4.8.3","$lib":"iOS","$lib_detail":"SoundCore.SCD1301LastGuideCtrl######","$app_version":"5.0.
2026-09-04 22:43:46.121565 SoundCore{scbody.dylib}[28649] <NOTICE>: SCBODY #52 seg 4/10 02"},"properties":{"$os":"iOS","$screen_width":390,"$app_version":"5.0.02","country":"US","sn":"13017CE9136B47AC","is_secret":false,"$is_first_day":true,"$model
2026-09-04 22:43:46.121597 SoundCore{scbody.dylib}[28649] <NOTICE>: SCBODY #52 seg 5/10 ":"iPhone18,5","$device_id":"E0D81581-DDEB-449A-BBBF-566EB2CC2EB3","uuid":"8184731F-E09A-43AE-A72B-D38009464EA4","$network_type":"WIFI","firmware_version":"01.0
2026-09-04 22:43:46.121616 SoundCore{scbody.dylib}[28649] <NOTICE>: SCBODY #52 seg 6/10 7","device_id":"8184731F-E09A-43AE-A72B-D38009464EA4","$app_name":"soundcore","$wifi":true,"$timezone_offset":420,"$url":"SoundCore.SCD1301LastGuideCtrl","mac":
2026-09-04 22:43:46.121625 SoundCore{scbody.dylib}[28649] <NOTICE>: SCBODY #52 seg 7/10 "30:33:45:44:31:36:35:41:2D:39:44:44:46:2D:33:41:37:36:2D:45:43:30:33:2D:43:43:30:42:33:31:41:46:38:30:43:31","app_line":"SoundCore","$screen_height":844,"$refe
2026-09-04 22:43:46.121633 SoundCore{scbody.dylib}[28649] <NOTICE>: SCBODY #52 seg 8/10 rrer":"_TtC9SoundCoreP33_12CEC14CD4DB78042B465794AF025E4625SCSpacePageViewController","$lib_method":"autoTrack","$screen_name":"SoundCore.SCD1301LastGuideCtrl",
2026-09-04 22:43:46.121642 SoundCore{scbody.dylib}[28649] <NOTICE>: SCBODY #52 seg 9/10 "$lib_version":"4.8.3","$os_version":"26.5.1","$lib":"iOS","$manufacturer":"Apple","product_code":"D1301S","$app_id":"com.oceanwing.SoundCore.G8AW4BQ7RV"},"dist
2026-09-04 22:43:46.121653 SoundCore{scbody.dylib}[28649] <NOTICE>: SCBODY #52 seg 10/10 inct_id":"25175005-856F-4AAB-A276-01988F6459F5","type":"track"}
2026-09-04 22:43:46.121666 SoundCore{scbody.dylib}[28649] <NOTICE>: SCBODY CAPTURE #52 END
2026-09-04 22:43:46.121679 SoundCore{scbody.dylib}[28649] <NOTICE>: SCBODY MODIFY 1503 -> 1503 bytes
2026-09-04 22:43:46.121713 SoundCore{scbody.dylib}[28649] <NOTICE>: SCBODY CAPTURE #53 src=json-mod url=(none) len=1503 score=2 BEGIN
2026-09-04 22:43:46.121757 SoundCore{scbody.dylib}[28649] <NOTICE>: SCBODY #53 seg 1/10 {"anonymous_id":"25175005-856F-4AAB-A276-01988F6459F5","_track_id":220168072,"event":"$AppViewScreen","time":1788587026111,"identities":{"$identity_idfv":"E0D81
2026-09-04 22:43:46.121767 SoundCore{scbody.dylib}[28649] <NOTICE>: SCBODY #53 seg 2/10 581-DDEB-449A-BBBF-566EB2CC2EB3","identity_deviceid_sn":"8184731F-E09A-43AE-A72B-D38009464EA4||13017CE9136B47AC","$identity_anonymous_id":"25175005-856F-4AAB-A2
2026-09-04 22:43:46.121775 SoundCore{scbody.dylib}[28649] <NOTICE>: SCBODY #53 seg 3/10 76-01988F6459F5"},"lib":{"$lib_method":"autoTrack","$lib_version":"4.8.3","$lib":"iOS","$lib_detail":"SoundCore.SCD1301LastGuideCtrl######","$app_version":"5.0.
2026-09-04 22:43:46.121802 SoundCore{scbody.dylib}[28649] <NOTICE>: SCBODY #53 seg 4/10 02"},"properties":{"$os":"iOS","$screen_width":390,"$app_version":"5.0.02","country":"US","sn":"13017CE9136B47AC","is_secret":false,"$is_first_day":true,"$model
2026-09-04 22:43:46.121815 SoundCore{scbody.dylib}[28649] <NOTICE>: SCBODY #53 seg 5/10 ":"iPhone18,5","$device_id":"E0D81581-DDEB-449A-BBBF-566EB2CC2EB3","uuid":"8184731F-E09A-43AE-A72B-D38009464EA4","$network_type":"WIFI","firmware_version":"01.0
2026-09-04 22:43:46.121825 SoundCore{scbody.dylib}[28649] <NOTICE>: SCBODY #53 seg 6/10 5","device_id":"8184731F-E09A-43AE-A72B-D38009464EA4","$app_name":"soundcore","$wifi":true,"$timezone_offset":420,"$url":"SoundCore.SCD1301LastGuideCtrl","mac":
2026-09-04 22:43:46.121834 SoundCore{scbody.dylib}[28649] <NOTICE>: SCBODY #53 seg 7/10 "30:33:45:44:31:36:35:41:2D:39:44:44:46:2D:33:41:37:36:2D:45:43:30:33:2D:43:43:30:42:33:31:41:46:38:30:43:31","app_line":"SoundCore","$screen_height":844,"$refe
2026-09-04 22:43:46.121844 SoundCore{scbody.dylib}[28649] <NOTICE>: SCBODY #53 seg 8/10 rrer":"_TtC9SoundCoreP33_12CEC14CD4DB78042B465794AF025E4625SCSpacePageViewController","$lib_method":"autoTrack","$screen_name":"SoundCore.SCD1301LastGuideCtrl",
2026-09-04 22:43:46.121853 SoundCore{scbody.dylib}[28649] <NOTICE>: SCBODY #53 seg 9/10 "$lib_version":"4.8.3","$os_version":"26.5.1","$lib":"iOS","$manufacturer":"Apple","product_code":"D1301S","$app_id":"com.oceanwing.SoundCore.G8AW4BQ7RV"},"dist
2026-09-04 22:43:46.121862 SoundCore{scbody.dylib}[28649] <NOTICE>: SCBODY #53 seg 10/10 inct_id":"25175005-856F-4AAB-A276-01988F6459F5","type":"track"}
2026-09-04 22:43:46.121873 SoundCore{scbody.dylib}[28649] <NOTICE>: SCBODY CAPTURE #53 END
2026-09-04 22:43:46.123004 SoundCore{scbody.dylib}[28649] <NOTICE>: SCBODY CAPTURE #54 src=json url=(none) len=1459 score=2 BEGIN
2026-09-04 22:43:46.123062 SoundCore{scbody.dylib}[28649] <NOTICE>: SCBODY #54 seg 1/10 {"anonymous_id":"25175005-856F-4AAB-A276-01988F6459F5","_track_id":780478382,"event":"$AppViewScreen","time":1788587026111,"identities":{"$identity_idfv":"E0D81
2026-09-04 22:43:46.123080 SoundCore{scbody.dylib}[28649] <NOTICE>: SCBODY #54 seg 2/10 581-DDEB-449A-BBBF-566EB2CC2EB3","identity_deviceid_sn":"8184731F-E09A-43AE-A72B-D38009464EA4||13017CE9136B47AC","$identity_anonymous_id":"25175005-856F-4AAB-A2
2026-09-04 22:43:46.123090 SoundCore{scbody.dylib}[28649] <NOTICE>: SCBODY #54 seg 3/10 76-01988F6459F5"},"lib":{"$lib_method":"autoTrack","$lib_version":"4.8.3","$lib":"iOS","$lib_detail":"SoundCore.SCD1301LastGuideCtrl1######","$app_version":"5.0
2026-09-04 22:43:46.123098 SoundCore{scbody.dylib}[28649] <NOTICE>: SCBODY #54 seg 4/10 .02"},"properties":{"$os":"iOS","$screen_width":390,"$app_version":"5.0.02","country":"US","sn":"13017CE9136B47AC","is_secret":false,"$is_first_day":true,"$mode
2026-09-04 22:43:46.123107 SoundCore{scbody.dylib}[28649] <NOTICE>: SCBODY #54 seg 5/10 l":"iPhone18,5","$device_id":"E0D81581-DDEB-449A-BBBF-566EB2CC2EB3","uuid":"8184731F-E09A-43AE-A72B-D38009464EA4","$network_type":"WIFI","firmware_version":"01.
2026-09-04 22:43:46.123115 SoundCore{scbody.dylib}[28649] <NOTICE>: SCBODY #54 seg 6/10 07","device_id":"8184731F-E09A-43AE-A72B-D38009464EA4","$app_name":"soundcore","$wifi":true,"$timezone_offset":420,"$url":"SoundCore.SCD1301LastGuideCtrl1","mac
2026-09-04 22:43:46.123124 SoundCore{scbody.dylib}[28649] <NOTICE>: SCBODY #54 seg 7/10 ":"30:33:45:44:31:36:35:41:2D:39:44:44:46:2D:33:41:37:36:2D:45:43:30:33:2D:43:43:30:42:33:31:41:46:38:30:43:31","app_line":"SoundCore","$screen_height":844,"$re
2026-09-04 22:43:46.123132 SoundCore{scbody.dylib}[28649] <NOTICE>: SCBODY #54 seg 8/10 ferrer":"SoundCore.SCD1301LastGuideCtrl","$lib_method":"autoTrack","$screen_name":"SoundCore.SCD1301LastGuideCtrl1","$lib_version":"4.8.3","$os_version":"26.5.1
2026-09-04 22:43:46.123141 SoundCore{scbody.dylib}[28649] <NOTICE>: SCBODY #54 seg 9/10 ","$lib":"iOS","$manufacturer":"Apple","product_code":"D1301S","$app_id":"com.oceanwing.SoundCore.G8AW4BQ7RV"},"distinct_id":"25175005-856F-4AAB-A276-01988F6459
2026-09-04 22:43:46.123154 SoundCore{scbody.dylib}[28649] <NOTICE>: SCBODY #54 seg 10/10 F5","type":"track"}
2026-09-04 22:43:46.123163 SoundCore{scbody.dylib}[28649] <NOTICE>: SCBODY CAPTURE #54 END
2026-09-04 22:43:46.123177 SoundCore{scbody.dylib}[28649] <NOTICE>: SCBODY MODIFY 1459 -> 1459 bytes
2026-09-04 22:43:46.123229 SoundCore{scbody.dylib}[28649] <NOTICE>: SCBODY CAPTURE #55 src=json-mod url=(none) len=1459 score=2 BEGIN
2026-09-04 22:43:46.123241 SoundCore{scbody.dylib}[28649] <NOTICE>: SCBODY #55 seg 1/10 {"anonymous_id":"25175005-856F-4AAB-A276-01988F6459F5","_track_id":780478382,"event":"$AppViewScreen","time":1788587026111,"identities":{"$identity_idfv":"E0D81
2026-09-04 22:43:46.123278 SoundCore{scbody.dylib}[28649] <NOTICE>: SCBODY #55 seg 2/10 581-DDEB-449A-BBBF-566EB2CC2EB3","identity_deviceid_sn":"8184731F-E09A-43AE-A72B-D38009464EA4||13017CE9136B47AC","$identity_anonymous_id":"25175005-856F-4AAB-A2
2026-09-04 22:43:46.123310 SoundCore{scbody.dylib}[28649] <NOTICE>: SCBODY #55 seg 3/10 76-01988F6459F5"},"lib":{"$lib_method":"autoTrack","$lib_version":"4.8.3","$lib":"iOS","$lib_detail":"SoundCore.SCD1301LastGuideCtrl1######","$app_version":"5.0
2026-09-04 22:43:46.123361 SoundCore{scbody.dylib}[28649] <NOTICE>: SCBODY #55 seg 4/10 .02"},"properties":{"$os":"iOS","$screen_width":390,"$app_version":"5.0.02","country":"US","sn":"13017CE9136B47AC","is_secret":false,"$is_first_day":true,"$mode
2026-09-04 22:43:46.123373 SoundCore{scbody.dylib}[28649] <NOTICE>: SCBODY #55 seg 5/10 l":"iPhone18,5","$device_id":"E0D81581-DDEB-449A-BBBF-566EB2CC2EB3","uuid":"8184731F-E09A-43AE-A72B-D38009464EA4","$network_type":"WIFI","firmware_version":"01.
2026-09-04 22:43:46.123382 SoundCore{scbody.dylib}[28649] <NOTICE>: SCBODY #55 seg 6/10 05","device_id":"8184731F-E09A-43AE-A72B-D38009464EA4","$app_name":"soundcore","$wifi":true,"$timezone_offset":420,"$url":"SoundCore.SCD1301LastGuideCtrl1","mac
2026-09-04 22:43:46.123390 SoundCore{scbody.dylib}[28649] <NOTICE>: SCBODY #55 seg 7/10 ":"30:33:45:44:31:36:35:41:2D:39:44:44:46:2D:33:41:37:36:2D:45:43:30:33:2D:43:43:30:42:33:31:41:46:38:30:43:31","app_line":"SoundCore","$screen_height":844,"$re
2026-09-04 22:43:46.123398 SoundCore{scbody.dylib}[28649] <NOTICE>: SCBODY #55 seg 8/10 ferrer":"SoundCore.SCD1301LastGuideCtrl","$lib_method":"autoTrack","$screen_name":"SoundCore.SCD1301LastGuideCtrl1","$lib_version":"4.8.3","$os_version":"26.5.1
2026-09-04 22:43:46.123409 SoundCore{scbody.dylib}[28649] <NOTICE>: SCBODY #55 seg 9/10 ","$lib":"iOS","$manufacturer":"Apple","product_code":"D1301S","$app_id":"com.oceanwing.SoundCore.G8AW4BQ7RV"},"distinct_id":"25175005-856F-4AAB-A276-01988F6459
2026-09-04 22:43:46.123418 SoundCore{scbody.dylib}[28649] <NOTICE>: SCBODY #55 seg 10/10 F5","type":"track"}
2026-09-04 22:43:46.123429 SoundCore{scbody.dylib}[28649] <NOTICE>: SCBODY CAPTURE #55 END
2026-09-04 22:43:46.774331 SoundCore{scbody.dylib}[28649] <NOTICE>: SCBODY CAPTURE #56 src=json url=(none) len=1420 score=2 BEGIN
2026-09-04 22:43:46.774368 SoundCore{scbody.dylib}[28649] <NOTICE>: SCBODY #56 seg 1/9 {"anonymous_id":"25175005-856F-4AAB-A276-01988F6459F5","_track_id":4118616274,"event":"$AppClick","time":1788587026773,"identities":{"$identity_idfv":"E0D81581-
2026-09-04 22:43:46.774385 SoundCore{scbody.dylib}[28649] <NOTICE>: SCBODY #56 seg 2/9 DDEB-449A-BBBF-566EB2CC2EB3","identity_deviceid_sn":"8184731F-E09A-43AE-A72B-D38009464EA4||13017CE9136B47AC","$identity_anonymous_id":"25175005-856F-4AAB-A276-0
2026-09-04 22:43:46.774414 SoundCore{scbody.dylib}[28649] <NOTICE>: SCBODY #56 seg 3/9 1988F6459F5"},"lib":{"$lib_method":"autoTrack","$lib_version":"4.8.3","$lib":"iOS","$lib_detail":"SoundCore.SCD1301LastGuideCtrl######","$app_version":"5.0.02"}
2026-09-04 22:43:46.774434 SoundCore{scbody.dylib}[28649] <NOTICE>: SCBODY #56 seg 4/9 ,"properties":{"$os":"iOS","$screen_width":390,"$app_version":"5.0.02","country":"US","$element_type":"UIButton","sn":"13017CE9136B47AC","$element_content":"Ski
2026-09-04 22:43:46.774449 SoundCore{scbody.dylib}[28649] <NOTICE>: SCBODY #56 seg 5/9 p","is_secret":false,"$is_first_day":true,"$model":"iPhone18,5","$device_id":"E0D81581-DDEB-449A-BBBF-566EB2CC2EB3","uuid":"8184731F-E09A-43AE-A72B-D38009464EA4
2026-09-04 22:43:46.774457 SoundCore{scbody.dylib}[28649] <NOTICE>: SCBODY #56 seg 6/9 ","$network_type":"WIFI","firmware_version":"01.07","device_id":"8184731F-E09A-43AE-A72B-D38009464EA4","$app_name":"soundcore","$wifi":true,"$timezone_offset":4
2026-09-04 22:43:46.774464 SoundCore{scbody.dylib}[28649] <NOTICE>: SCBODY #56 seg 7/9 20,"mac":"30:33:45:44:31:36:35:41:2D:39:44:44:46:2D:33:41:37:36:2D:45:43:30:33:2D:43:43:30:42:33:31:41:46:38:30:43:31","app_line":"SoundCore","$screen_height":8
2026-09-04 22:43:46.774476 SoundCore{scbody.dylib}[28649] <NOTICE>: SCBODY #56 seg 8/9 44,"$lib_method":"autoTrack","$screen_name":"SoundCore.SCD1301LastGuideCtrl","$lib_version":"4.8.3","$os_version":"26.5.1","$lib":"iOS","$manufacturer":"Apple",
2026-09-04 22:43:46.774483 SoundCore{scbody.dylib}[28649] <NOTICE>: SCBODY #56 seg 9/9 "product_code":"D1301S","$app_id":"com.oceanwing.SoundCore.G8AW4BQ7RV"},"distinct_id":"25175005-856F-4AAB-A276-01988F6459F5","type":"track"}
2026-09-04 22:43:46.774490 SoundCore{scbody.dylib}[28649] <NOTICE>: SCBODY CAPTURE #56 END
2026-09-04 22:43:46.774504 SoundCore{scbody.dylib}[28649] <NOTICE>: SCBODY MODIFY 1420 -> 1420 bytes
2026-09-04 22:43:46.774547 SoundCore{scbody.dylib}[28649] <NOTICE>: SCBODY CAPTURE #57 src=json-mod url=(none) len=1420 score=2 BEGIN
2026-09-04 22:43:46.774554 SoundCore{scbody.dylib}[28649] <NOTICE>: SCBODY #57 seg 1/9 {"anonymous_id":"25175005-856F-4AAB-A276-01988F6459F5","_track_id":4118616274,"event":"$AppClick","time":1788587026773,"identities":{"$identity_idfv":"E0D81581-
2026-09-04 22:43:46.774578 SoundCore{scbody.dylib}[28649] <NOTICE>: SCBODY #57 seg 2/9 DDEB-449A-BBBF-566EB2CC2EB3","identity_deviceid_sn":"8184731F-E09A-43AE-A72B-D38009464EA4||13017CE9136B47AC","$identity_anonymous_id":"25175005-856F-4AAB-A276-0
2026-09-04 22:43:46.774589 SoundCore{scbody.dylib}[28649] <NOTICE>: SCBODY #57 seg 3/9 1988F6459F5"},"lib":{"$lib_method":"autoTrack","$lib_version":"4.8.3","$lib":"iOS","$lib_detail":"SoundCore.SCD1301LastGuideCtrl######","$app_version":"5.0.02"}
2026-09-04 22:43:46.774596 SoundCore{scbody.dylib}[28649] <NOTICE>: SCBODY #57 seg 4/9 ,"properties":{"$os":"iOS","$screen_width":390,"$app_version":"5.0.02","country":"US","$element_type":"UIButton","sn":"13017CE9136B47AC","$element_content":"Ski
2026-09-04 22:43:46.774612 SoundCore{scbody.dylib}[28649] <NOTICE>: SCBODY #57 seg 5/9 p","is_secret":false,"$is_first_day":true,"$model":"iPhone18,5","$device_id":"E0D81581-DDEB-449A-BBBF-566EB2CC2EB3","uuid":"8184731F-E09A-43AE-A72B-D38009464EA4
2026-09-04 22:43:46.774620 SoundCore{scbody.dylib}[28649] <NOTICE>: SCBODY #57 seg 6/9 ","$network_type":"WIFI","firmware_version":"01.05","device_id":"8184731F-E09A-43AE-A72B-D38009464EA4","$app_name":"soundcore","$wifi":true,"$timezone_offset":4
2026-09-04 22:43:46.774627 SoundCore{scbody.dylib}[28649] <NOTICE>: SCBODY #57 seg 7/9 20,"mac":"30:33:45:44:31:36:35:41:2D:39:44:44:46:2D:33:41:37:36:2D:45:43:30:33:2D:43:43:30:42:33:31:41:46:38:30:43:31","app_line":"SoundCore","$screen_height":8
2026-09-04 22:43:46.774633 SoundCore{scbody.dylib}[28649] <NOTICE>: SCBODY #57 seg 8/9 44,"$lib_method":"autoTrack","$screen_name":"SoundCore.SCD1301LastGuideCtrl","$lib_version":"4.8.3","$os_version":"26.5.1","$lib":"iOS","$manufacturer":"Apple",
2026-09-04 22:43:46.774639 SoundCore{scbody.dylib}[28649] <NOTICE>: SCBODY #57 seg 9/9 "product_code":"D1301S","$app_id":"com.oceanwing.SoundCore.G8AW4BQ7RV"},"distinct_id":"25175005-856F-4AAB-A276-01988F6459F5","type":"track"}
2026-09-04 22:43:46.774646 SoundCore{scbody.dylib}[28649] <NOTICE>: SCBODY CAPTURE #57 END
2026-09-04 22:43:46.786808 SoundCore{scbody.dylib}[28649] <NOTICE>: SCBODY CAPTURE #58 src=json url=(none) len=1442 score=2 BEGIN
2026-09-04 22:43:46.786822 SoundCore{scbody.dylib}[28649] <NOTICE>: SCBODY #58 seg 1/10 {"anonymous_id":"25175005-856F-4AAB-A276-01988F6459F5","_track_id":2672792650,"event":"SC_START_GUIDE_CLICK","time":1788587026786,"identities":{"$identity_idfv"
2026-09-04 22:43:46.786847 SoundCore{scbody.dylib}[28649] <NOTICE>: SCBODY #58 seg 2/10 :"E0D81581-DDEB-449A-BBBF-566EB2CC2EB3","identity_deviceid_sn":"8184731F-E09A-43AE-A72B-D38009464EA4||13017CE9136B47AC","$identity_anonymous_id":"25175005-856F-
2026-09-04 22:43:46.786865 SoundCore{scbody.dylib}[28649] <NOTICE>: SCBODY #58 seg 3/10 4AAB-A276-01988F6459F5"},"lib":{"$lib_version":"4.8.3","$lib":"iOS","$app_version":"5.0.02","$lib_method":"code"},"properties":{"$os":"iOS","$screen_width":390,
2026-09-04 22:43:46.786874 SoundCore{scbody.dylib}[28649] <NOTICE>: SCBODY #58 seg 4/10 "button_name":"skip","$app_version":"5.0.02","duration":1.194249987602234,"country":"US","is_secret":false,"sn":"13017CE9136B47AC","device_id":"8184731F-E09A-43
2026-09-04 22:43:46.786881 SoundCore{scbody.dylib}[28649] <NOTICE>: SCBODY #58 seg 5/10 AE-A72B-D38009464EA4","$is_first_day":true,"$device_id":"E0D81581-DDEB-449A-BBBF-566EB2CC2EB3","uuid":"8184731F-E09A-43AE-A72B-D38009464EA4","requirement_id":26
2026-09-04 22:43:46.786889 SoundCore{scbody.dylib}[28649] <NOTICE>: SCBODY #58 seg 6/10 2,"page_name":"1","$model":"iPhone18,5","$network_type":"WIFI","firmware_version":"01.07","$app_name":"soundcore","$timezone_offset":420,"$wifi":true,"mac":"30:
2026-09-04 22:43:46.786896 SoundCore{scbody.dylib}[28649] <NOTICE>: SCBODY #58 seg 7/10 33:45:44:31:36:35:41:2D:39:44:44:46:2D:33:41:37:36:2D:45:43:30:33:2D:43:43:30:42:33:31:41:46:38:30:43:31","app_line":"SoundCore","operate_result":"","$screen_he
2026-09-04 22:43:46.786903 SoundCore{scbody.dylib}[28649] <NOTICE>: SCBODY #58 seg 8/10 ight":844,"track_sign":"aSC_START_GUIDE.b159.c649.CLICK.SC_START_GUIDE_CLICK","$lib_method":"code","$lib_version":"4.8.3","$os_version":"26.5.1","$lib":"iOS","$
2026-09-04 22:43:46.786910 SoundCore{scbody.dylib}[28649] <NOTICE>: SCBODY #58 seg 9/10 manufacturer":"Apple","product_code":"D1301S","$app_id":"com.oceanwing.SoundCore.G8AW4BQ7RV"},"distinct_id":"25175005-856F-4AAB-A276-01988F6459F5","type":"track
2026-09-04 22:43:46.786917 SoundCore{scbody.dylib}[28649] <NOTICE>: SCBODY #58 seg 10/10 "}
2026-09-04 22:43:46.787408 SoundCore{scbody.dylib}[28649] <NOTICE>: SCBODY CAPTURE #58 END
2026-09-04 22:43:46.787486 SoundCore{scbody.dylib}[28649] <NOTICE>: SCBODY MODIFY 1442 -> 1442 bytes
2026-09-04 22:43:46.787573 SoundCore{scbody.dylib}[28649] <NOTICE>: SCBODY CAPTURE #59 src=json-mod url=(none) len=1442 score=2 BEGIN
2026-09-04 22:43:46.787581 SoundCore{scbody.dylib}[28649] <NOTICE>: SCBODY #59 seg 1/10 {"anonymous_id":"25175005-856F-4AAB-A276-01988F6459F5","_track_id":2672792650,"event":"SC_START_GUIDE_CLICK","time":1788587026786,"identities":{"$identity_idfv"
2026-09-04 22:43:46.787600 SoundCore{scbody.dylib}[28649] <NOTICE>: SCBODY #59 seg 2/10 :"E0D81581-DDEB-449A-BBBF-566EB2CC2EB3","identity_deviceid_sn":"8184731F-E09A-43AE-A72B-D38009464EA4||13017CE9136B47AC","$identity_anonymous_id":"25175005-856F-
2026-09-04 22:43:46.787607 SoundCore{scbody.dylib}[28649] <NOTICE>: SCBODY #59 seg 3/10 4AAB-A276-01988F6459F5"},"lib":{"$lib_version":"4.8.3","$lib":"iOS","$app_version":"5.0.02","$lib_method":"code"},"properties":{"$os":"iOS","$screen_width":390,
2026-09-04 22:43:46.787614 SoundCore{scbody.dylib}[28649] <NOTICE>: SCBODY #59 seg 4/10 "button_name":"skip","$app_version":"5.0.02","duration":1.194249987602234,"country":"US","is_secret":false,"sn":"13017CE9136B47AC","device_id":"8184731F-E09A-43
2026-09-04 22:43:46.787639 SoundCore{scbody.dylib}[28649] <NOTICE>: SCBODY #59 seg 5/10 AE-A72B-D38009464EA4","$is_first_day":true,"$device_id":"E0D81581-DDEB-449A-BBBF-566EB2CC2EB3","uuid":"8184731F-E09A-43AE-A72B-D38009464EA4","requirement_id":26
2026-09-04 22:43:46.787646 SoundCore{scbody.dylib}[28649] <NOTICE>: SCBODY #59 seg 6/10 2,"page_name":"1","$model":"iPhone18,5","$network_type":"WIFI","firmware_version":"01.05","$app_name":"soundcore","$timezone_offset":420,"$wifi":true,"mac":"30:
2026-09-04 22:43:46.787686 SoundCore{scbody.dylib}[28649] <NOTICE>: SCBODY #59 seg 7/10 33:45:44:31:36:35:41:2D:39:44:44:46:2D:33:41:37:36:2D:45:43:30:33:2D:43:43:30:42:33:31:41:46:38:30:43:31","app_line":"SoundCore","operate_result":"","$screen_he
2026-09-04 22:43:46.787746 SoundCore{scbody.dylib}[28649] <NOTICE>: SCBODY #59 seg 8/10 ight":844,"track_sign":"aSC_START_GUIDE.b159.c649.CLICK.SC_START_GUIDE_CLICK","$lib_method":"code","$lib_version":"4.8.3","$os_version":"26.5.1","$lib":"iOS","$
2026-09-04 22:43:46.787754 SoundCore{scbody.dylib}[28649] <NOTICE>: SCBODY #59 seg 9/10 manufacturer":"Apple","product_code":"D1301S","$app_id":"com.oceanwing.SoundCore.G8AW4BQ7RV"},"distinct_id":"25175005-856F-4AAB-A276-01988F6459F5","type":"track
2026-09-04 22:43:46.787783 SoundCore{scbody.dylib}[28649] <NOTICE>: SCBODY #59 seg 10/10 "}
2026-09-04 22:43:46.787789 SoundCore{scbody.dylib}[28649] <NOTICE>: SCBODY CAPTURE #59 END
2026-09-04 22:43:46.787859 SoundCore{scbody.dylib}[28649] <NOTICE>: SCBODY CAPTURE #60 src=json url=(none) len=522 score=2 BEGIN
2026-09-04 22:43:46.787878 SoundCore{scbody.dylib}[28649] <NOTICE>: SCBODY #60 seg 1/4 {"events":[{"value_string":"","module":"NOVICE_GUIDE","time":"1788587026","mac":"30:33:45:44:31:36:35:41:2D:39:44:44:46:2D:33:41:37:36:2D:45:43:30:33:2D:43:43:3
2026-09-04 22:43:46.787885 SoundCore{scbody.dylib}[28649] <NOTICE>: SCBODY #60 seg 2/4 0:42:33:31:41:46:38:30:43:31","device_id":"","product_code":"D1301S","sn":"13017CE9136B47AC","type":"0","name":"APP_START_GUIDE_SKIP"}],"country":"US","sys_type
2026-09-04 22:43:46.787892 SoundCore{scbody.dylib}[28649] <NOTICE>: SCBODY #60 seg 3/4 ":"iOS","http_user_agent":"soundcore-iOS-5.0.02","phone_model":"iPhone18,5","uuid":"DEB03254-8942-4310-A8CA-57EBE5F7CBA0","user_id":"","phone_name":"iPhone","sy
2026-09-04 22:43:46.787898 SoundCore{scbody.dylib}[28649] <NOTICE>: SCBODY #60 seg 4/4 s_version":"26.5.1","phone_brand":"Apple"}
2026-09-04 22:43:46.787904 SoundCore{scbody.dylib}[28649] <NOTICE>: SCBODY CAPTURE #60 END
2026-09-04 22:43:46.818509 SoundCore{scbody.dylib}[28649] <NOTICE>: SCBODY CAPTURE #61 src=json url=(none) len=1462 score=2 BEGIN
2026-09-04 22:43:46.818525 SoundCore{scbody.dylib}[28649] <NOTICE>: SCBODY #61 seg 1/10 {"anonymous_id":"25175005-856F-4AAB-A276-01988F6459F5","_track_id":857814327,"event":"$AppPageLeave","time":1788587026817,"identities":{"$identity_idfv":"E0D815
2026-09-04 22:43:46.818546 SoundCore{scbody.dylib}[28649] <NOTICE>: SCBODY #61 seg 2/10 81-DDEB-449A-BBBF-566EB2CC2EB3","identity_deviceid_sn":"8184731F-E09A-43AE-A72B-D38009464EA4||13017CE9136B47AC","$identity_anonymous_id":"25175005-856F-4AAB-A27
2026-09-04 22:43:46.818555 SoundCore{scbody.dylib}[28649] <NOTICE>: SCBODY #61 seg 3/10 6-01988F6459F5"},"lib":{"$lib_version":"4.8.3","$lib":"iOS","$app_version":"5.0.02","$lib_method":"code"},"properties":{"$os":"iOS","$screen_width":390,"$app_ve
2026-09-04 22:43:46.818564 SoundCore{scbody.dylib}[28649] <NOTICE>: SCBODY #61 seg 4/10 rsion":"5.0.02","country":"US","sn":"13017CE9136B47AC","is_secret":false,"$is_first_day":true,"$model":"iPhone18,5","$device_id":"E0D81581-DDEB-449A-BBBF-566EB2
2026-09-04 22:43:46.818571 SoundCore{scbody.dylib}[28649] <NOTICE>: SCBODY #61 seg 5/10 CC2EB3","uuid":"8184731F-E09A-43AE-A72B-D38009464EA4","$network_type":"WIFI","firmware_version":"01.07","device_id":"8184731F-E09A-43AE-A72B-D38009464EA4","$app
2026-09-04 22:43:46.818579 SoundCore{scbody.dylib}[28649] <NOTICE>: SCBODY #61 seg 6/10 _name":"soundcore","$wifi":true,"$timezone_offset":420,"$url":"SoundCore.SCD1301LastGuideCtrl","mac":"30:33:45:44:31:36:35:41:2D:39:44:44:46:2D:33:41:37:36:2D:4
2026-09-04 22:43:46.818592 SoundCore{scbody.dylib}[28649] <NOTICE>: SCBODY #61 seg 7/10 5:43:30:33:2D:43:43:30:42:33:31:41:46:38:30:43:31","app_line":"SoundCore","$screen_height":844,"$referrer":"_TtC9SoundCoreP33_12CEC14CD4DB78042B465794AF025E4625
2026-09-04 22:43:46.818599 SoundCore{scbody.dylib}[28649] <NOTICE>: SCBODY #61 seg 8/10 SCSpacePageViewController","$lib_method":"code","$screen_name":"SoundCore.SCD1301LastGuideCtrl","$lib_version":"4.8.3","$os_version":"26.5.1","$lib":"iOS","$man
2026-09-04 22:43:46.818606 SoundCore{scbody.dylib}[28649] <NOTICE>: SCBODY #61 seg 9/10 ufacturer":"Apple","product_code":"D1301S","event_duration":0.707,"$app_id":"com.oceanwing.SoundCore.G8AW4BQ7RV"},"distinct_id":"25175005-856F-4AAB-A276-01988F6
2026-09-04 22:43:46.818612 SoundCore{scbody.dylib}[28649] <NOTICE>: SCBODY #61 seg 10/10 459F5","type":"track"}
2026-09-04 22:43:46.818645 SoundCore{scbody.dylib}[28649] <NOTICE>: SCBODY CAPTURE #61 END
2026-09-04 22:43:46.818659 SoundCore{scbody.dylib}[28649] <NOTICE>: SCBODY MODIFY 1462 -> 1462 bytes
2026-09-04 22:43:46.818666 SoundCore{scbody.dylib}[28649] <NOTICE>: SCBODY CAPTURE #62 src=json-mod url=(none) len=1462 score=2 BEGIN
2026-09-04 22:43:46.818673 SoundCore{scbody.dylib}[28649] <NOTICE>: SCBODY #62 seg 1/10 {"anonymous_id":"25175005-856F-4AAB-A276-01988F6459F5","_track_id":857814327,"event":"$AppPageLeave","time":1788587026817,"identities":{"$identity_idfv":"E0D815
2026-09-04 22:43:46.818703 SoundCore{scbody.dylib}[28649] <NOTICE>: SCBODY #62 seg 2/10 81-DDEB-449A-BBBF-566EB2CC2EB3","identity_deviceid_sn":"8184731F-E09A-43AE-A72B-D38009464EA4||13017CE9136B47AC","$identity_anonymous_id":"25175005-856F-4AAB-A27
2026-09-04 22:43:46.818724 SoundCore{scbody.dylib}[28649] <NOTICE>: SCBODY #62 seg 3/10 6-01988F6459F5"},"lib":{"$lib_version":"4.8.3","$lib":"iOS","$app_version":"5.0.02","$lib_method":"code"},"properties":{"$os":"iOS","$screen_width":390,"$app_ve
2026-09-04 22:43:46.818733 SoundCore{scbody.dylib}[28649] <NOTICE>: SCBODY #62 seg 4/10 rsion":"5.0.02","country":"US","sn":"13017CE9136B47AC","is_secret":false,"$is_first_day":true,"$model":"iPhone18,5","$device_id":"E0D81581-DDEB-449A-BBBF-566EB2
2026-09-04 22:43:46.818740 SoundCore{scbody.dylib}[28649] <NOTICE>: SCBODY #62 seg 5/10 CC2EB3","uuid":"8184731F-E09A-43AE-A72B-D38009464EA4","$network_type":"WIFI","firmware_version":"01.05","device_id":"8184731F-E09A-43AE-A72B-D38009464EA4","$app
2026-09-04 22:43:46.818747 SoundCore{scbody.dylib}[28649] <NOTICE>: SCBODY #62 seg 6/10 _name":"soundcore","$wifi":true,"$timezone_offset":420,"$url":"SoundCore.SCD1301LastGuideCtrl","mac":"30:33:45:44:31:36:35:41:2D:39:44:44:46:2D:33:41:37:36:2D:4
2026-09-04 22:43:46.818753 SoundCore{scbody.dylib}[28649] <NOTICE>: SCBODY #62 seg 7/10 5:43:30:33:2D:43:43:30:42:33:31:41:46:38:30:43:31","app_line":"SoundCore","$screen_height":844,"$referrer":"_TtC9SoundCoreP33_12CEC14CD4DB78042B465794AF025E4625
2026-09-04 22:43:46.818761 SoundCore{scbody.dylib}[28649] <NOTICE>: SCBODY #62 seg 8/10 SCSpacePageViewController","$lib_method":"code","$screen_name":"SoundCore.SCD1301LastGuideCtrl","$lib_version":"4.8.3","$os_version":"26.5.1","$lib":"iOS","$man
2026-09-04 22:43:46.818767 SoundCore{scbody.dylib}[28649] <NOTICE>: SCBODY #62 seg 9/10 ufacturer":"Apple","product_code":"D1301S","event_duration":0.707,"$app_id":"com.oceanwing.SoundCore.G8AW4BQ7RV"},"distinct_id":"25175005-856F-4AAB-A276-01988F6
2026-09-04 22:43:46.818774 SoundCore{scbody.dylib}[28649] <NOTICE>: SCBODY #62 seg 10/10 459F5","type":"track"}
2026-09-04 22:43:46.818784 SoundCore{scbody.dylib}[28649] <NOTICE>: SCBODY CAPTURE #62 END
2026-09-04 22:43:46.819944 SoundCore{scbody.dylib}[28649] <NOTICE>: SCBODY CAPTURE #63 src=json url=(none) len=1418 score=2 BEGIN
2026-09-04 22:43:46.819972 SoundCore{scbody.dylib}[28649] <NOTICE>: SCBODY #63 seg 1/9 {"anonymous_id":"25175005-856F-4AAB-A276-01988F6459F5","_track_id":4272704888,"event":"$AppPageLeave","time":1788587026818,"identities":{"$identity_idfv":"E0D81
2026-09-04 22:43:46.819981 SoundCore{scbody.dylib}[28649] <NOTICE>: SCBODY #63 seg 2/9 581-DDEB-449A-BBBF-566EB2CC2EB3","identity_deviceid_sn":"8184731F-E09A-43AE-A72B-D38009464EA4||13017CE9136B47AC","$identity_anonymous_id":"25175005-856F-4AAB-A2
2026-09-04 22:43:46.820004 SoundCore{scbody.dylib}[28649] <NOTICE>: SCBODY #63 seg 3/9 76-01988F6459F5"},"lib":{"$lib_version":"4.8.3","$lib":"iOS","$app_version":"5.0.02","$lib_method":"code"},"properties":{"$os":"iOS","$screen_width":390,"$app_v
2026-09-04 22:43:46.820013 SoundCore{scbody.dylib}[28649] <NOTICE>: SCBODY #63 seg 4/9 ersion":"5.0.02","country":"US","sn":"13017CE9136B47AC","is_secret":false,"$is_first_day":true,"$model":"iPhone18,5","$device_id":"E0D81581-DDEB-449A-BBBF-566EB
2026-09-04 22:43:46.820020 SoundCore{scbody.dylib}[28649] <NOTICE>: SCBODY #63 seg 5/9 2CC2EB3","uuid":"8184731F-E09A-43AE-A72B-D38009464EA4","$network_type":"WIFI","firmware_version":"01.07","device_id":"8184731F-E09A-43AE-A72B-D38009464EA4","$ap
2026-09-04 22:43:46.820027 SoundCore{scbody.dylib}[28649] <NOTICE>: SCBODY #63 seg 6/9 p_name":"soundcore","$wifi":true,"$timezone_offset":420,"$url":"SoundCore.SCD1301LastGuideCtrl1","mac":"30:33:45:44:31:36:35:41:2D:39:44:44:46:2D:33:41:37:36:2D
2026-09-04 22:43:46.820036 SoundCore{scbody.dylib}[28649] <NOTICE>: SCBODY #63 seg 7/9 :45:43:30:33:2D:43:43:30:42:33:31:41:46:38:30:43:31","app_line":"SoundCore","$screen_height":844,"$referrer":"SoundCore.SCD1301LastGuideCtrl","$lib_method":"cod
2026-09-04 22:43:46.820042 SoundCore{scbody.dylib}[28649] <NOTICE>: SCBODY #63 seg 8/9 e","$screen_name":"SoundCore.SCD1301LastGuideCtrl1","$lib_version":"4.8.3","$os_version":"26.5.1","$lib":"iOS","$manufacturer":"Apple","product_code":"D1301S","
2026-09-04 22:43:46.820056 SoundCore{scbody.dylib}[28649] <NOTICE>: SCBODY #63 seg 9/9 event_duration":0.706,"$app_id":"com.oceanwing.SoundCore.G8AW4BQ7RV"},"distinct_id":"25175005-856F-4AAB-A276-01988F6459F5","type":"track"}
2026-09-04 22:43:46.820064 SoundCore{scbody.dylib}[28649] <NOTICE>: SCBODY CAPTURE #63 END
2026-09-04 22:43:46.820073 SoundCore{scbody.dylib}[28649] <NOTICE>: SCBODY MODIFY 1418 -> 1418 bytes
2026-09-04 22:43:46.820183 SoundCore{scbody.dylib}[28649] <NOTICE>: SCBODY CAPTURE #64 src=json-mod url=(none) len=1418 score=2 BEGIN
2026-09-04 22:43:46.820192 SoundCore{scbody.dylib}[28649] <NOTICE>: SCBODY #64 seg 1/9 {"anonymous_id":"25175005-856F-4AAB-A276-01988F6459F5","_track_id":4272704888,"event":"$AppPageLeave","time":1788587026818,"identities":{"$identity_idfv":"E0D81
2026-09-04 22:43:46.820200 SoundCore{scbody.dylib}[28649] <NOTICE>: SCBODY #64 seg 2/9 581-DDEB-449A-BBBF-566EB2CC2EB3","identity_deviceid_sn":"8184731F-E09A-43AE-A72B-D38009464EA4||13017CE9136B47AC","$identity_anonymous_id":"25175005-856F-4AAB-A2
2026-09-04 22:43:46.820207 SoundCore{scbody.dylib}[28649] <NOTICE>: SCBODY #64 seg 3/9 76-01988F6459F5"},"lib":{"$lib_version":"4.8.3","$lib":"iOS","$app_version":"5.0.02","$lib_method":"code"},"properties":{"$os":"iOS","$screen_width":390,"$app_v
2026-09-04 22:43:46.820248 SoundCore{scbody.dylib}[28649] <NOTICE>: SCBODY #64 seg 4/9 ersion":"5.0.02","country":"US","sn":"13017CE9136B47AC","is_secret":false,"$is_first_day":true,"$model":"iPhone18,5","$device_id":"E0D81581-DDEB-449A-BBBF-566EB
2026-09-04 22:43:46.820257 SoundCore{scbody.dylib}[28649] <NOTICE>: SCBODY #64 seg 5/9 2CC2EB3","uuid":"8184731F-E09A-43AE-A72B-D38009464EA4","$network_type":"WIFI","firmware_version":"01.05","device_id":"8184731F-E09A-43AE-A72B-D38009464EA4","$ap
2026-09-04 22:43:46.820268 SoundCore{scbody.dylib}[28649] <NOTICE>: SCBODY #64 seg 6/9 p_name":"soundcore","$wifi":true,"$timezone_offset":420,"$url":"SoundCore.SCD1301LastGuideCtrl1","mac":"30:33:45:44:31:36:35:41:2D:39:44:44:46:2D:33:41:37:36:2D
2026-09-04 22:43:46.820275 SoundCore{scbody.dylib}[28649] <NOTICE>: SCBODY #64 seg 7/9 :45:43:30:33:2D:43:43:30:42:33:31:41:46:38:30:43:31","app_line":"SoundCore","$screen_height":844,"$referrer":"SoundCore.SCD1301LastGuideCtrl","$lib_method":"cod
2026-09-04 22:43:46.820281 SoundCore{scbody.dylib}[28649] <NOTICE>: SCBODY #64 seg 8/9 e","$screen_name":"SoundCore.SCD1301LastGuideCtrl1","$lib_version":"4.8.3","$os_version":"26.5.1","$lib":"iOS","$manufacturer":"Apple","product_code":"D1301S","
2026-09-04 22:43:46.820288 SoundCore{scbody.dylib}[28649] <NOTICE>: SCBODY #64 seg 9/9 event_duration":0.706,"$app_id":"com.oceanwing.SoundCore.G8AW4BQ7RV"},"distinct_id":"25175005-856F-4AAB-A276-01988F6459F5","type":"track"}
2026-09-04 22:43:46.820298 SoundCore{scbody.dylib}[28649] <NOTICE>: SCBODY CAPTURE #64 END
2026-09-04 22:43:46.825103 SoundCore{scbody.dylib}[28649] <NOTICE>: SCBODY CAPTURE #65 src=json url=(none) len=1517 score=2 BEGIN
2026-09-04 22:43:46.825174 SoundCore{scbody.dylib}[28649] <NOTICE>: SCBODY #65 seg 1/10 {"anonymous_id":"25175005-856F-4AAB-A276-01988F6459F5","_track_id":3597326153,"event":"$AppViewScreen","time":1788587026818,"identities":{"$identity_idfv":"E0D8
2026-09-04 22:43:46.825199 SoundCore{scbody.dylib}[28649] <NOTICE>: SCBODY #65 seg 2/10 1581-DDEB-449A-BBBF-566EB2CC2EB3","identity_deviceid_sn":"8184731F-E09A-43AE-A72B-D38009464EA4||13017CE9136B47AC","$identity_anonymous_id":"25175005-856F-4AAB-A
2026-09-04 22:43:46.825229 SoundCore{scbody.dylib}[28649] <NOTICE>: SCBODY #65 seg 3/10 276-01988F6459F5"},"lib":{"$lib_method":"autoTrack","$lib_version":"4.8.3","$lib":"iOS","$lib_detail":"SoundCore.SCD1301HomeContainerController######","$app_ver
2026-09-04 22:43:46.825274 SoundCore{scbody.dylib}[28649] <NOTICE>: SCBODY #65 seg 4/10 sion":"5.0.02"},"properties":{"$os":"iOS","$app_version":"5.0.02","$screen_width":390,"country":"US","$title":"Sleep A30 Special","sn":"13017CE9136B47AC","is_se
2026-09-04 22:43:46.825281 SoundCore{scbody.dylib}[28649] <NOTICE>: SCBODY #65 seg 5/10 cret":false,"$is_first_day":true,"$model":"iPhone18,5","$device_id":"E0D81581-DDEB-449A-BBBF-566EB2CC2EB3","uuid":"8184731F-E09A-43AE-A72B-D38009464EA4","$netwo
2026-09-04 22:43:46.825288 SoundCore{scbody.dylib}[28649] <NOTICE>: SCBODY #65 seg 6/10 rk_type":"WIFI","firmware_version":"01.07","device_id":"8184731F-E09A-43AE-A72B-D38009464EA4","$app_name":"soundcore","$wifi":true,"$timezone_offset":420,"$url"
2026-09-04 22:43:46.825294 SoundCore{scbody.dylib}[28649] <NOTICE>: SCBODY #65 seg 7/10 :"SoundCore.SCD1301HomeContainerController","mac":"30:33:45:44:31:36:35:41:2D:39:44:44:46:2D:33:41:37:36:2D:45:43:30:33:2D:43:43:30:42:33:31:41:46:38:30:43:31",
2026-09-04 22:43:46.825301 SoundCore{scbody.dylib}[28649] <NOTICE>: SCBODY #65 seg 8/10 "app_line":"SoundCore","$screen_height":844,"$referrer":"SoundCore.SCD1301LastGuideCtrl1","$lib_method":"autoTrack","$screen_name":"SoundCore.SCD1301HomeContain
2026-09-04 22:43:46.825308 SoundCore{scbody.dylib}[28649] <NOTICE>: SCBODY #65 seg 9/10 erController","$lib_version":"4.8.3","$os_version":"26.5.1","$lib":"iOS","$manufacturer":"Apple","product_code":"D1301S","$app_id":"com.oceanwing.SoundCore.G8AW
2026-09-04 22:43:46.825339 SoundCore{scbody.dylib}[28649] <NOTICE>: SCBODY #65 seg 10/10 4BQ7RV"},"distinct_id":"25175005-856F-4AAB-A276-01988F6459F5","type":"track"}
2026-09-04 22:43:46.825348 SoundCore{scbody.dylib}[28649] <NOTICE>: SCBODY CAPTURE #65 END
2026-09-04 22:43:46.825359 SoundCore{scbody.dylib}[28649] <NOTICE>: SCBODY MODIFY 1517 -> 1517 bytes
2026-09-04 22:43:46.825423 SoundCore{scbody.dylib}[28649] <NOTICE>: SCBODY CAPTURE #66 src=json-mod url=(none) len=1517 score=2 BEGIN
2026-09-04 22:43:46.825438 SoundCore{scbody.dylib}[28649] <NOTICE>: SCBODY #66 seg 1/10 {"anonymous_id":"25175005-856F-4AAB-A276-01988F6459F5","_track_id":3597326153,"event":"$AppViewScreen","time":1788587026818,"identities":{"$identity_idfv":"E0D8
2026-09-04 22:43:46.825454 SoundCore{scbody.dylib}[28649] <NOTICE>: SCBODY #66 seg 2/10 1581-DDEB-449A-BBBF-566EB2CC2EB3","identity_deviceid_sn":"8184731F-E09A-43AE-A72B-D38009464EA4||13017CE9136B47AC","$identity_anonymous_id":"25175005-856F-4AAB-A
2026-09-04 22:43:46.825461 SoundCore{scbody.dylib}[28649] <NOTICE>: SCBODY #66 seg 3/10 276-01988F6459F5"},"lib":{"$lib_method":"autoTrack","$lib_version":"4.8.3","$lib":"iOS","$lib_detail":"SoundCore.SCD1301HomeContainerController######","$app_ver
2026-09-04 22:43:46.825467 SoundCore{scbody.dylib}[28649] <NOTICE>: SCBODY #66 seg 4/10 sion":"5.0.02"},"properties":{"$os":"iOS","$app_version":"5.0.02","$screen_width":390,"country":"US","$title":"Sleep A30 Special","sn":"13017CE9136B47AC","is_se
2026-09-04 22:43:46.825473 SoundCore{scbody.dylib}[28649] <NOTICE>: SCBODY #66 seg 5/10 cret":false,"$is_first_day":true,"$model":"iPhone18,5","$device_id":"E0D81581-DDEB-449A-BBBF-566EB2CC2EB3","uuid":"8184731F-E09A-43AE-A72B-D38009464EA4","$netwo
2026-09-04 22:43:46.825479 SoundCore{scbody.dylib}[28649] <NOTICE>: SCBODY #66 seg 6/10 rk_type":"WIFI","firmware_version":"01.05","device_id":"8184731F-E09A-43AE-A72B-D38009464EA4","$app_name":"soundcore","$wifi":true,"$timezone_offset":420,"$url"
2026-09-04 22:43:46.825485 SoundCore{scbody.dylib}[28649] <NOTICE>: SCBODY #66 seg 7/10 :"SoundCore.SCD1301HomeContainerController","mac":"30:33:45:44:31:36:35:41:2D:39:44:44:46:2D:33:41:37:36:2D:45:43:30:33:2D:43:43:30:42:33:31:41:46:38:30:43:31",
2026-09-04 22:43:46.825491 SoundCore{scbody.dylib}[28649] <NOTICE>: SCBODY #66 seg 8/10 "app_line":"SoundCore","$screen_height":844,"$referrer":"SoundCore.SCD1301LastGuideCtrl1","$lib_method":"autoTrack","$screen_name":"SoundCore.SCD1301HomeContain
2026-09-04 22:43:46.825497 SoundCore{scbody.dylib}[28649] <NOTICE>: SCBODY #66 seg 9/10 erController","$lib_version":"4.8.3","$os_version":"26.5.1","$lib":"iOS","$manufacturer":"Apple","product_code":"D1301S","$app_id":"com.oceanwing.SoundCore.G8AW
2026-09-04 22:43:46.825505 SoundCore{scbody.dylib}[28649] <NOTICE>: SCBODY #66 seg 10/10 4BQ7RV"},"distinct_id":"25175005-856F-4AAB-A276-01988F6459F5","type":"track"}
2026-09-04 22:43:46.825511 SoundCore{scbody.dylib}[28649] <NOTICE>: SCBODY CAPTURE #66 END
2026-09-04 22:43:46.880674 SoundCore{scbody.dylib}[28649] <NOTICE>: SCBODY CAPTURE #67 src=json url=(none) len=826 score=2 BEGIN
2026-09-04 22:43:46.880749 SoundCore{scbody.dylib}[28649] <NOTICE>: SCBODY #67 seg 1/6 {"events":[{"value_string":"0101090930312e303730312e30373133303137434539313336423437414311288a13e97c30312e30310000000006dd881100ffffffffffffffff001e0001ffffff00
2026-09-04 22:43:46.880759 SoundCore{scbody.dylib}[28649] <NOTICE>: SCBODY #67 seg 2/6 00010000320d0100060000000000000000000001b8883e000000000003020180000000000000040302800000000000000404038000000000000004050480000000000000040100000103000001010100
2026-09-04 22:43:46.880839 SoundCore{scbody.dylib}[28649] <NOTICE>: SCBODY #67 seg 3/6 00010100e9","module":"HOME_PAGE","time":"1788587026","device_id":"","mac":"30:33:45:44:31:36:35:41:2D:39:44:44:46:2D:33:41:37:36:2D:45:43:30:33:2D:43:43:30:42:3
2026-09-04 22:43:46.880849 SoundCore{scbody.dylib}[28649] <NOTICE>: SCBODY #67 seg 4/6 3:31:41:46:38:30:43:31","product_code":"D1301S","sn":"13017CE9136B47AC","type":"1","name":"DEV_DATA_COMMAND_ALL_INFO"}],"country":"US","sys_type":"iOS","http_us
2026-09-04 22:43:46.880856 SoundCore{scbody.dylib}[28649] <NOTICE>: SCBODY #67 seg 5/6 er_agent":"soundcore-iOS-5.0.02","phone_model":"iPhone18,5","uuid":"DEB03254-8942-4310-A8CA-57EBE5F7CBA0","user_id":"","phone_name":"iPhone","sys_version":"26.5
2026-09-04 22:43:46.880876 SoundCore{scbody.dylib}[28649] <NOTICE>: SCBODY #67 seg 6/6 .1","phone_brand":"Apple"}
2026-09-04 22:43:46.880884 SoundCore{scbody.dylib}[28649] <NOTICE>: SCBODY CAPTURE #67 END
2026-09-04 22:43:46.886602 SoundCore{scbody.dylib}[28649] <NOTICE>: SCBODY MODIFY 295 -> 295 bytes
2026-09-04 22:43:46.886651 SoundCore{scbody.dylib}[28649] <NOTICE>: SCBODY CAPTURE #68 src=json-mod url=(none) len=295 score=1 BEGIN
2026-09-04 22:43:46.886660 SoundCore{scbody.dylib}[28649] <NOTICE>: SCBODY #68 seg 1/2 {"device":[{"device_sn":"13017CE9136B47AC","link_time":1788587021,"device_mac":"30:33:45:44:31:36:35:41:2d:39:44:44:46:2d:33:41:37:36:2d:45:43:30:33:2d:43:43:30
2026-09-04 22:43:46.886667 SoundCore{scbody.dylib}[28649] <NOTICE>: SCBODY #68 seg 2/2 :42:33:31:41:46:38:30:43:31","product_code":"D1301S","firmware_version":"01.05"}],"terminal_id":"DEB03254-8942-4310-A8CA-57EBE5F7CBA0"}
2026-09-04 22:43:46.886673 SoundCore{scbody.dylib}[28649] <NOTICE>: SCBODY CAPTURE #68 END
2026-09-04 22:43:46.886947 SoundCore{scbody.dylib}[28649] <NOTICE>: SCBODY CAPTURE #69 src=json url=(none) len=526 score=2 BEGIN
2026-09-04 22:43:46.887014 SoundCore{scbody.dylib}[28649] <NOTICE>: SCBODY #69 seg 1/4 {"events":[{"value_string":"{\"type\":\"nps\"}","module":"POP","time":"1788587026","device_id":"","mac":"30:33:45:44:31:36:35:41:2D:39:44:44:46:2D:33:41:37:36:2
2026-09-04 22:43:46.887349 SoundCore{scbody.dylib}[28649] <NOTICE>: SCBODY #69 seg 2/4 D:45:43:30:33:2D:43:43:30:42:33:31:41:46:38:30:43:31","product_code":"D1301S","sn":"13017CE9136B47AC","type":"1","name":"APP_POP_REQUEST"}],"country":"US","sys_
2026-09-04 22:43:46.887361 SoundCore{scbody.dylib}[28649] <NOTICE>: SCBODY #69 seg 3/4 type":"iOS","http_user_agent":"soundcore-iOS-5.0.02","phone_model":"iPhone18,5","uuid":"DEB03254-8942-4310-A8CA-57EBE5F7CBA0","user_id":"","phone_name":"iPhone"
2026-09-04 22:43:46.887381 SoundCore{scbody.dylib}[28649] <NOTICE>: SCBODY #69 seg 4/4 ,"sys_version":"26.5.1","phone_brand":"Apple"}
2026-09-04 22:43:46.887418 SoundCore{scbody.dylib}[28649] <NOTICE>: SCBODY CAPTURE #69 END
2026-09-04 22:43:46.890369 SoundCore{scbody.dylib}[28649] <NOTICE>: SCBODY CAPTURE #70 src=json url=(none) len=526 score=2 BEGIN
2026-09-04 22:43:46.890381 SoundCore{scbody.dylib}[28649] <NOTICE>: SCBODY #70 seg 1/4 {"events":[{"value_string":"1","module":"MY_LIBRARY","time":"1788587026","device_id":"","mac":"30:33:45:44:31:36:35:41:2D:39:44:44:46:2D:33:41:37:36:2D:45:43:30
2026-09-04 22:43:46.890388 SoundCore{scbody.dylib}[28649] <NOTICE>: SCBODY #70 seg 2/4 :33:2D:43:43:30:42:33:31:41:46:38:30:43:31","product_code":"D1301S","sn":"13017CE9136B47AC","type":"1","name":"APP_MY_LIBRARY_MUSIC_INFO"}],"country":"US","sys_
2026-09-04 22:43:46.890396 SoundCore{scbody.dylib}[28649] <NOTICE>: SCBODY #70 seg 3/4 type":"iOS","http_user_agent":"soundcore-iOS-5.0.02","phone_model":"iPhone18,5","uuid":"DEB03254-8942-4310-A8CA-57EBE5F7CBA0","user_id":"","phone_name":"iPhone"
2026-09-04 22:43:46.890412 SoundCore{scbody.dylib}[28649] <NOTICE>: SCBODY #70 seg 4/4 ,"sys_version":"26.5.1","phone_brand":"Apple"}
2026-09-04 22:43:46.890431 SoundCore{scbody.dylib}[28649] <NOTICE>: SCBODY CAPTURE #70 END
2026-09-04 22:43:46.890997 SoundCore{scbody.dylib}[28649] <NOTICE>: SCBODY MODIFY 120 -> 120 bytes
2026-09-04 22:43:46.891011 SoundCore{scbody.dylib}[28649] <NOTICE>: SCBODY CAPTURE #71 src=json-mod url=(none) len=120 score=1 BEGIN
2026-09-04 22:43:46.891018 SoundCore{scbody.dylib}[28649] <NOTICE>: SCBODY #71 seg 1/1 {"product_code":"D1301S","ids":[4098232],"firm_preset_ids":[],"firmware_version":"01.05","device_sn":"13017CE9136B47AC"}
2026-09-04 22:43:46.891026 SoundCore{scbody.dylib}[28649] <NOTICE>: SCBODY CAPTURE #71 END
2026-09-04 22:43:46.891074 SoundCore{scbody.dylib}[28649] <NOTICE>: SCBODY MODIFY 120 -> 120 bytes
2026-09-04 22:43:46.907428 SoundCore{scbody.dylib}[28649] <NOTICE>: SCBODY MODIFY 131 -> 131 bytes
2026-09-04 22:43:46.907453 SoundCore{scbody.dylib}[28649] <NOTICE>: SCBODY CAPTURE #72 src=json-mod url=(none) len=131 score=1 BEGIN
2026-09-04 22:43:46.907468 SoundCore{scbody.dylib}[28649] <NOTICE>: SCBODY #72 seg 1/1 {"feature_codes":["ai_recap"],"device_infos":[{"product_code":"D1301S","device_sn":"13017CE9136B47AC","firmware_version":"01.05"}]}
2026-09-04 22:43:46.907486 SoundCore{scbody.dylib}[28649] <NOTICE>: SCBODY CAPTURE #72 END
2026-09-04 22:43:46.908057 SoundCore{scbody.dylib}[28649] <NOTICE>: SCBODY MODIFY 131 -> 131 bytes
2026-09-04 22:43:46.915188 SoundCore{scbody.dylib}[28649] <NOTICE>: SCBODY CAPTURE #73 src=resp url=(none) len=333 score=2 BEGIN
2026-09-04 22:43:46.915200 SoundCore{scbody.dylib}[28649] <NOTICE>: SCBODY #73 seg 1/3 {"list":[{"id":3,"product_code":"D1301S","resource_type":1,"url":"https://d2htfo7ft368vg.cloudfront.net/upload_file/prod/d1301_home_audio.zip","version":2,"scen
2026-09-04 22:43:46.915222 SoundCore{scbody.dylib}[28649] <NOTICE>: SCBODY #73 seg 2/3 ario":1},{"id":4,"product_code":"D1301S","resource_type":2,"url":"https://d2htfo7ft368vg.cloudfront.net/upload_file/prod/d1301_home_resource.zip","version":3,"s
2026-09-04 22:43:46.915491 SoundCore{scbody.dylib}[28649] <NOTICE>: SCBODY #73 seg 3/3 cenario":1}]}
2026-09-04 22:43:46.915521 SoundCore{scbody.dylib}[28649] <NOTICE>: SCBODY CAPTURE #73 END
2026-09-04 22:43:46.915539 SoundCore{scbody.dylib}[28649] <NOTICE>: SCBODY CAPTURE #74 src=json url=(none) len=385 score=2 BEGIN
2026-09-04 22:43:46.915547 SoundCore{scbody.dylib}[28649] <NOTICE>: SCBODY #74 seg 1/3 {"res_code":1,"message":"SUCCESS","data":{"list":[{"version":2,"id":3,"resource_type":1,"scenario":1,"url":"https:\/\/d2htfo7ft368vg.cloudfront.net\/upload_file
2026-09-04 22:43:46.915554 SoundCore{scbody.dylib}[28649] <NOTICE>: SCBODY #74 seg 2/3 \/prod\/d1301_home_audio.zip","product_code":"D1301S"},{"version":3,"id":4,"resource_type":2,"scenario":1,"url":"https:\/\/d2htfo7ft368vg.cloudfront.net\/upload
2026-09-04 22:43:46.915578 SoundCore{scbody.dylib}[28649] <NOTICE>: SCBODY #74 seg 3/3 _file\/prod\/d1301_home_resource.zip","product_code":"D1301S"}]}}
2026-09-04 22:43:46.915588 SoundCore{scbody.dylib}[28649] <NOTICE>: SCBODY CAPTURE #74 END
2026-09-04 22:43:46.988173 SoundCore{scbody.dylib}[28649] <NOTICE>: SCBODY CAPTURE #75 src=resp url=(none) len=265 score=5 BEGIN
2026-09-04 22:43:46.988187 SoundCore{scbody.dylib}[28649] <NOTICE>: SCBODY #75 seg 1/2 {"firmware_list":[{"relation_sn":"","product_component":"ALL","product_code":"D1301S","sn":"13017CE9136B47AC","version":"01.07"},{"relation_sn":"13017CE9136B47A
2026-09-04 22:43:46.988198 SoundCore{scbody.dylib}[28649] <NOTICE>: SCBODY #75 seg 2/2 C","product_component":"D1301S-Box","product_code":"D1301S","sn":"1301S11288A13E97C","version":"01.01"}]}
2026-09-04 22:43:46.988207 SoundCore{scbody.dylib}[28649] <NOTICE>: SCBODY CAPTURE #75 END
2026-09-04 22:43:46.988254 SoundCore{scbody.dylib}[28649] <NOTICE>: SCBODY HDR language: en
2026-09-04 22:43:46.988265 SoundCore{scbody.dylib}[28649] <NOTICE>: SCBODY HDR unique-sign: c17e2f06fa90719fe288c9ab9e78319c
2026-09-04 22:43:46.988272 SoundCore{scbody.dylib}[28649] <NOTICE>: SCBODY HDR User-Agent: Soundcore-iOS-5.0.02
2026-09-04 22:43:46.988283 SoundCore{scbody.dylib}[28649] <NOTICE>: SCBODY HDR Gtoken: d687c9a1917e28eeca9fafd068e71279
2026-09-04 22:43:46.988290 SoundCore{scbody.dylib}[28649] <NOTICE>: SCBODY HDR timezone: America/Los_Angeles
2026-09-04 22:43:46.988296 SoundCore{scbody.dylib}[28649] <NOTICE>: SCBODY HDR sys_version: 26.5.1
2026-09-04 22:43:46.988303 SoundCore{scbody.dylib}[28649] <NOTICE>: SCBODY HDR phone_virtual_id: DEB03254-8942-4310-A8CA-57EBE5F7CBA0
2026-09-04 22:43:46.988313 SoundCore{scbody.dylib}[28649] <NOTICE>: SCBODY HDR terminal-id: DEB03254-8942-4310-A8CA-57EBE5F7CBA0
2026-09-04 22:43:46.988320 SoundCore{scbody.dylib}[28649] <NOTICE>: SCBODY HDR X-App-Key: soundcore
2026-09-04 22:43:46.988327 SoundCore{scbody.dylib}[28649] <NOTICE>: SCBODY HDR X-Request-Once: 6DE31975-15B2-41A8-9C70-2D125890F5BB
2026-09-04 22:43:46.988333 SoundCore{scbody.dylib}[28649] <NOTICE>: SCBODY HDR Openudid: DEB03254-8942-4310-A8CA-57EBE5F7CBA0
2026-09-04 22:43:46.988340 SoundCore{scbody.dylib}[28649] <NOTICE>: SCBODY HDR X-Request-Ts: 1788587026
2026-09-04 22:43:46.988346 SoundCore{scbody.dylib}[28649] <NOTICE>: SCBODY HDR country: US
2026-09-04 22:43:46.988352 SoundCore{scbody.dylib}[28649] <NOTICE>: SCBODY HDR AnkerBG: SPEAKER
2026-09-04 22:43:46.988359 SoundCore{scbody.dylib}[28649] <NOTICE>: SCBODY HDR token: d6efd6e8982a50f5b1aace80737bebd9
2026-09-04 22:43:46.988366 SoundCore{scbody.dylib}[28649] <NOTICE>: SCBODY CAPTURE #76 src=json url=(none) len=265 score=5 BEGIN
2026-09-04 22:43:46.988374 SoundCore{scbody.dylib}[28649] <NOTICE>: SCBODY #76 seg 1/2 {"firmware_list":[{"sn":"13017CE9136B47AC","relation_sn":"","version":"01.07","product_component":"ALL","product_code":"D1301S"},{"sn":"1301S11288A13E97C","rela
2026-09-04 22:43:46.988381 SoundCore{scbody.dylib}[28649] <NOTICE>: SCBODY #76 seg 2/2 tion_sn":"13017CE9136B47AC","version":"01.01","product_component":"D1301S-Box","product_code":"D1301S"}]}
2026-09-04 22:43:46.988389 SoundCore{scbody.dylib}[28649] <NOTICE>: SCBODY CAPTURE #76 END
2026-09-04 22:43:46.988396 SoundCore{scbody.dylib}[28649] <NOTICE>: SCBODY MODIFY 265 -> 265 bytes
2026-09-04 22:43:46.988406 SoundCore{scbody.dylib}[28649] <NOTICE>: SCBODY CAPTURE #77 src=json-mod url=(none) len=265 score=5 BEGIN
2026-09-04 22:43:46.988413 SoundCore{scbody.dylib}[28649] <NOTICE>: SCBODY #77 seg 1/2 {"firmware_list":[{"sn":"13017CE9136B47AC","relation_sn":"","version":"01.05","product_component":"ALL","product_code":"D1301S"},{"sn":"1301S11288A13E97C","rela
2026-09-04 22:43:46.988419 SoundCore{scbody.dylib}[28649] <NOTICE>: SCBODY #77 seg 2/2 tion_sn":"13017CE9136B47AC","version":"01.01","product_component":"D1301S-Box","product_code":"D1301S"}]}
2026-09-04 22:43:46.988426 SoundCore{scbody.dylib}[28649] <NOTICE>: SCBODY CAPTURE #77 END
2026-09-04 22:43:46.988434 SoundCore{scbody.dylib}[28649] <NOTICE>: SCBODY HDR Content-Type: application/json
2026-09-04 22:43:46.988441 SoundCore{scbody.dylib}[28649] <NOTICE>: SCBODY HDRSNAP Content-Type: application/json
2026-09-04 22:43:46.988447 SoundCore{scbody.dylib}[28649] <NOTICE>: SCBODY HDRSNAP Gtoken: d687c9a1917e28eeca9fafd068e71279
2026-09-04 22:43:46.988453 SoundCore{scbody.dylib}[28649] <NOTICE>: SCBODY HDRSNAP X-Request-Ts: 1788587026
2026-09-04 22:43:46.988459 SoundCore{scbody.dylib}[28649] <NOTICE>: SCBODY HDRSNAP sys_version: 26.5.1
2026-09-04 22:43:46.988466 SoundCore{scbody.dylib}[28649] <NOTICE>: SCBODY HDRSNAP Openudid: DEB03254-8942-4310-A8CA-57EBE5F7CBA0
2026-09-04 22:43:46.988472 SoundCore{scbody.dylib}[28649] <NOTICE>: SCBODY HDRSNAP X-Request-Once: 6DE31975-15B2-41A8-9C70-2D125890F5BB
2026-09-04 22:43:46.988480 SoundCore{scbody.dylib}[28649] <NOTICE>: SCBODY HDRSNAP unique-sign: c17e2f06fa90719fe288c9ab9e78319c
2026-09-04 22:43:46.988486 SoundCore{scbody.dylib}[28649] <NOTICE>: SCBODY HDRSNAP token: d6efd6e8982a50f5b1aace80737bebd9
2026-09-04 22:43:46.988493 SoundCore{scbody.dylib}[28649] <NOTICE>: SCBODY HDRSNAP language: en
2026-09-04 22:43:46.988502 SoundCore{scbody.dylib}[28649] <NOTICE>: SCBODY HDRSNAP terminal-id: DEB03254-8942-4310-A8CA-57EBE5F7CBA0
2026-09-04 22:43:46.988509 SoundCore{scbody.dylib}[28649] <NOTICE>: SCBODY HDRSNAP User-Agent: Soundcore-iOS-5.0.02
2026-09-04 22:43:46.988515 SoundCore{scbody.dylib}[28649] <NOTICE>: SCBODY HDRSNAP timezone: America/Los_Angeles
2026-09-04 22:43:46.988525 SoundCore{scbody.dylib}[28649] <NOTICE>: SCBODY HDRSNAP phone_virtual_id: DEB03254-8942-4310-A8CA-57EBE5F7CBA0
2026-09-04 22:43:46.988532 SoundCore{scbody.dylib}[28649] <NOTICE>: SCBODY HDRSNAP country: US
2026-09-04 22:43:46.988538 SoundCore{scbody.dylib}[28649] <NOTICE>: SCBODY HDRSNAP X-App-Key: soundcore
2026-09-04 22:43:46.988544 SoundCore{scbody.dylib}[28649] <NOTICE>: SCBODY HDRSNAP AnkerBG: SPEAKER
2026-09-04 22:43:46.988604 SoundCore{scbody.dylib}[28649] <NOTICE>: SCBODY MODIFY 265 -> 265 bytes
2026-09-04 22:43:46.988877 SoundCore{scbody.dylib}[28649] <NOTICE>: SCBODY CAPTURE #78 src=httpBody url=https://speaker.eufylife.com/api/v2/speaker/firmware/upgrade_check/batch len=376 score=0 BEGIN
2026-09-04 22:43:46.988889 SoundCore{scbody.dylib}[28649] <NOTICE>: SCBODY #78 seg 1/3 MTc4ODU4NzAyNjk4ODY4MMwvjZMxH3w6SxsOxrCSTOYkfIIQGXzM6lz06regxF0yqS/6WjRw2fP3LwjNXgodcgg7S4dL+yufjgH5rPKBQylgTUiB46UHcZovWid7qXpOZ2OLaXsQVgDKE/6TAAQeFbZY70jHWLHI
2026-09-04 22:43:46.988896 SoundCore{scbody.dylib}[28649] <NOTICE>: SCBODY #78 seg 2/3 xqr2z+qwdPtl20G5Ly5AJciMUAtF3/8APa0Crz2ZXaU0AL/6wKX1kYza9aTRL5n+zoF6HokL8kDeOfwVB4rXZu3eLotpJlr3SQhhhpanNkxWSZmHt/CJRwlaYvZ/mndvyLq2nsDpfain9mG4FtnTTz0Ss8qnPQQC
2026-09-04 22:43:46.988914 SoundCore{scbody.dylib}[28649] <NOTICE>: SCBODY #78 seg 3/3 cLGmoeMUwV4Plgl0TqoOe4436j7UmutMSVUWCCgPHNhXx7wwv7OMBKw=
2026-09-04 22:43:46.988923 SoundCore{scbody.dylib}[28649] <NOTICE>: SCBODY CAPTURE #78 END
2026-09-04 22:43:46.988934 SoundCore{scbody.dylib}[28649] <NOTICE>: SCBODY HDRSNAP Content-Type: application/json
2026-09-04 22:43:46.988941 SoundCore{scbody.dylib}[28649] <NOTICE>: SCBODY HDRSNAP Gtoken: d687c9a1917e28eeca9fafd068e71279
2026-09-04 22:43:46.988948 SoundCore{scbody.dylib}[28649] <NOTICE>: SCBODY HDRSNAP X-Request-Ts: 1788587026
2026-09-04 22:43:46.988954 SoundCore{scbody.dylib}[28649] <NOTICE>: SCBODY HDRSNAP sys_version: 26.5.1
2026-09-04 22:43:46.988965 SoundCore{scbody.dylib}[28649] <NOTICE>: SCBODY HDRSNAP Openudid: DEB03254-8942-4310-A8CA-57EBE5F7CBA0
2026-09-04 22:43:46.988980 SoundCore{scbody.dylib}[28649] <NOTICE>: SCBODY HDRSNAP X-Request-Once: 6DE31975-15B2-41A8-9C70-2D125890F5BB
2026-09-04 22:43:46.989002 SoundCore{scbody.dylib}[28649] <NOTICE>: SCBODY HDRSNAP unique-sign: c17e2f06fa90719fe288c9ab9e78319c
2026-09-04 22:43:46.989020 SoundCore{scbody.dylib}[28649] <NOTICE>: SCBODY HDRSNAP token: d6efd6e8982a50f5b1aace80737bebd9
2026-09-04 22:43:46.989027 SoundCore{scbody.dylib}[28649] <NOTICE>: SCBODY HDRSNAP language: en
2026-09-04 22:43:46.989042 SoundCore{scbody.dylib}[28649] <NOTICE>: SCBODY HDRSNAP terminal-id: DEB03254-8942-4310-A8CA-57EBE5F7CBA0
2026-09-04 22:43:46.989050 SoundCore{scbody.dylib}[28649] <NOTICE>: SCBODY HDRSNAP User-Agent: Soundcore-iOS-5.0.02
2026-09-04 22:43:46.989058 SoundCore{scbody.dylib}[28649] <NOTICE>: SCBODY HDRSNAP timezone: America/Los_Angeles
2026-09-04 22:43:46.989064 SoundCore{scbody.dylib}[28649] <NOTICE>: SCBODY HDRSNAP phone_virtual_id: DEB03254-8942-4310-A8CA-57EBE5F7CBA0
2026-09-04 22:43:46.989070 SoundCore{scbody.dylib}[28649] <NOTICE>: SCBODY HDRSNAP country: US
2026-09-04 22:43:46.989077 SoundCore{scbody.dylib}[28649] <NOTICE>: SCBODY HDRSNAP X-App-Key: soundcore
2026-09-04 22:43:46.989085 SoundCore{scbody.dylib}[28649] <NOTICE>: SCBODY HDRSNAP AnkerBG: SPEAKER
2026-09-04 22:43:46.989201 SoundCore{scbody.dylib}[28649] <NOTICE>: SCBODY HDRSNAP Content-Type: application/json
2026-09-04 22:43:46.989211 SoundCore{scbody.dylib}[28649] <NOTICE>: SCBODY HDRSNAP Gtoken: d687c9a1917e28eeca9fafd068e71279
2026-09-04 22:43:46.989218 SoundCore{scbody.dylib}[28649] <NOTICE>: SCBODY HDRSNAP X-Request-Ts: 1788587026
2026-09-04 22:43:46.989224 SoundCore{scbody.dylib}[28649] <NOTICE>: SCBODY HDRSNAP sys_version: 26.5.1
2026-09-04 22:43:46.989231 SoundCore{scbody.dylib}[28649] <NOTICE>: SCBODY HDRSNAP Openudid: DEB03254-8942-4310-A8CA-57EBE5F7CBA0
2026-09-04 22:43:46.989237 SoundCore{scbody.dylib}[28649] <NOTICE>: SCBODY HDRSNAP X-Request-Once: 6DE31975-15B2-41A8-9C70-2D125890F5BB
2026-09-04 22:43:46.989254 SoundCore{scbody.dylib}[28649] <NOTICE>: SCBODY HDRSNAP unique-sign: c17e2f06fa90719fe288c9ab9e78319c
2026-09-04 22:43:46.989270 SoundCore{scbody.dylib}[28649] <NOTICE>: SCBODY HDRSNAP token: d6efd6e8982a50f5b1aace80737bebd9
2026-09-04 22:43:46.989277 SoundCore{scbody.dylib}[28649] <NOTICE>: SCBODY HDRSNAP language: en
2026-09-04 22:43:46.989287 SoundCore{scbody.dylib}[28649] <NOTICE>: SCBODY HDRSNAP terminal-id: DEB03254-8942-4310-A8CA-57EBE5F7CBA0
2026-09-04 22:43:46.989297 SoundCore{scbody.dylib}[28649] <NOTICE>: SCBODY HDRSNAP User-Agent: Soundcore-iOS-5.0.02
2026-09-04 22:43:46.989303 SoundCore{scbody.dylib}[28649] <NOTICE>: SCBODY HDRSNAP timezone: America/Los_Angeles
2026-09-04 22:43:46.989309 SoundCore{scbody.dylib}[28649] <NOTICE>: SCBODY HDRSNAP phone_virtual_id: DEB03254-8942-4310-A8CA-57EBE5F7CBA0
2026-09-04 22:43:46.989315 SoundCore{scbody.dylib}[28649] <NOTICE>: SCBODY HDRSNAP country: US
2026-09-04 22:43:46.989322 SoundCore{scbody.dylib}[28649] <NOTICE>: SCBODY HDRSNAP X-App-Key: soundcore
2026-09-04 22:43:46.989328 SoundCore{scbody.dylib}[28649] <NOTICE>: SCBODY HDRSNAP AnkerBG: SPEAKER
2026-09-04 22:43:46.989350 SoundCore{scbody.dylib}[28649] <NOTICE>: SCBODY HDR Transfer-Encoding:
2026-09-04 22:43:46.990878 SoundCore{scbody.dylib}[28649] <NOTICE>: SCBODY CAPTURE #79 src=json url=(none) len=737 score=2 BEGIN
2026-09-04 22:43:46.990889 SoundCore{scbody.dylib}[28649] <NOTICE>: SCBODY #79 seg 1/5 {"events":[{"value_string":"{\"res_code\":1,\"content\":{\"num\":0,\"state\":\"\",\"delay\":0},\"product_code\":\"\",\"id\":0,\"open_browser\":0,\"message\":\"S
2026-09-04 22:43:46.990896 SoundCore{scbody.dylib}[28649] <NOTICE>: SCBODY #79 seg 2/5 UCCESS\",\"is_need\":false,\"type\":\"\",\"url\":{\"web\":\"\",\"app\":\"\",\"share\":\"\"}}","module":"POP","time":"1788587026","device_id":"","mac":"30:33:45:
2026-09-04 22:43:46.990905 SoundCore{scbody.dylib}[28649] <NOTICE>: SCBODY #79 seg 3/5 44:31:36:35:41:2D:39:44:44:46:2D:33:41:37:36:2D:45:43:30:33:2D:43:43:30:42:33:31:41:46:38:30:43:31","product_code":"D1301S","sn":"13017CE9136B47AC","type":"1","
2026-09-04 22:43:46.990912 SoundCore{scbody.dylib}[28649] <NOTICE>: SCBODY #79 seg 4/5 name":"APP_POP_REQUEST_FAIL"}],"country":"US","sys_type":"iOS","http_user_agent":"soundcore-iOS-5.0.02","phone_model":"iPhone18,5","uuid":"DEB03254-8942-4310-A8
2026-09-04 22:43:46.990922 SoundCore{scbody.dylib}[28649] <NOTICE>: SCBODY #79 seg 5/5 CA-57EBE5F7CBA0","user_id":"","phone_name":"iPhone","sys_version":"26.5.1","phone_brand":"Apple"}
2026-09-04 22:43:46.990929 SoundCore{scbody.dylib}[28649] <NOTICE>: SCBODY CAPTURE #79 END
2026-09-04 22:43:47.003272 SoundCore{scbody.dylib}[28649] <NOTICE>: SCBODY CAPTURE #80 src=json url=(none) len=526 score=2 BEGIN
2026-09-04 22:43:47.003280 SoundCore{scbody.dylib}[28649] <NOTICE>: SCBODY #80 seg 1/4 {"events":[{"value_string":"1","module":"MY_LIBRARY","time":"1788587027","device_id":"","mac":"30:33:45:44:31:36:35:41:2D:39:44:44:46:2D:33:41:37:36:2D:45:43:30
2026-09-04 22:43:47.003287 SoundCore{scbody.dylib}[28649] <NOTICE>: SCBODY #80 seg 2/4 :33:2D:43:43:30:42:33:31:41:46:38:30:43:31","product_code":"D1301S","sn":"13017CE9136B47AC","type":"1","name":"APP_MY_LIBRARY_MUSIC_INFO"}],"country":"US","sys_
2026-09-04 22:43:47.003302 SoundCore{scbody.dylib}[28649] <NOTICE>: SCBODY #80 seg 3/4 type":"iOS","http_user_agent":"soundcore-iOS-5.0.02","phone_model":"iPhone18,5","uuid":"DEB03254-8942-4310-A8CA-57EBE5F7CBA0","user_id":"","phone_name":"iPhone"
2026-09-04 22:43:47.003311 SoundCore{scbody.dylib}[28649] <NOTICE>: SCBODY #80 seg 4/4 ,"sys_version":"26.5.1","phone_brand":"Apple"}
2026-09-04 22:43:47.003318 SoundCore{scbody.dylib}[28649] <NOTICE>: SCBODY CAPTURE #80 END
2026-09-04 22:43:47.016309 SoundCore{scbody.dylib}[28649] <NOTICE>: SCBODY MODIFY 131 -> 131 bytes
2026-09-04 22:43:47.016438 SoundCore{scbody.dylib}[28649] <NOTICE>: SCBODY MODIFY 131 -> 131 bytes
2026-09-04 22:43:47.098346 SoundCore{scbody.dylib}[28649] <NOTICE>: SCBODY CAPTURE #81 src=resp url=(none) len=888 score=8 BEGIN
2026-09-04 22:43:47.098359 SoundCore{scbody.dylib}[28649] <NOTICE>: SCBODY #81 seg 1/6 {"res_code":1,"message":"SUCCESS","upgrade_list":[{"needUpdate":true,"lastPackage":{"id":"8e885caf-e6e2-4607-8877-ccd91502bc63","product_code":"D1301S","product
2026-09-04 22:43:47.098371 SoundCore{scbody.dylib}[28649] <NOTICE>: SCBODY #81 seg 2/6 _name":"Sleep A30 Special","product_component":"ALL","product_language":"","product_icon":"","version":"1.07","is_forced":false,"can_return":true,"md5":"cdca27d
2026-09-04 22:43:47.098378 SoundCore{scbody.dylib}[28649] <NOTICE>: SCBODY #81 seg 3/6 1f975fac8609ecaff70ab7fbc","change_log":"1. Optimized tap controls\n2. Bug fixes and other improvements","url":"https://d2htfo7ft368vg.cloudfront.net/upgrade/pr
2026-09-04 22:43:47.098385 SoundCore{scbody.dylib}[28649] <NOTICE>: SCBODY #81 seg 4/6 od/1775099301461220_D1301S_ota_01.07_release_20260304162801.bin","size":1313572,"update_time":1776850177,"upgrade_scheme":0,"ext":{"file_name":"D1301S_ota_01.07
2026-09-04 22:43:47.098395 SoundCore{scbody.dylib}[28649] <NOTICE>: SCBODY #81 seg 5/6 _release_20260304162801.bin","desc":"","addr_begin":"","addr_offset":"","ios_upgrade_time":5,"android_upgrade_time":5,"instruction_set":[],"base_version":"","re
2026-09-04 22:43:47.098404 SoundCore{scbody.dylib}[28649] <NOTICE>: SCBODY #81 seg 6/6 quire_box_version":""},"force_option":"NONE"}},{"needUpdate":false,"lastPackage":null}]}
2026-09-04 22:43:47.098411 SoundCore{scbody.dylib}[28649] <NOTICE>: SCBODY CAPTURE #81 END
2026-09-04 22:43:47.098419 SoundCore{scbody.dylib}[28649] <NOTICE>: SCBODY CAPTURE #82 src=json url=(none) len=935 score=8 BEGIN
2026-09-04 22:43:47.098429 SoundCore{scbody.dylib}[28649] <NOTICE>: SCBODY #82 seg 1/6 {"res_code":1,"data":{"message":"SUCCESS","upgrade_list":[{"needUpdate":true,"lastPackage":{"id":"8e885caf-e6e2-4607-8877-ccd91502bc63","upgrade_scheme":0,"prod
2026-09-04 22:43:47.098439 SoundCore{scbody.dylib}[28649] <NOTICE>: SCBODY #82 seg 2/6 uct_name":"Sleep A30 Special","version":"1.07","product_language":"","force_option":"NONE","url":"https:\/\/d2htfo7ft368vg.cloudfront.net\/upgrade\/prod\/177509
2026-09-04 22:43:47.098446 SoundCore{scbody.dylib}[28649] <NOTICE>: SCBODY #82 seg 3/6 9301461220_D1301S_ota_01.07_release_20260304162801.bin","is_forced":false,"size":1313572,"change_log":"1. Optimized tap controls\n2. Bug fixes and other improve
2026-09-04 22:43:47.098452 SoundCore{scbody.dylib}[28649] <NOTICE>: SCBODY #82 seg 4/6 ments","ext":{"android_upgrade_time":5,"ios_upgrade_time":5,"addr_begin":"","require_box_version":"","file_name":"D1301S_ota_01.07_release_20260304162801.bin","
2026-09-04 22:43:47.098472 SoundCore{scbody.dylib}[28649] <NOTICE>: SCBODY #82 seg 5/6 instruction_set":[],"base_version":"","addr_offset":"","desc":""},"product_icon":"","product_code":"D1301S","product_component":"ALL","can_return":true,"md5":"c
2026-09-04 22:43:47.098480 SoundCore{scbody.dylib}[28649] <NOTICE>: SCBODY #82 seg 6/6 dca27d1f975fac8609ecaff70ab7fbc","update_time":1776850177}},{"needUpdate":false,"lastPackage":null}],"res_code":1},"message":"SUCCESS"}
2026-09-04 22:43:47.098490 SoundCore{scbody.dylib}[28649] <NOTICE>: SCBODY CAPTURE #82 END
2026-09-04 22:43:47.174330 SoundCore{scbody.dylib}[28649] <NOTICE>: SCBODY CAPTURE #83 src=json url=(none) len=1464 score=2 BEGIN
2026-09-04 22:43:47.174337 SoundCore{scbody.dylib}[28649] <NOTICE>: SCBODY #83 seg 1/10 {"anonymous_id":"25175005-856F-4AAB-A276-01988F6459F5","_track_id":3089434829,"event":"SC_HOME_DEVICE_PAGEVIEW","time":1788587027173,"identities":{"$identity_id
2026-09-04 22:43:47.174344 SoundCore{scbody.dylib}[28649] <NOTICE>: SCBODY #83 seg 2/10 fv":"E0D81581-DDEB-449A-BBBF-566EB2CC2EB3","identity_deviceid_sn":"8184731F-E09A-43AE-A72B-D38009464EA4||13017CE9136B47AC","$identity_anonymous_id":"25175005-85
2026-09-04 22:43:47.174351 SoundCore{scbody.dylib}[28649] <NOTICE>: SCBODY #83 seg 3/10 6F-4AAB-A276-01988F6459F5"},"lib":{"$lib_version":"4.8.3","$lib":"iOS","$app_version":"5.0.02","$lib_method":"code"},"properties":{"device_id":"8184731F-E09A-43
2026-09-04 22:43:47.174359 SoundCore{scbody.dylib}[28649] <NOTICE>: SCBODY #83 seg 4/10 AE-A72B-D38009464EA4","requirement_id":263,"mac":"30:33:45:44:31:36:35:41:2D:39:44:44:46:2D:33:41:37:36:2D:45:43:30:33:2D:43:43:30:42:33:31:41:46:38:30:43:31","
2026-09-04 22:43:47.174365 SoundCore{scbody.dylib}[28649] <NOTICE>: SCBODY #83 seg 5/10 $timezone_offset":420,"$os_version":"26.5.1","firmware_version":"01.07","country":"US","$lib_method":"code","$device_id":"E0D81581-DDEB-449A-BBBF-566EB2CC2EB3",
2026-09-04 22:43:47.174372 SoundCore{scbody.dylib}[28649] <NOTICE>: SCBODY #83 seg 6/10 "case_battery":4,"$lib":"iOS","$manufacturer":"Apple","$os":"iOS","uuid":"8184731F-E09A-43AE-A72B-D38009464EA4","$model":"iPhone18,5","sleep_stage":"play_local_
2026-09-04 22:43:47.174380 SoundCore{scbody.dylib}[28649] <NOTICE>: SCBODY #83 seg 7/10 audio","app_line":"SoundCore","$lib_version":"4.8.3","$screen_width":390,"l_ear_battery":10,"is_secret":false,"$app_name":"soundcore","product_code":"D1301S","$
2026-09-04 22:43:47.174419 SoundCore{scbody.dylib}[28649] <NOTICE>: SCBODY #83 seg 8/10 app_id":"com.oceanwing.SoundCore.G8AW4BQ7RV","$screen_height":844,"track_sign":"aSC_HOME_DEVICE.b116.PAGEVIEW.SC_HOME_DEVICE_PAGEVIEW","$network_type":"WIFI","$
2026-09-04 22:43:47.174436 SoundCore{scbody.dylib}[28649] <NOTICE>: SCBODY #83 seg 9/10 wifi":true,"clock_time":"","$app_version":"5.0.02","sn":"13017CE9136B47AC","r_ear_battery":10,"$is_first_day":true},"distinct_id":"25175005-856F-4AAB-A276-01988
2026-09-04 22:43:47.174450 SoundCore{scbody.dylib}[28649] <NOTICE>: SCBODY #83 seg 10/10 F6459F5","type":"track"}
2026-09-04 22:43:47.174471 SoundCore{scbody.dylib}[28649] <NOTICE>: SCBODY CAPTURE #83 END
2026-09-04 22:43:47.174496 SoundCore{scbody.dylib}[28649] <NOTICE>: SCBODY MODIFY 1464 -> 1464 bytes
2026-09-04 22:43:47.174536 SoundCore{scbody.dylib}[28649] <NOTICE>: SCBODY CAPTURE #84 src=json-mod url=(none) len=1464 score=2 BEGIN
2026-09-04 22:43:47.174543 SoundCore{scbody.dylib}[28649] <NOTICE>: SCBODY #84 seg 1/10 {"anonymous_id":"25175005-856F-4AAB-A276-01988F6459F5","_track_id":3089434829,"event":"SC_HOME_DEVICE_PAGEVIEW","time":1788587027173,"identities":{"$identity_id
2026-09-04 22:43:47.174559 SoundCore{scbody.dylib}[28649] <NOTICE>: SCBODY #84 seg 2/10 fv":"E0D81581-DDEB-449A-BBBF-566EB2CC2EB3","identity_deviceid_sn":"8184731F-E09A-43AE-A72B-D38009464EA4||13017CE9136B47AC","$identity_anonymous_id":"25175005-85
2026-09-04 22:43:47.174566 SoundCore{scbody.dylib}[28649] <NOTICE>: SCBODY #84 seg 3/10 6F-4AAB-A276-01988F6459F5"},"lib":{"$lib_version":"4.8.3","$lib":"iOS","$app_version":"5.0.02","$lib_method":"code"},"properties":{"device_id":"8184731F-E09A-43
2026-09-04 22:43:47.174572 SoundCore{scbody.dylib}[28649] <NOTICE>: SCBODY #84 seg 4/10 AE-A72B-D38009464EA4","requirement_id":263,"mac":"30:33:45:44:31:36:35:41:2D:39:44:44:46:2D:33:41:37:36:2D:45:43:30:33:2D:43:43:30:42:33:31:41:46:38:30:43:31","
2026-09-04 22:43:47.174583 SoundCore{scbody.dylib}[28649] <NOTICE>: SCBODY #84 seg 5/10 $timezone_offset":420,"$os_version":"26.5.1","firmware_version":"01.05","country":"US","$lib_method":"code","$device_id":"E0D81581-DDEB-449A-BBBF-566EB2CC2EB3",
2026-09-04 22:43:47.174590 SoundCore{scbody.dylib}[28649] <NOTICE>: SCBODY #84 seg 6/10 "case_battery":4,"$lib":"iOS","$manufacturer":"Apple","$os":"iOS","uuid":"8184731F-E09A-43AE-A72B-D38009464EA4","$model":"iPhone18,5","sleep_stage":"play_local_
2026-09-04 22:43:47.174603 SoundCore{scbody.dylib}[28649] <NOTICE>: SCBODY #84 seg 7/10 audio","app_line":"SoundCore","$lib_version":"4.8.3","$screen_width":390,"l_ear_battery":10,"is_secret":false,"$app_name":"soundcore","product_code":"D1301S","$
2026-09-04 22:43:47.174615 SoundCore{scbody.dylib}[28649] <NOTICE>: SCBODY #84 seg 8/10 app_id":"com.oceanwing.SoundCore.G8AW4BQ7RV","$screen_height":844,"track_sign":"aSC_HOME_DEVICE.b116.PAGEVIEW.SC_HOME_DEVICE_PAGEVIEW","$network_type":"WIFI","$
2026-09-04 22:43:47.174632 SoundCore{scbody.dylib}[28649] <NOTICE>: SCBODY #84 seg 9/10 wifi":true,"clock_time":"","$app_version":"5.0.02","sn":"13017CE9136B47AC","r_ear_battery":10,"$is_first_day":true},"distinct_id":"25175005-856F-4AAB-A276-01988
2026-09-04 22:43:47.174639 SoundCore{scbody.dylib}[28649] <NOTICE>: SCBODY #84 seg 10/10 F6459F5","type":"track"}
2026-09-04 22:43:47.174645 SoundCore{scbody.dylib}[28649] <NOTICE>: SCBODY CAPTURE #84 END
2026-09-04 22:43:47.379674 SoundCore{scbody.dylib}[28649] <NOTICE>: SCBODY CAPTURE #85 src=json url=(none) len=1669 score=2 BEGIN
2026-09-04 22:43:47.379693 SoundCore{scbody.dylib}[28649] <NOTICE>: SCBODY #85 seg 1/11 {"anonymous_id":"25175005-856F-4AAB-A276-01988F6459F5","_track_id":3273894529,"event":"SC_NEW_DEV_USE_INFO","time":1788587027378,"identities":{"$identity_idfv":
2026-09-04 22:43:47.379703 SoundCore{scbody.dylib}[28649] <NOTICE>: SCBODY #85 seg 2/11 "E0D81581-DDEB-449A-BBBF-566EB2CC2EB3","identity_deviceid_sn":"8184731F-E09A-43AE-A72B-D38009464EA4||13017CE9136B47AC","$identity_anonymous_id":"25175005-856F-4
2026-09-04 22:43:47.379711 SoundCore{scbody.dylib}[28649] <NOTICE>: SCBODY #85 seg 3/11 AAB-A276-01988F6459F5"},"lib":{"$lib_version":"4.8.3","$lib":"iOS","$app_version":"5.0.02","$lib_method":"code"},"properties":{"$os":"iOS","$screen_width":390,"
2026-09-04 22:43:47.379721 SoundCore{scbody.dylib}[28649] <NOTICE>: SCBODY #85 seg 4/11 $app_version":"5.0.02","country":"US","sn":"13017CE9136B47AC","is_secret":false,"$is_first_day":true,"$model":"iPhone18,5","$device_id":"E0D81581-DDEB-449A-BBBF
2026-09-04 22:43:47.379729 SoundCore{scbody.dylib}[28649] <NOTICE>: SCBODY #85 seg 5/11 -566EB2CC2EB3","uuid":"8184731F-E09A-43AE-A72B-D38009464EA4","requirement_id":"53","$network_type":"WIFI","firmware_version":"01.07","$app_name":"soundcore","$w
2026-09-04 22:43:47.379755 SoundCore{scbody.dylib}[28649] <NOTICE>: SCBODY #85 seg 6/11 ifi":true,"device_id":"8184731F-E09A-43AE-A72B-D38009464EA4","$timezone_offset":420,"earside":0,"mac":"30:33:45:44:31:36:35:41:2D:39:44:44:46:2D:33:41:37:36:2D:
2026-09-04 22:43:47.379774 SoundCore{scbody.dylib}[28649] <NOTICE>: SCBODY #85 seg 7/11 45:43:30:33:2D:43:43:30:42:33:31:41:46:38:30:43:31","app_line":"SoundCore","$screen_height":844,"track_sign":"aSC_INFO.INFO.SC_NEW_DEV_USE_INFO.252","d14_228":"
2026-09-04 22:43:47.379795 SoundCore{scbody.dylib}[28649] <NOTICE>: SCBODY #85 seg 8/11 [1, 172, 71, 107, 19, 233, 124, 109, 132, 107, 19, 233, 124, 48, 49, 46, 48, 55, 49, 48, 52, 48, 87, 57, 72, 52, 55, 53, 87, 78, 66, 83, 48, 53, 48, 54, 55, 2,
2026-09-04 22:43:47.379805 SoundCore{scbody.dylib}[28649] <NOTICE>: SCBODY #85 seg 9/11 14, 172, 155, 106, 25, 0, 100, 40, 0, 0, 20, 31, 7, 1, 0, 1, 0, 0, 204, 14, 172, 155, 106, 13, 0, 100, 40, 0, 0, 20, 31, 7, 1, 0, 1, 0, 0, 204]","$lib_method":"
2026-09-04 22:43:47.379813 SoundCore{scbody.dylib}[28649] <NOTICE>: SCBODY #85 seg 10/11 code","$lib_version":"4.8.3","$os_version":"26.5.1","$lib":"iOS","$manufacturer":"Apple","product_code":"D1301S","$app_id":"com.oceanwing.SoundCore.G8AW4BQ7RV"}
2026-09-04 22:43:47.379842 SoundCore{scbody.dylib}[28649] <NOTICE>: SCBODY #85 seg 11/11 ,"distinct_id":"25175005-856F-4AAB-A276-01988F6459F5","type":"track"}
2026-09-04 22:43:47.379861 SoundCore{scbody.dylib}[28649] <NOTICE>: SCBODY CAPTURE #85 END
2026-09-04 22:43:47.379872 SoundCore{scbody.dylib}[28649] <NOTICE>: SCBODY MODIFY 1669 -> 1669 bytes
2026-09-04 22:43:47.379997 SoundCore{scbody.dylib}[28649] <NOTICE>: SCBODY CAPTURE #86 src=json-mod url=(none) len=1669 score=2 BEGIN
2026-09-04 22:43:47.380030 SoundCore{scbody.dylib}[28649] <NOTICE>: SCBODY #86 seg 1/11 {"anonymous_id":"25175005-856F-4AAB-A276-01988F6459F5","_track_id":3273894529,"event":"SC_NEW_DEV_USE_INFO","time":1788587027378,"identities":{"$identity_idfv":
2026-09-04 22:43:47.380042 SoundCore{scbody.dylib}[28649] <NOTICE>: SCBODY #86 seg 2/11 "E0D81581-DDEB-449A-BBBF-566EB2CC2EB3","identity_deviceid_sn":"8184731F-E09A-43AE-A72B-D38009464EA4||13017CE9136B47AC","$identity_anonymous_id":"25175005-856F-4
2026-09-04 22:43:47.380076 SoundCore{scbody.dylib}[28649] <NOTICE>: SCBODY #86 seg 3/11 AAB-A276-01988F6459F5"},"lib":{"$lib_version":"4.8.3","$lib":"iOS","$app_version":"5.0.02","$lib_method":"code"},"properties":{"$os":"iOS","$screen_width":390,"
2026-09-04 22:43:47.380096 SoundCore{scbody.dylib}[28649] <NOTICE>: SCBODY #86 seg 4/11 $app_version":"5.0.02","country":"US","sn":"13017CE9136B47AC","is_secret":false,"$is_first_day":true,"$model":"iPhone18,5","$device_id":"E0D81581-DDEB-449A-BBBF
2026-09-04 22:43:47.380107 SoundCore{scbody.dylib}[28649] <NOTICE>: SCBODY #86 seg 5/11 -566EB2CC2EB3","uuid":"8184731F-E09A-43AE-A72B-D38009464EA4","requirement_id":"53","$network_type":"WIFI","firmware_version":"01.05","$app_name":"soundcore","$w
2026-09-04 22:43:47.380116 SoundCore{scbody.dylib}[28649] <NOTICE>: SCBODY #86 seg 6/11 ifi":true,"device_id":"8184731F-E09A-43AE-A72B-D38009464EA4","$timezone_offset":420,"earside":0,"mac":"30:33:45:44:31:36:35:41:2D:39:44:44:46:2D:33:41:37:36:2D:
2026-09-04 22:43:47.380128 SoundCore{scbody.dylib}[28649] <NOTICE>: SCBODY #86 seg 7/11 45:43:30:33:2D:43:43:30:42:33:31:41:46:38:30:43:31","app_line":"SoundCore","$screen_height":844,"track_sign":"aSC_INFO.INFO.SC_NEW_DEV_USE_INFO.252","d14_228":"
2026-09-04 22:43:47.380136 SoundCore{scbody.dylib}[28649] <NOTICE>: SCBODY #86 seg 8/11 [1, 172, 71, 107, 19, 233, 124, 109, 132, 107, 19, 233, 124, 48, 49, 46, 48, 55, 49, 48, 52, 48, 87, 57, 72, 52, 55, 53, 87, 78, 66, 83, 48, 53, 48, 54, 55, 2,
2026-09-04 22:43:47.380144 SoundCore{scbody.dylib}[28649] <NOTICE>: SCBODY #86 seg 9/11 14, 172, 155, 106, 25, 0, 100, 40, 0, 0, 20, 31, 7, 1, 0, 1, 0, 0, 204, 14, 172, 155, 106, 13, 0, 100, 40, 0, 0, 20, 31, 7, 1, 0, 1, 0, 0, 204]","$lib_method":"
2026-09-04 22:43:47.380170 SoundCore{scbody.dylib}[28649] <NOTICE>: SCBODY #86 seg 10/11 code","$lib_version":"4.8.3","$os_version":"26.5.1","$lib":"iOS","$manufacturer":"Apple","product_code":"D1301S","$app_id":"com.oceanwing.SoundCore.G8AW4BQ7RV"}
2026-09-04 22:43:47.380178 SoundCore{scbody.dylib}[28649] <NOTICE>: SCBODY #86 seg 11/11 ,"distinct_id":"25175005-856F-4AAB-A276-01988F6459F5","type":"track"}
2026-09-04 22:43:47.380186 SoundCore{scbody.dylib}[28649] <NOTICE>: SCBODY CAPTURE #86 END
2026-09-04 22:43:48.594754 SoundCore{scbody.dylib}[28649] <NOTICE>: SCBODY CAPTURE #87 src=json url=(none) len=1475 score=2 BEGIN
2026-09-04 22:43:48.595114 SoundCore{scbody.dylib}[28649] <NOTICE>: SCBODY #87 seg 1/10 {"anonymous_id":"25175005-856F-4AAB-A276-01988F6459F5","_track_id":3074902172,"event":"$AppClick","time":1788587028591,"identities":{"$identity_idfv":"E0D81581-
2026-09-04 22:43:48.595188 SoundCore{scbody.dylib}[28649] <NOTICE>: SCBODY #87 seg 2/10 DDEB-449A-BBBF-566EB2CC2EB3","identity_deviceid_sn":"8184731F-E09A-43AE-A72B-D38009464EA4||13017CE9136B47AC","$identity_anonymous_id":"25175005-856F-4AAB-A276-0
2026-09-04 22:43:48.595463 SoundCore{scbody.dylib}[28649] <NOTICE>: SCBODY #87 seg 3/10 1988F6459F5"},"lib":{"$lib_method":"autoTrack","$lib_version":"4.8.3","$lib":"iOS","$lib_detail":"SoundCore.SCD1301HomeContainerController######","$app_version"
2026-09-04 22:43:48.595528 SoundCore{scbody.dylib}[28649] <NOTICE>: SCBODY #87 seg 4/10 :"5.0.02"},"properties":{"$os":"iOS","$screen_width":390,"$app_version":"5.0.02","country":"US","$title":"Sleep A30 Special","sn":"13017CE9136B47AC","$element_c
2026-09-04 22:43:48.595554 SoundCore{scbody.dylib}[28649] <NOTICE>: SCBODY #87 seg 5/10 ontent":"Next(1\/4)","is_secret":false,"$is_first_day":true,"$model":"iPhone18,5","$device_id":"E0D81581-DDEB-449A-BBBF-566EB2CC2EB3","uuid":"8184731F-E09A-43AE
2026-09-04 22:43:48.595567 SoundCore{scbody.dylib}[28649] <NOTICE>: SCBODY #87 seg 6/10 -A72B-D38009464EA4","$timezone_offset":420,"$network_type":"WIFI","$element_type":"UIButton","firmware_version":"01.07","device_id":"8184731F-E09A-43AE-A72B-D38
2026-09-04 22:43:48.595598 SoundCore{scbody.dylib}[28649] <NOTICE>: SCBODY #87 seg 7/10 009464EA4","$app_name":"soundcore","$wifi":true,"mac":"30:33:45:44:31:36:35:41:2D:39:44:44:46:2D:33:41:37:36:2D:45:43:30:33:2D:43:43:30:42:33:31:41:46:38:30:43:
2026-09-04 22:43:48.595627 SoundCore{scbody.dylib}[28649] <NOTICE>: SCBODY #87 seg 8/10 31","app_line":"SoundCore","$screen_height":844,"$lib_method":"autoTrack","$screen_name":"SoundCore.SCD1301HomeContainerController","$lib_version":"4.8.3","$os_
2026-09-04 22:43:48.595638 SoundCore{scbody.dylib}[28649] <NOTICE>: SCBODY #87 seg 9/10 version":"26.5.1","$lib":"iOS","$manufacturer":"Apple","product_code":"D1301S","$app_id":"com.oceanwing.SoundCore.G8AW4BQ7RV"},"distinct_id":"25175005-856F-4AAB
2026-09-04 22:43:48.595660 SoundCore{scbody.dylib}[28649] <NOTICE>: SCBODY #87 seg 10/10 -A276-01988F6459F5","type":"track"}
2026-09-04 22:43:48.595700 SoundCore{scbody.dylib}[28649] <NOTICE>: SCBODY CAPTURE #87 END
2026-09-04 22:43:48.595714 SoundCore{scbody.dylib}[28649] <NOTICE>: SCBODY MODIFY 1475 -> 1475 bytes
2026-09-04 22:43:48.595734 SoundCore{scbody.dylib}[28649] <NOTICE>: SCBODY CAPTURE #88 src=json-mod url=(none) len=1475 score=2 BEGIN
2026-09-04 22:43:48.595747 SoundCore{scbody.dylib}[28649] <NOTICE>: SCBODY #88 seg 1/10 {"anonymous_id":"25175005-856F-4AAB-A276-01988F6459F5","_track_id":3074902172,"event":"$AppClick","time":1788587028591,"identities":{"$identity_idfv":"E0D81581-
2026-09-04 22:43:48.595775 SoundCore{scbody.dylib}[28649] <NOTICE>: SCBODY #88 seg 2/10 DDEB-449A-BBBF-566EB2CC2EB3","identity_deviceid_sn":"8184731F-E09A-43AE-A72B-D38009464EA4||13017CE9136B47AC","$identity_anonymous_id":"25175005-856F-4AAB-A276-0
2026-09-04 22:43:48.595786 SoundCore{scbody.dylib}[28649] <NOTICE>: SCBODY #88 seg 3/10 1988F6459F5"},"lib":{"$lib_method":"autoTrack","$lib_version":"4.8.3","$lib":"iOS","$lib_detail":"SoundCore.SCD1301HomeContainerController######","$app_version"
2026-09-04 22:43:48.595796 SoundCore{scbody.dylib}[28649] <NOTICE>: SCBODY #88 seg 4/10 :"5.0.02"},"properties":{"$os":"iOS","$screen_width":390,"$app_version":"5.0.02","country":"US","$title":"Sleep A30 Special","sn":"13017CE9136B47AC","$element_c
2026-09-04 22:43:48.595805 SoundCore{scbody.dylib}[28649] <NOTICE>: SCBODY #88 seg 5/10 ontent":"Next(1\/4)","is_secret":false,"$is_first_day":true,"$model":"iPhone18,5","$device_id":"E0D81581-DDEB-449A-BBBF-566EB2CC2EB3","uuid":"8184731F-E09A-43AE
2026-09-04 22:43:48.595856 SoundCore{scbody.dylib}[28649] <NOTICE>: SCBODY #88 seg 6/10 -A72B-D38009464EA4","$timezone_offset":420,"$network_type":"WIFI","$element_type":"UIButton","firmware_version":"01.05","device_id":"8184731F-E09A-43AE-A72B-D38
2026-09-04 22:43:48.595889 SoundCore{scbody.dylib}[28649] <NOTICE>: SCBODY #88 seg 7/10 009464EA4","$app_name":"soundcore","$wifi":true,"mac":"30:33:45:44:31:36:35:41:2D:39:44:44:46:2D:33:41:37:36:2D:45:43:30:33:2D:43:43:30:42:33:31:41:46:38:30:43:
2026-09-04 22:43:48.595900 SoundCore{scbody.dylib}[28649] <NOTICE>: SCBODY #88 seg 8/10 31","app_line":"SoundCore","$screen_height":844,"$lib_method":"autoTrack","$screen_name":"SoundCore.SCD1301HomeContainerController","$lib_version":"4.8.3","$os_
2026-09-04 22:43:48.595928 SoundCore{scbody.dylib}[28649] <NOTICE>: SCBODY #88 seg 9/10 version":"26.5.1","$lib":"iOS","$manufacturer":"Apple","product_code":"D1301S","$app_id":"com.oceanwing.SoundCore.G8AW4BQ7RV"},"distinct_id":"25175005-856F-4AAB
2026-09-04 22:43:48.595937 SoundCore{scbody.dylib}[28649] <NOTICE>: SCBODY #88 seg 10/10 -A276-01988F6459F5","type":"track"}
2026-09-04 22:43:48.595989 SoundCore{scbody.dylib}[28649] <NOTICE>: SCBODY CAPTURE #88 END
2026-09-04 22:43:48.604588 SoundCore{scbody.dylib}[28649] <NOTICE>: SCBODY CAPTURE #89 src=json url=(none) len=1400 score=2 BEGIN
2026-09-04 22:43:48.604663 SoundCore{scbody.dylib}[28649] <NOTICE>: SCBODY #89 seg 1/9 {"anonymous_id":"25175005-856F-4AAB-A276-01988F6459F5","_track_id":4138502098,"event":"SC_START_GUIDE_CLICK","time":1788587028593,"identities":{"$identity_idfv"
2026-09-04 22:43:48.604749 SoundCore{scbody.dylib}[28649] <NOTICE>: SCBODY #89 seg 2/9 :"E0D81581-DDEB-449A-BBBF-566EB2CC2EB3","identity_deviceid_sn":"8184731F-E09A-43AE-A72B-D38009464EA4||13017CE9136B47AC","$identity_anonymous_id":"25175005-856F-
2026-09-04 22:43:48.604790 SoundCore{scbody.dylib}[28649] <NOTICE>: SCBODY #89 seg 3/9 4AAB-A276-01988F6459F5"},"lib":{"$lib_version":"4.8.3","$lib":"iOS","$app_version":"5.0.02","$lib_method":"code"},"properties":{"$os":"iOS","$screen_width":390,
2026-09-04 22:43:48.604810 SoundCore{scbody.dylib}[28649] <NOTICE>: SCBODY #89 seg 4/9 "$app_version":"5.0.02","country":"US","duration":1.66145396232605,"sn":"13017CE9136B47AC","is_secret":false,"device_id":"8184731F-E09A-43AE-A72B-D38009464EA4",
2026-09-04 22:43:48.604893 SoundCore{scbody.dylib}[28649] <NOTICE>: SCBODY #89 seg 5/9 "$is_first_day":true,"$device_id":"E0D81581-DDEB-449A-BBBF-566EB2CC2EB3","uuid":"8184731F-E09A-43AE-A72B-D38009464EA4","requirement_id":262,"$model":"iPhone18,5
2026-09-04 22:43:48.604980 SoundCore{scbody.dylib}[28649] <NOTICE>: SCBODY #89 seg 6/9 ","$network_type":"WIFI","$app_name":"soundcore","page_name":"1","$wifi":true,"$timezone_offset":420,"firmware_version":"01.07","mac":"30:33:45:44:31:36:35:41:2
2026-09-04 22:43:48.604993 SoundCore{scbody.dylib}[28649] <NOTICE>: SCBODY #89 seg 7/9 D:39:44:44:46:2D:33:41:37:36:2D:45:43:30:33:2D:43:43:30:42:33:31:41:46:38:30:43:31","app_line":"SoundCore","$screen_height":844,"track_sign":"aSC_START_GUIDE.b1
2026-09-04 22:43:48.605004 SoundCore{scbody.dylib}[28649] <NOTICE>: SCBODY #89 seg 8/9 59.c650.CLICK.SC_START_GUIDE_CLICK","$lib_method":"code","$lib_version":"4.8.3","$os_version":"26.5.1","$lib":"iOS","$manufacturer":"Apple","product_code":"D130
2026-09-04 22:43:48.605015 SoundCore{scbody.dylib}[28649] <NOTICE>: SCBODY #89 seg 9/9 1S","$app_id":"com.oceanwing.SoundCore.G8AW4BQ7RV"},"distinct_id":"25175005-856F-4AAB-A276-01988F6459F5","type":"track"}
2026-09-04 22:43:48.605029 SoundCore{scbody.dylib}[28649] <NOTICE>: SCBODY CAPTURE #89 END
2026-09-04 22:43:48.605067 SoundCore{scbody.dylib}[28649] <NOTICE>: SCBODY MODIFY 1400 -> 1400 bytes
2026-09-04 22:43:48.605082 SoundCore{scbody.dylib}[28649] <NOTICE>: SCBODY CAPTURE #90 src=json-mod url=(none) len=1400 score=2 BEGIN
2026-09-04 22:43:48.605095 SoundCore{scbody.dylib}[28649] <NOTICE>: SCBODY #90 seg 1/9 {"anonymous_id":"25175005-856F-4AAB-A276-01988F6459F5","_track_id":4138502098,"event":"SC_START_GUIDE_CLICK","time":1788587028593,"identities":{"$identity_idfv"
2026-09-04 22:43:48.605105 SoundCore{scbody.dylib}[28649] <NOTICE>: SCBODY #90 seg 2/9 :"E0D81581-DDEB-449A-BBBF-566EB2CC2EB3","identity_deviceid_sn":"8184731F-E09A-43AE-A72B-D38009464EA4||13017CE9136B47AC","$identity_anonymous_id":"25175005-856F-
2026-09-04 22:43:48.605148 SoundCore{scbody.dylib}[28649] <NOTICE>: SCBODY #90 seg 3/9 4AAB-A276-01988F6459F5"},"lib":{"$lib_version":"4.8.3","$lib":"iOS","$app_version":"5.0.02","$lib_method":"code"},"properties":{"$os":"iOS","$screen_width":390,
2026-09-04 22:43:48.605158 SoundCore{scbody.dylib}[28649] <NOTICE>: SCBODY #90 seg 4/9 "$app_version":"5.0.02","country":"US","duration":1.66145396232605,"sn":"13017CE9136B47AC","is_secret":false,"device_id":"8184731F-E09A-43AE-A72B-D38009464EA4",
2026-09-04 22:43:48.605168 SoundCore{scbody.dylib}[28649] <NOTICE>: SCBODY #90 seg 5/9 "$is_first_day":true,"$device_id":"E0D81581-DDEB-449A-BBBF-566EB2CC2EB3","uuid":"8184731F-E09A-43AE-A72B-D38009464EA4","requirement_id":262,"$model":"iPhone18,5
2026-09-04 22:43:48.605178 SoundCore{scbody.dylib}[28649] <NOTICE>: SCBODY #90 seg 6/9 ","$network_type":"WIFI","$app_name":"soundcore","page_name":"1","$wifi":true,"$timezone_offset":420,"firmware_version":"01.05","mac":"30:33:45:44:31:36:35:41:2
2026-09-04 22:43:48.605188 SoundCore{scbody.dylib}[28649] <NOTICE>: SCBODY #90 seg 7/9 D:39:44:44:46:2D:33:41:37:36:2D:45:43:30:33:2D:43:43:30:42:33:31:41:46:38:30:43:31","app_line":"SoundCore","$screen_height":844,"track_sign":"aSC_START_GUIDE.b1
2026-09-04 22:43:48.605216 SoundCore{scbody.dylib}[28649] <NOTICE>: SCBODY #90 seg 8/9 59.c650.CLICK.SC_START_GUIDE_CLICK","$lib_method":"code","$lib_version":"4.8.3","$os_version":"26.5.1","$lib":"iOS","$manufacturer":"Apple","product_code":"D130
2026-09-04 22:43:48.605301 SoundCore{scbody.dylib}[28649] <NOTICE>: SCBODY #90 seg 9/9 1S","$app_id":"com.oceanwing.SoundCore.G8AW4BQ7RV"},"distinct_id":"25175005-856F-4AAB-A276-01988F6459F5","type":"track"}
2026-09-04 22:43:48.605318 SoundCore{scbody.dylib}[28649] <NOTICE>: SCBODY CAPTURE #90 END
2026-09-04 22:43:49.529573 SoundCore{scbody.dylib}[28649] <NOTICE>: SCBODY CAPTURE #91 src=json url=(none) len=1475 score=2 BEGIN
2026-09-04 22:43:49.529609 SoundCore{scbody.dylib}[28649] <NOTICE>: SCBODY #91 seg 1/10 {"anonymous_id":"25175005-856F-4AAB-A276-01988F6459F5","_track_id":2428996318,"event":"$AppClick","time":1788587029525,"identities":{"$identity_idfv":"E0D81581-
2026-09-04 22:43:49.529682 SoundCore{scbody.dylib}[28649] <NOTICE>: SCBODY #91 seg 2/10 DDEB-449A-BBBF-566EB2CC2EB3","identity_deviceid_sn":"8184731F-E09A-43AE-A72B-D38009464EA4||13017CE9136B47AC","$identity_anonymous_id":"25175005-856F-4AAB-A276-0
2026-09-04 22:43:49.529852 SoundCore{scbody.dylib}[28649] <NOTICE>: SCBODY #91 seg 3/10 1988F6459F5"},"lib":{"$lib_method":"autoTrack","$lib_version":"4.8.3","$lib":"iOS","$lib_detail":"SoundCore.SCD1301HomeContainerController######","$app_version"
2026-09-04 22:43:49.529976 SoundCore{scbody.dylib}[28649] <NOTICE>: SCBODY #91 seg 4/10 :"5.0.02"},"properties":{"$os":"iOS","$screen_width":390,"$app_version":"5.0.02","country":"US","$title":"Sleep A30 Special","sn":"13017CE9136B47AC","$element_c
2026-09-04 22:43:49.530018 SoundCore{scbody.dylib}[28649] <NOTICE>: SCBODY #91 seg 5/10 ontent":"Next(2\/4)","is_secret":false,"$is_first_day":true,"$model":"iPhone18,5","$device_id":"E0D81581-DDEB-449A-BBBF-566EB2CC2EB3","uuid":"8184731F-E09A-43AE
2026-09-04 22:43:49.530038 SoundCore{scbody.dylib}[28649] <NOTICE>: SCBODY #91 seg 6/10 -A72B-D38009464EA4","$timezone_offset":420,"$network_type":"WIFI","$element_type":"UIButton","firmware_version":"01.07","device_id":"8184731F-E09A-43AE-A72B-D38
2026-09-04 22:43:49.530113 SoundCore{scbody.dylib}[28649] <NOTICE>: SCBODY #91 seg 7/10 009464EA4","$app_name":"soundcore","$wifi":true,"mac":"30:33:45:44:31:36:35:41:2D:39:44:44:46:2D:33:41:37:36:2D:45:43:30:33:2D:43:43:30:42:33:31:41:46:38:30:43:
2026-09-04 22:43:49.530150 SoundCore{scbody.dylib}[28649] <NOTICE>: SCBODY #91 seg 8/10 31","app_line":"SoundCore","$screen_height":844,"$lib_method":"autoTrack","$screen_name":"SoundCore.SCD1301HomeContainerController","$lib_version":"4.8.3","$os_
2026-09-04 22:43:49.530168 SoundCore{scbody.dylib}[28649] <NOTICE>: SCBODY #91 seg 9/10 version":"26.5.1","$lib":"iOS","$manufacturer":"Apple","product_code":"D1301S","$app_id":"com.oceanwing.SoundCore.G8AW4BQ7RV"},"distinct_id":"25175005-856F-4AAB
2026-09-04 22:43:49.530215 SoundCore{scbody.dylib}[28649] <NOTICE>: SCBODY #91 seg 10/10 -A276-01988F6459F5","type":"track"}
2026-09-04 22:43:49.530280 SoundCore{scbody.dylib}[28649] <NOTICE>: SCBODY CAPTURE #91 END
2026-09-04 22:43:49.530437 SoundCore{scbody.dylib}[28649] <NOTICE>: SCBODY MODIFY 1475 -> 1475 bytes
2026-09-04 22:43:49.530453 SoundCore{scbody.dylib}[28649] <NOTICE>: SCBODY CAPTURE #92 src=json-mod url=(none) len=1475 score=2 BEGIN
2026-09-04 22:43:49.530466 SoundCore{scbody.dylib}[28649] <NOTICE>: SCBODY #92 seg 1/10 {"anonymous_id":"25175005-856F-4AAB-A276-01988F6459F5","_track_id":2428996318,"event":"$AppClick","time":1788587029525,"identities":{"$identity_idfv":"E0D81581-
2026-09-04 22:43:49.530478 SoundCore{scbody.dylib}[28649] <NOTICE>: SCBODY #92 seg 2/10 DDEB-449A-BBBF-566EB2CC2EB3","identity_deviceid_sn":"8184731F-E09A-43AE-A72B-D38009464EA4||13017CE9136B47AC","$identity_anonymous_id":"25175005-856F-4AAB-A276-0
2026-09-04 22:43:49.530490 SoundCore{scbody.dylib}[28649] <NOTICE>: SCBODY #92 seg 3/10 1988F6459F5"},"lib":{"$lib_method":"autoTrack","$lib_version":"4.8.3","$lib":"iOS","$lib_detail":"SoundCore.SCD1301HomeContainerController######","$app_version"
2026-09-04 22:43:49.530502 SoundCore{scbody.dylib}[28649] <NOTICE>: SCBODY #92 seg 4/10 :"5.0.02"},"properties":{"$os":"iOS","$screen_width":390,"$app_version":"5.0.02","country":"US","$title":"Sleep A30 Special","sn":"13017CE9136B47AC","$element_c
2026-09-04 22:43:49.530537 SoundCore{scbody.dylib}[28649] <NOTICE>: SCBODY #92 seg 5/10 ontent":"Next(2\/4)","is_secret":false,"$is_first_day":true,"$model":"iPhone18,5","$device_id":"E0D81581-DDEB-449A-BBBF-566EB2CC2EB3","uuid":"8184731F-E09A-43AE
2026-09-04 22:43:49.530550 SoundCore{scbody.dylib}[28649] <NOTICE>: SCBODY #92 seg 6/10 -A72B-D38009464EA4","$timezone_offset":420,"$network_type":"WIFI","$element_type":"UIButton","firmware_version":"01.05","device_id":"8184731F-E09A-43AE-A72B-D38
2026-09-04 22:43:49.530562 SoundCore{scbody.dylib}[28649] <NOTICE>: SCBODY #92 seg 7/10 009464EA4","$app_name":"soundcore","$wifi":true,"mac":"30:33:45:44:31:36:35:41:2D:39:44:44:46:2D:33:41:37:36:2D:45:43:30:33:2D:43:43:30:42:33:31:41:46:38:30:43:
2026-09-04 22:43:49.530649 SoundCore{scbody.dylib}[28649] <NOTICE>: SCBODY #92 seg 8/10 31","app_line":"SoundCore","$screen_height":844,"$lib_method":"autoTrack","$screen_name":"SoundCore.SCD1301HomeContainerController","$lib_version":"4.8.3","$os_
2026-09-04 22:43:49.530663 SoundCore{scbody.dylib}[28649] <NOTICE>: SCBODY #92 seg 9/10 version":"26.5.1","$lib":"iOS","$manufacturer":"Apple","product_code":"D1301S","$app_id":"com.oceanwing.SoundCore.G8AW4BQ7RV"},"distinct_id":"25175005-856F-4AAB
2026-09-04 22:43:49.530698 SoundCore{scbody.dylib}[28649] <NOTICE>: SCBODY #92 seg 10/10 -A276-01988F6459F5","type":"track"}
2026-09-04 22:43:49.530718 SoundCore{scbody.dylib}[28649] <NOTICE>: SCBODY CAPTURE #92 END
2026-09-04 22:43:49.539420 SoundCore{scbody.dylib}[28649] <NOTICE>: SCBODY CAPTURE #93 src=json url=(none) len=1401 score=2 BEGIN
2026-09-04 22:43:49.539452 SoundCore{scbody.dylib}[28649] <NOTICE>: SCBODY #93 seg 1/9 {"anonymous_id":"25175005-856F-4AAB-A276-01988F6459F5","_track_id":3211996244,"event":"SC_START_GUIDE_CLICK","time":1788587029528,"identities":{"$identity_idfv"
2026-09-04 22:43:49.539495 SoundCore{scbody.dylib}[28649] <NOTICE>: SCBODY #93 seg 2/9 :"E0D81581-DDEB-449A-BBBF-566EB2CC2EB3","identity_deviceid_sn":"8184731F-E09A-43AE-A72B-D38009464EA4||13017CE9136B47AC","$identity_anonymous_id":"25175005-856F-
2026-09-04 22:43:49.539527 SoundCore{scbody.dylib}[28649] <NOTICE>: SCBODY #93 seg 3/9 4AAB-A276-01988F6459F5"},"lib":{"$lib_version":"4.8.3","$lib":"iOS","$app_version":"5.0.02","$lib_method":"code"},"properties":{"$os":"iOS","$screen_width":390,
2026-09-04 22:43:49.539582 SoundCore{scbody.dylib}[28649] <NOTICE>: SCBODY #93 seg 4/9 "$app_version":"5.0.02","country":"US","duration":0.869920015335083,"sn":"13017CE9136B47AC","is_secret":false,"device_id":"8184731F-E09A-43AE-A72B-D38009464EA4"
2026-09-04 22:43:49.539601 SoundCore{scbody.dylib}[28649] <NOTICE>: SCBODY #93 seg 5/9 ,"$is_first_day":true,"$device_id":"E0D81581-DDEB-449A-BBBF-566EB2CC2EB3","uuid":"8184731F-E09A-43AE-A72B-D38009464EA4","requirement_id":262,"$model":"iPhone18,
2026-09-04 22:43:49.539614 SoundCore{scbody.dylib}[28649] <NOTICE>: SCBODY #93 seg 6/9 5","$network_type":"WIFI","$app_name":"soundcore","page_name":"2","$wifi":true,"$timezone_offset":420,"firmware_version":"01.07","mac":"30:33:45:44:31:36:35:41:
2026-09-04 22:43:49.539645 SoundCore{scbody.dylib}[28649] <NOTICE>: SCBODY #93 seg 7/9 2D:39:44:44:46:2D:33:41:37:36:2D:45:43:30:33:2D:43:43:30:42:33:31:41:46:38:30:43:31","app_line":"SoundCore","$screen_height":844,"track_sign":"aSC_START_GUIDE.b
2026-09-04 22:43:49.539728 SoundCore{scbody.dylib}[28649] <NOTICE>: SCBODY #93 seg 8/9 159.c650.CLICK.SC_START_GUIDE_CLICK","$lib_method":"code","$lib_version":"4.8.3","$os_version":"26.5.1","$lib":"iOS","$manufacturer":"Apple","product_code":"D13
2026-09-04 22:43:49.539743 SoundCore{scbody.dylib}[28649] <NOTICE>: SCBODY #93 seg 9/9 01S","$app_id":"com.oceanwing.SoundCore.G8AW4BQ7RV"},"distinct_id":"25175005-856F-4AAB-A276-01988F6459F5","type":"track"}
2026-09-04 22:43:49.539755 SoundCore{scbody.dylib}[28649] <NOTICE>: SCBODY CAPTURE #93 END
2026-09-04 22:43:49.539785 SoundCore{scbody.dylib}[28649] <NOTICE>: SCBODY MODIFY 1401 -> 1401 bytes
2026-09-04 22:43:49.539806 SoundCore{scbody.dylib}[28649] <NOTICE>: SCBODY CAPTURE #94 src=json-mod url=(none) len=1401 score=2 BEGIN
2026-09-04 22:43:49.539816 SoundCore{scbody.dylib}[28649] <NOTICE>: SCBODY #94 seg 1/9 {"anonymous_id":"25175005-856F-4AAB-A276-01988F6459F5","_track_id":3211996244,"event":"SC_START_GUIDE_CLICK","time":1788587029528,"identities":{"$identity_idfv"
2026-09-04 22:43:49.539826 SoundCore{scbody.dylib}[28649] <NOTICE>: SCBODY #94 seg 2/9 :"E0D81581-DDEB-449A-BBBF-566EB2CC2EB3","identity_deviceid_sn":"8184731F-E09A-43AE-A72B-D38009464EA4||13017CE9136B47AC","$identity_anonymous_id":"25175005-856F-
2026-09-04 22:43:49.539836 SoundCore{scbody.dylib}[28649] <NOTICE>: SCBODY #94 seg 3/9 4AAB-A276-01988F6459F5"},"lib":{"$lib_version":"4.8.3","$lib":"iOS","$app_version":"5.0.02","$lib_method":"code"},"properties":{"$os":"iOS","$screen_width":390,
2026-09-04 22:43:49.539845 SoundCore{scbody.dylib}[28649] <NOTICE>: SCBODY #94 seg 4/9 "$app_version":"5.0.02","country":"US","duration":0.869920015335083,"sn":"13017CE9136B47AC","is_secret":false,"device_id":"8184731F-E09A-43AE-A72B-D38009464EA4"
2026-09-04 22:43:49.539855 SoundCore{scbody.dylib}[28649] <NOTICE>: SCBODY #94 seg 5/9 ,"$is_first_day":true,"$device_id":"E0D81581-DDEB-449A-BBBF-566EB2CC2EB3","uuid":"8184731F-E09A-43AE-A72B-D38009464EA4","requirement_id":262,"$model":"iPhone18,
2026-09-04 22:43:49.539865 SoundCore{scbody.dylib}[28649] <NOTICE>: SCBODY #94 seg 6/9 5","$network_type":"WIFI","$app_name":"soundcore","page_name":"2","$wifi":true,"$timezone_offset":420,"firmware_version":"01.05","mac":"30:33:45:44:31:36:35:41:
2026-09-04 22:43:49.539875 SoundCore{scbody.dylib}[28649] <NOTICE>: SCBODY #94 seg 7/9 2D:39:44:44:46:2D:33:41:37:36:2D:45:43:30:33:2D:43:43:30:42:33:31:41:46:38:30:43:31","app_line":"SoundCore","$screen_height":844,"track_sign":"aSC_START_GUIDE.b
2026-09-04 22:43:49.539885 SoundCore{scbody.dylib}[28649] <NOTICE>: SCBODY #94 seg 8/9 159.c650.CLICK.SC_START_GUIDE_CLICK","$lib_method":"code","$lib_version":"4.8.3","$os_version":"26.5.1","$lib":"iOS","$manufacturer":"Apple","product_code":"D13
2026-09-04 22:43:49.539895 SoundCore{scbody.dylib}[28649] <NOTICE>: SCBODY #94 seg 9/9 01S","$app_id":"com.oceanwing.SoundCore.G8AW4BQ7RV"},"distinct_id":"25175005-856F-4AAB-A276-01988F6459F5","type":"track"}
2026-09-04 22:43:49.539909 SoundCore{scbody.dylib}[28649] <NOTICE>: SCBODY CAPTURE #94 END
2026-09-04 22:43:50.279102 SoundCore{scbody.dylib}[28649] <NOTICE>: SCBODY CAPTURE #95 src=json url=(none) len=1475 score=2 BEGIN
2026-09-04 22:43:50.279208 SoundCore{scbody.dylib}[28649] <NOTICE>: SCBODY #95 seg 1/10 {"anonymous_id":"25175005-856F-4AAB-A276-01988F6459F5","_track_id":2719978753,"event":"$AppClick","time":1788587030275,"identities":{"$identity_idfv":"E0D81581-
2026-09-04 22:43:50.279236 SoundCore{scbody.dylib}[28649] <NOTICE>: SCBODY #95 seg 2/10 DDEB-449A-BBBF-566EB2CC2EB3","identity_deviceid_sn":"8184731F-E09A-43AE-A72B-D38009464EA4||13017CE9136B47AC","$identity_anonymous_id":"25175005-856F-4AAB-A276-0
2026-09-04 22:43:50.279266 SoundCore{scbody.dylib}[28649] <NOTICE>: SCBODY #95 seg 3/10 1988F6459F5"},"lib":{"$lib_method":"autoTrack","$lib_version":"4.8.3","$lib":"iOS","$lib_detail":"SoundCore.SCD1301HomeContainerController######","$app_version"
2026-09-04 22:43:50.279336 SoundCore{scbody.dylib}[28649] <NOTICE>: SCBODY #95 seg 4/10 :"5.0.02"},"properties":{"$os":"iOS","$screen_width":390,"$app_version":"5.0.02","country":"US","$title":"Sleep A30 Special","sn":"13017CE9136B47AC","$element_c
2026-09-04 22:43:50.279349 SoundCore{scbody.dylib}[28649] <NOTICE>: SCBODY #95 seg 5/10 ontent":"Next(3\/4)","is_secret":false,"$is_first_day":true,"$model":"iPhone18,5","$device_id":"E0D81581-DDEB-449A-BBBF-566EB2CC2EB3","uuid":"8184731F-E09A-43AE
2026-09-04 22:43:50.279360 SoundCore{scbody.dylib}[28649] <NOTICE>: SCBODY #95 seg 6/10 -A72B-D38009464EA4","$timezone_offset":420,"$network_type":"WIFI","$element_type":"UIButton","firmware_version":"01.07","device_id":"8184731F-E09A-43AE-A72B-D38
2026-09-04 22:43:50.279371 SoundCore{scbody.dylib}[28649] <NOTICE>: SCBODY #95 seg 7/10 009464EA4","$app_name":"soundcore","$wifi":true,"mac":"30:33:45:44:31:36:35:41:2D:39:44:44:46:2D:33:41:37:36:2D:45:43:30:33:2D:43:43:30:42:33:31:41:46:38:30:43:
2026-09-04 22:43:50.279381 SoundCore{scbody.dylib}[28649] <NOTICE>: SCBODY #95 seg 8/10 31","app_line":"SoundCore","$screen_height":844,"$lib_method":"autoTrack","$screen_name":"SoundCore.SCD1301HomeContainerController","$lib_version":"4.8.3","$os_
2026-09-04 22:43:50.279391 SoundCore{scbody.dylib}[28649] <NOTICE>: SCBODY #95 seg 9/10 version":"26.5.1","$lib":"iOS","$manufacturer":"Apple","product_code":"D1301S","$app_id":"com.oceanwing.SoundCore.G8AW4BQ7RV"},"distinct_id":"25175005-856F-4AAB
2026-09-04 22:43:50.279411 SoundCore{scbody.dylib}[28649] <NOTICE>: SCBODY #95 seg 10/10 -A276-01988F6459F5","type":"track"}
2026-09-04 22:43:50.279424 SoundCore{scbody.dylib}[28649] <NOTICE>: SCBODY CAPTURE #95 END
2026-09-04 22:43:50.279438 SoundCore{scbody.dylib}[28649] <NOTICE>: SCBODY MODIFY 1475 -> 1475 bytes
2026-09-04 22:43:50.279465 SoundCore{scbody.dylib}[28649] <NOTICE>: SCBODY CAPTURE #96 src=json-mod url=(none) len=1475 score=2 BEGIN
2026-09-04 22:43:50.279477 SoundCore{scbody.dylib}[28649] <NOTICE>: SCBODY #96 seg 1/10 {"anonymous_id":"25175005-856F-4AAB-A276-01988F6459F5","_track_id":2719978753,"event":"$AppClick","time":1788587030275,"identities":{"$identity_idfv":"E0D81581-
2026-09-04 22:43:50.279487 SoundCore{scbody.dylib}[28649] <NOTICE>: SCBODY #96 seg 2/10 DDEB-449A-BBBF-566EB2CC2EB3","identity_deviceid_sn":"8184731F-E09A-43AE-A72B-D38009464EA4||13017CE9136B47AC","$identity_anonymous_id":"25175005-856F-4AAB-A276-0
2026-09-04 22:43:50.279498 SoundCore{scbody.dylib}[28649] <NOTICE>: SCBODY #96 seg 3/10 1988F6459F5"},"lib":{"$lib_method":"autoTrack","$lib_version":"4.8.3","$lib":"iOS","$lib_detail":"SoundCore.SCD1301HomeContainerController######","$app_version"
2026-09-04 22:43:50.279509 SoundCore{scbody.dylib}[28649] <NOTICE>: SCBODY #96 seg 4/10 :"5.0.02"},"properties":{"$os":"iOS","$screen_width":390,"$app_version":"5.0.02","country":"US","$title":"Sleep A30 Special","sn":"13017CE9136B47AC","$element_c
2026-09-04 22:43:50.279519 SoundCore{scbody.dylib}[28649] <NOTICE>: SCBODY #96 seg 5/10 ontent":"Next(3\/4)","is_secret":false,"$is_first_day":true,"$model":"iPhone18,5","$device_id":"E0D81581-DDEB-449A-BBBF-566EB2CC2EB3","uuid":"8184731F-E09A-43AE
2026-09-04 22:43:50.279530 SoundCore{scbody.dylib}[28649] <NOTICE>: SCBODY #96 seg 6/10 -A72B-D38009464EA4","$timezone_offset":420,"$network_type":"WIFI","$element_type":"UIButton","firmware_version":"01.05","device_id":"8184731F-E09A-43AE-A72B-D38
2026-09-04 22:43:50.279541 SoundCore{scbody.dylib}[28649] <NOTICE>: SCBODY #96 seg 7/10 009464EA4","$app_name":"soundcore","$wifi":true,"mac":"30:33:45:44:31:36:35:41:2D:39:44:44:46:2D:33:41:37:36:2D:45:43:30:33:2D:43:43:30:42:33:31:41:46:38:30:43:
2026-09-04 22:43:50.279552 SoundCore{scbody.dylib}[28649] <NOTICE>: SCBODY #96 seg 8/10 31","app_line":"SoundCore","$screen_height":844,"$lib_method":"autoTrack","$screen_name":"SoundCore.SCD1301HomeContainerController","$lib_version":"4.8.3","$os_
2026-09-04 22:43:50.279563 SoundCore{scbody.dylib}[28649] <NOTICE>: SCBODY #96 seg 9/10 version":"26.5.1","$lib":"iOS","$manufacturer":"Apple","product_code":"D1301S","$app_id":"com.oceanwing.SoundCore.G8AW4BQ7RV"},"distinct_id":"25175005-856F-4AAB
2026-09-04 22:43:50.279574 SoundCore{scbody.dylib}[28649] <NOTICE>: SCBODY #96 seg 10/10 -A276-01988F6459F5","type":"track"}
2026-09-04 22:43:50.279586 SoundCore{scbody.dylib}[28649] <NOTICE>: SCBODY CAPTURE #96 END
2026-09-04 22:43:50.288564 SoundCore{scbody.dylib}[28649] <NOTICE>: SCBODY CAPTURE #97 src=json url=(none) len=1402 score=2 BEGIN
2026-09-04 22:43:50.288596 SoundCore{scbody.dylib}[28649] <NOTICE>: SCBODY #97 seg 1/9 {"anonymous_id":"25175005-856F-4AAB-A276-01988F6459F5","_track_id":3604910440,"event":"SC_START_GUIDE_CLICK","time":1788587030277,"identities":{"$identity_idfv"
2026-09-04 22:43:50.288646 SoundCore{scbody.dylib}[28649] <NOTICE>: SCBODY #97 seg 2/9 :"E0D81581-DDEB-449A-BBBF-566EB2CC2EB3","identity_deviceid_sn":"8184731F-E09A-43AE-A72B-D38009464EA4||13017CE9136B47AC","$identity_anonymous_id":"25175005-856F-
2026-09-04 22:43:50.288671 SoundCore{scbody.dylib}[28649] <NOTICE>: SCBODY #97 seg 3/9 4AAB-A276-01988F6459F5"},"lib":{"$lib_version":"4.8.3","$lib":"iOS","$app_version":"5.0.02","$lib_method":"code"},"properties":{"$os":"iOS","$screen_width":390,
2026-09-04 22:43:50.288761 SoundCore{scbody.dylib}[28649] <NOTICE>: SCBODY #97 seg 4/9 "$app_version":"5.0.02","country":"US","duration":0.7157899141311646,"sn":"13017CE9136B47AC","is_secret":false,"device_id":"8184731F-E09A-43AE-A72B-D38009464EA4
2026-09-04 22:43:50.288830 SoundCore{scbody.dylib}[28649] <NOTICE>: SCBODY #97 seg 5/9 ","$is_first_day":true,"$device_id":"E0D81581-DDEB-449A-BBBF-566EB2CC2EB3","uuid":"8184731F-E09A-43AE-A72B-D38009464EA4","requirement_id":262,"$model":"iPhone18
2026-09-04 22:43:50.288848 SoundCore{scbody.dylib}[28649] <NOTICE>: SCBODY #97 seg 6/9 ,5","$network_type":"WIFI","$app_name":"soundcore","page_name":"3","$wifi":true,"$timezone_offset":420,"firmware_version":"01.07","mac":"30:33:45:44:31:36:35:41
2026-09-04 22:43:50.288860 SoundCore{scbody.dylib}[28649] <NOTICE>: SCBODY #97 seg 7/9 :2D:39:44:44:46:2D:33:41:37:36:2D:45:43:30:33:2D:43:43:30:42:33:31:41:46:38:30:43:31","app_line":"SoundCore","$screen_height":844,"track_sign":"aSC_START_GUIDE.
2026-09-04 22:43:50.288870 SoundCore{scbody.dylib}[28649] <NOTICE>: SCBODY #97 seg 8/9 b159.c650.CLICK.SC_START_GUIDE_CLICK","$lib_method":"code","$lib_version":"4.8.3","$os_version":"26.5.1","$lib":"iOS","$manufacturer":"Apple","product_code":"D1
2026-09-04 22:43:50.288881 SoundCore{scbody.dylib}[28649] <NOTICE>: SCBODY #97 seg 9/9 301S","$app_id":"com.oceanwing.SoundCore.G8AW4BQ7RV"},"distinct_id":"25175005-856F-4AAB-A276-01988F6459F5","type":"track"}
2026-09-04 22:43:50.288892 SoundCore{scbody.dylib}[28649] <NOTICE>: SCBODY CAPTURE #97 END
2026-09-04 22:43:50.288908 SoundCore{scbody.dylib}[28649] <NOTICE>: SCBODY MODIFY 1402 -> 1402 bytes
2026-09-04 22:43:50.288920 SoundCore{scbody.dylib}[28649] <NOTICE>: SCBODY CAPTURE #98 src=json-mod url=(none) len=1402 score=2 BEGIN
2026-09-04 22:43:50.288972 SoundCore{scbody.dylib}[28649] <NOTICE>: SCBODY #98 seg 1/9 {"anonymous_id":"25175005-856F-4AAB-A276-01988F6459F5","_track_id":3604910440,"event":"SC_START_GUIDE_CLICK","time":1788587030277,"identities":{"$identity_idfv"
2026-09-04 22:43:50.288988 SoundCore{scbody.dylib}[28649] <NOTICE>: SCBODY #98 seg 2/9 :"E0D81581-DDEB-449A-BBBF-566EB2CC2EB3","identity_deviceid_sn":"8184731F-E09A-43AE-A72B-D38009464EA4||13017CE9136B47AC","$identity_anonymous_id":"25175005-856F-
2026-09-04 22:43:50.288999 SoundCore{scbody.dylib}[28649] <NOTICE>: SCBODY #98 seg 3/9 4AAB-A276-01988F6459F5"},"lib":{"$lib_version":"4.8.3","$lib":"iOS","$app_version":"5.0.02","$lib_method":"code"},"properties":{"$os":"iOS","$screen_width":390,
2026-09-04 22:43:50.289030 SoundCore{scbody.dylib}[28649] <NOTICE>: SCBODY #98 seg 4/9 "$app_version":"5.0.02","country":"US","duration":0.7157899141311646,"sn":"13017CE9136B47AC","is_secret":false,"device_id":"8184731F-E09A-43AE-A72B-D38009464EA4
2026-09-04 22:43:50.289042 SoundCore{scbody.dylib}[28649] <NOTICE>: SCBODY #98 seg 5/9 ","$is_first_day":true,"$device_id":"E0D81581-DDEB-449A-BBBF-566EB2CC2EB3","uuid":"8184731F-E09A-43AE-A72B-D38009464EA4","requirement_id":262,"$model":"iPhone18
2026-09-04 22:43:50.289052 SoundCore{scbody.dylib}[28649] <NOTICE>: SCBODY #98 seg 6/9 ,5","$network_type":"WIFI","$app_name":"soundcore","page_name":"3","$wifi":true,"$timezone_offset":420,"firmware_version":"01.05","mac":"30:33:45:44:31:36:35:41
2026-09-04 22:43:50.289062 SoundCore{scbody.dylib}[28649] <NOTICE>: SCBODY #98 seg 7/9 :2D:39:44:44:46:2D:33:41:37:36:2D:45:43:30:33:2D:43:43:30:42:33:31:41:46:38:30:43:31","app_line":"SoundCore","$screen_height":844,"track_sign":"aSC_START_GUIDE.
2026-09-04 22:43:50.289072 SoundCore{scbody.dylib}[28649] <NOTICE>: SCBODY #98 seg 8/9 b159.c650.CLICK.SC_START_GUIDE_CLICK","$lib_method":"code","$lib_version":"4.8.3","$os_version":"26.5.1","$lib":"iOS","$manufacturer":"Apple","product_code":"D1
2026-09-04 22:43:50.289101 SoundCore{scbody.dylib}[28649] <NOTICE>: SCBODY #98 seg 9/9 301S","$app_id":"com.oceanwing.SoundCore.G8AW4BQ7RV"},"distinct_id":"25175005-856F-4AAB-A276-01988F6459F5","type":"track"}
2026-09-04 22:43:50.289117 SoundCore{scbody.dylib}[28649] <NOTICE>: SCBODY CAPTURE #98 END
2026-09-04 22:43:51.213141 SoundCore{scbody.dylib}[28649] <NOTICE>: SCBODY CAPTURE #99 src=json url=(none) len=1471 score=2 BEGIN
2026-09-04 22:43:51.213365 SoundCore{scbody.dylib}[28649] <NOTICE>: SCBODY #99 seg 1/10 {"anonymous_id":"25175005-856F-4AAB-A276-01988F6459F5","_track_id":2699341630,"event":"$AppClick","time":1788587031209,"identities":{"$identity_idfv":"E0D81581-
2026-09-04 22:43:51.213524 SoundCore{scbody.dylib}[28649] <NOTICE>: SCBODY #99 seg 2/10 DDEB-449A-BBBF-566EB2CC2EB3","identity_deviceid_sn":"8184731F-E09A-43AE-A72B-D38009464EA4||13017CE9136B47AC","$identity_anonymous_id":"25175005-856F-4AAB-A276-0
2026-09-04 22:43:51.213636 SoundCore{scbody.dylib}[28649] <NOTICE>: SCBODY #99 seg 3/10 1988F6459F5"},"lib":{"$lib_method":"autoTrack","$lib_version":"4.8.3","$lib":"iOS","$lib_detail":"SoundCore.SCD1301HomeContainerController######","$app_version"
2026-09-04 22:43:51.213823 SoundCore{scbody.dylib}[28649] <NOTICE>: SCBODY #99 seg 4/10 :"5.0.02"},"properties":{"$os":"iOS","$screen_width":390,"$app_version":"5.0.02","country":"US","$title":"Sleep A30 Special","sn":"13017CE9136B47AC","$element_c
2026-09-04 22:43:51.213858 SoundCore{scbody.dylib}[28649] <NOTICE>: SCBODY #99 seg 5/10 ontent":"Got It","is_secret":false,"$is_first_day":true,"$model":"iPhone18,5","$device_id":"E0D81581-DDEB-449A-BBBF-566EB2CC2EB3","uuid":"8184731F-E09A-43AE-A72
2026-09-04 22:43:51.213942 SoundCore{scbody.dylib}[28649] <NOTICE>: SCBODY #99 seg 6/10 B-D38009464EA4","$timezone_offset":420,"$network_type":"WIFI","$element_type":"UIButton","firmware_version":"01.07","device_id":"8184731F-E09A-43AE-A72B-D380094
2026-09-04 22:43:51.213975 SoundCore{scbody.dylib}[28649] <NOTICE>: SCBODY #99 seg 7/10 64EA4","$app_name":"soundcore","$wifi":true,"mac":"30:33:45:44:31:36:35:41:2D:39:44:44:46:2D:33:41:37:36:2D:45:43:30:33:2D:43:43:30:42:33:31:41:46:38:30:43:31",
2026-09-04 22:43:51.213992 SoundCore{scbody.dylib}[28649] <NOTICE>: SCBODY #99 seg 8/10 "app_line":"SoundCore","$screen_height":844,"$lib_method":"autoTrack","$screen_name":"SoundCore.SCD1301HomeContainerController","$lib_version":"4.8.3","$os_vers
2026-09-04 22:43:51.214069 SoundCore{scbody.dylib}[28649] <NOTICE>: SCBODY #99 seg 9/10 ion":"26.5.1","$lib":"iOS","$manufacturer":"Apple","product_code":"D1301S","$app_id":"com.oceanwing.SoundCore.G8AW4BQ7RV"},"distinct_id":"25175005-856F-4AAB-A27
2026-09-04 22:43:51.214112 SoundCore{scbody.dylib}[28649] <NOTICE>: SCBODY #99 seg 10/10 6-01988F6459F5","type":"track"}
2026-09-04 22:43:51.214140 SoundCore{scbody.dylib}[28649] <NOTICE>: SCBODY CAPTURE #99 END
2026-09-04 22:43:51.214170 SoundCore{scbody.dylib}[28649] <NOTICE>: SCBODY MODIFY 1471 -> 1471 bytes
2026-09-04 22:43:51.214183 SoundCore{scbody.dylib}[28649] <NOTICE>: SCBODY CAPTURE #100 src=json-mod url=(none) len=1471 score=2 BEGIN
2026-09-04 22:43:51.214196 SoundCore{scbody.dylib}[28649] <NOTICE>: SCBODY #100 seg 1/10 {"anonymous_id":"25175005-856F-4AAB-A276-01988F6459F5","_track_id":2699341630,"event":"$AppClick","time":1788587031209,"identities":{"$identity_idfv":"E0D81581-
2026-09-04 22:43:51.214208 SoundCore{scbody.dylib}[28649] <NOTICE>: SCBODY #100 seg 2/10 DDEB-449A-BBBF-566EB2CC2EB3","identity_deviceid_sn":"8184731F-E09A-43AE-A72B-D38009464EA4||13017CE9136B47AC","$identity_anonymous_id":"25175005-856F-4AAB-A276-0
2026-09-04 22:43:51.214241 SoundCore{scbody.dylib}[28649] <NOTICE>: SCBODY #100 seg 3/10 1988F6459F5"},"lib":{"$lib_method":"autoTrack","$lib_version":"4.8.3","$lib":"iOS","$lib_detail":"SoundCore.SCD1301HomeContainerController######","$app_version"
2026-09-04 22:43:51.214254 SoundCore{scbody.dylib}[28649] <NOTICE>: SCBODY #100 seg 4/10 :"5.0.02"},"properties":{"$os":"iOS","$screen_width":390,"$app_version":"5.0.02","country":"US","$title":"Sleep A30 Special","sn":"13017CE9136B47AC","$element_c
2026-09-04 22:43:51.214287 SoundCore{scbody.dylib}[28649] <NOTICE>: SCBODY #100 seg 5/10 ontent":"Got It","is_secret":false,"$is_first_day":true,"$model":"iPhone18,5","$device_id":"E0D81581-DDEB-449A-BBBF-566EB2CC2EB3","uuid":"8184731F-E09A-43AE-A72
2026-09-04 22:43:51.214300 SoundCore{scbody.dylib}[28649] <NOTICE>: SCBODY #100 seg 6/10 B-D38009464EA4","$timezone_offset":420,"$network_type":"WIFI","$element_type":"UIButton","firmware_version":"01.05","device_id":"8184731F-E09A-43AE-A72B-D380094
2026-09-04 22:43:51.214312 SoundCore{scbody.dylib}[28649] <NOTICE>: SCBODY #100 seg 7/10 64EA4","$app_name":"soundcore","$wifi":true,"mac":"30:33:45:44:31:36:35:41:2D:39:44:44:46:2D:33:41:37:36:2D:45:43:30:33:2D:43:43:30:42:33:31:41:46:38:30:43:31",
2026-09-04 22:43:51.214324 SoundCore{scbody.dylib}[28649] <NOTICE>: SCBODY #100 seg 8/10 "app_line":"SoundCore","$screen_height":844,"$lib_method":"autoTrack","$screen_name":"SoundCore.SCD1301HomeContainerController","$lib_version":"4.8.3","$os_vers
2026-09-04 22:43:51.214340 SoundCore{scbody.dylib}[28649] <NOTICE>: SCBODY #100 seg 9/10 ion":"26.5.1","$lib":"iOS","$manufacturer":"Apple","product_code":"D1301S","$app_id":"com.oceanwing.SoundCore.G8AW4BQ7RV"},"distinct_id":"25175005-856F-4AAB-A27
2026-09-04 22:43:51.214352 SoundCore{scbody.dylib}[28649] <NOTICE>: SCBODY #100 seg 10/10 6-01988F6459F5","type":"track"}
2026-09-04 22:43:51.214367 SoundCore{scbody.dylib}[28649] <NOTICE>: SCBODY CAPTURE #100 END
2026-09-04 22:43:51.223604 SoundCore{scbody.dylib}[28649] <NOTICE>: SCBODY CAPTURE #101 src=json url=(none) len=526 score=2 BEGIN
2026-09-04 22:43:51.223632 SoundCore{scbody.dylib}[28649] <NOTICE>: SCBODY #101 seg 1/4 {"events":[{"value_string":"{\"type\":\"all\"}","module":"POP","time":"1788587031","mac":"30:33:45:44:31:36:35:41:2D:39:44:44:46:2D:33:41:37:36:2D:45:43:30:33:2
2026-09-04 22:43:51.223670 SoundCore{scbody.dylib}[28649] <NOTICE>: SCBODY #101 seg 2/4 D:43:43:30:42:33:31:41:46:38:30:43:31","device_id":"","product_code":"D1301S","sn":"13017CE9136B47AC","type":"1","name":"APP_POP_REQUEST"}],"country":"US","sys_
2026-09-04 22:43:51.223682 SoundCore{scbody.dylib}[28649] <NOTICE>: SCBODY #101 seg 3/4 type":"iOS","http_user_agent":"soundcore-iOS-5.0.02","phone_model":"iPhone18,5","uuid":"DEB03254-8942-4310-A8CA-57EBE5F7CBA0","user_id":"","phone_name":"iPhone"
2026-09-04 22:43:51.223693 SoundCore{scbody.dylib}[28649] <NOTICE>: SCBODY #101 seg 4/4 ,"sys_version":"26.5.1","phone_brand":"Apple"}
2026-09-04 22:43:51.223873 SoundCore{scbody.dylib}[28649] <NOTICE>: SCBODY CAPTURE #101 END
2026-09-04 22:43:51.223901 SoundCore{scbody.dylib}[28649] <NOTICE>: SCBODY CAPTURE #102 src=json url=(none) len=1401 score=2 BEGIN
2026-09-04 22:43:51.223914 SoundCore{scbody.dylib}[28649] <NOTICE>: SCBODY #102 seg 1/9 {"anonymous_id":"25175005-856F-4AAB-A276-01988F6459F5","_track_id":512502415,"event":"SC_START_GUIDE_CLICK","time":1788587031211,"identities":{"$identity_idfv":
2026-09-04 22:43:51.223924 SoundCore{scbody.dylib}[28649] <NOTICE>: SCBODY #102 seg 2/9 "E0D81581-DDEB-449A-BBBF-566EB2CC2EB3","identity_deviceid_sn":"8184731F-E09A-43AE-A72B-D38009464EA4||13017CE9136B47AC","$identity_anonymous_id":"25175005-856F-4
2026-09-04 22:43:51.223933 SoundCore{scbody.dylib}[28649] <NOTICE>: SCBODY #102 seg 3/9 AAB-A276-01988F6459F5"},"lib":{"$lib_version":"4.8.3","$lib":"iOS","$app_version":"5.0.02","$lib_method":"code"},"properties":{"$os":"iOS","$screen_width":390,"
2026-09-04 22:43:51.223943 SoundCore{scbody.dylib}[28649] <NOTICE>: SCBODY #102 seg 4/9 $app_version":"5.0.02","country":"US","duration":0.9131510257720947,"sn":"13017CE9136B47AC","is_secret":false,"device_id":"8184731F-E09A-43AE-A72B-D38009464EA4"
2026-09-04 22:43:51.223953 SoundCore{scbody.dylib}[28649] <NOTICE>: SCBODY #102 seg 5/9 ,"$is_first_day":true,"$device_id":"E0D81581-DDEB-449A-BBBF-566EB2CC2EB3","uuid":"8184731F-E09A-43AE-A72B-D38009464EA4","requirement_id":262,"$model":"iPhone18,
2026-09-04 22:43:51.223972 SoundCore{scbody.dylib}[28649] <NOTICE>: SCBODY #102 seg 6/9 5","$network_type":"WIFI","$app_name":"soundcore","page_name":"4","$wifi":true,"$timezone_offset":420,"firmware_version":"01.07","mac":"30:33:45:44:31:36:35:41:
2026-09-04 22:43:51.223986 SoundCore{scbody.dylib}[28649] <NOTICE>: SCBODY #102 seg 7/9 2D:39:44:44:46:2D:33:41:37:36:2D:45:43:30:33:2D:43:43:30:42:33:31:41:46:38:30:43:31","app_line":"SoundCore","$screen_height":844,"track_sign":"aSC_START_GUIDE.b
2026-09-04 22:43:51.223995 SoundCore{scbody.dylib}[28649] <NOTICE>: SCBODY #102 seg 8/9 159.c650.CLICK.SC_START_GUIDE_CLICK","$lib_method":"code","$lib_version":"4.8.3","$os_version":"26.5.1","$lib":"iOS","$manufacturer":"Apple","product_code":"D13
2026-09-04 22:43:51.224006 SoundCore{scbody.dylib}[28649] <NOTICE>: SCBODY #102 seg 9/9 01S","$app_id":"com.oceanwing.SoundCore.G8AW4BQ7RV"},"distinct_id":"25175005-856F-4AAB-A276-01988F6459F5","type":"track"}
2026-09-04 22:43:51.224017 SoundCore{scbody.dylib}[28649] <NOTICE>: SCBODY CAPTURE #102 END
2026-09-04 22:43:51.224028 SoundCore{scbody.dylib}[28649] <NOTICE>: SCBODY MODIFY 1401 -> 1401 bytes
2026-09-04 22:43:51.224042 SoundCore{scbody.dylib}[28649] <NOTICE>: SCBODY CAPTURE #103 src=json-mod url=(none) len=1401 score=2 BEGIN
2026-09-04 22:43:51.224053 SoundCore{scbody.dylib}[28649] <NOTICE>: SCBODY #103 seg 1/9 {"anonymous_id":"25175005-856F-4AAB-A276-01988F6459F5","_track_id":512502415,"event":"SC_START_GUIDE_CLICK","time":1788587031211,"identities":{"$identity_idfv":
2026-09-04 22:43:51.224066 SoundCore{scbody.dylib}[28649] <NOTICE>: SCBODY #103 seg 2/9 "E0D81581-DDEB-449A-BBBF-566EB2CC2EB3","identity_deviceid_sn":"8184731F-E09A-43AE-A72B-D38009464EA4||13017CE9136B47AC","$identity_anonymous_id":"25175005-856F-4
2026-09-04 22:43:51.224075 SoundCore{scbody.dylib}[28649] <NOTICE>: SCBODY #103 seg 3/9 AAB-A276-01988F6459F5"},"lib":{"$lib_version":"4.8.3","$lib":"iOS","$app_version":"5.0.02","$lib_method":"code"},"properties":{"$os":"iOS","$screen_width":390,"
2026-09-04 22:43:51.224087 SoundCore{scbody.dylib}[28649] <NOTICE>: SCBODY #103 seg 4/9 $app_version":"5.0.02","country":"US","duration":0.9131510257720947,"sn":"13017CE9136B47AC","is_secret":false,"device_id":"8184731F-E09A-43AE-A72B-D38009464EA4"
2026-09-04 22:43:51.224118 SoundCore{scbody.dylib}[28649] <NOTICE>: SCBODY #103 seg 5/9 ,"$is_first_day":true,"$device_id":"E0D81581-DDEB-449A-BBBF-566EB2CC2EB3","uuid":"8184731F-E09A-43AE-A72B-D38009464EA4","requirement_id":262,"$model":"iPhone18,
2026-09-04 22:43:51.224135 SoundCore{scbody.dylib}[28649] <NOTICE>: SCBODY #103 seg 6/9 5","$network_type":"WIFI","$app_name":"soundcore","page_name":"4","$wifi":true,"$timezone_offset":420,"firmware_version":"01.05","mac":"30:33:45:44:31:36:35:41:
2026-09-04 22:43:51.224147 SoundCore{scbody.dylib}[28649] <NOTICE>: SCBODY #103 seg 7/9 2D:39:44:44:46:2D:33:41:37:36:2D:45:43:30:33:2D:43:43:30:42:33:31:41:46:38:30:43:31","app_line":"SoundCore","$screen_height":844,"track_sign":"aSC_START_GUIDE.b
2026-09-04 22:43:51.224163 SoundCore{scbody.dylib}[28649] <NOTICE>: SCBODY #103 seg 8/9 159.c650.CLICK.SC_START_GUIDE_CLICK","$lib_method":"code","$lib_version":"4.8.3","$os_version":"26.5.1","$lib":"iOS","$manufacturer":"Apple","product_code":"D13
2026-09-04 22:43:51.224174 SoundCore{scbody.dylib}[28649] <NOTICE>: SCBODY #103 seg 9/9 01S","$app_id":"com.oceanwing.SoundCore.G8AW4BQ7RV"},"distinct_id":"25175005-856F-4AAB-A276-01988F6459F5","type":"track"}
2026-09-04 22:43:51.224207 SoundCore{scbody.dylib}[28649] <NOTICE>: SCBODY CAPTURE #103 END
2026-09-04 22:43:52.017676 SoundCore{scbody.dylib}[28649] <NOTICE>: SCBODY CAPTURE #104 src=json url=(none) len=740 score=2 BEGIN
2026-09-04 22:43:52.017690 SoundCore{scbody.dylib}[28649] <NOTICE>: SCBODY #104 seg 1/5 {"events":[{"value_string":"{\"res_code\":1,\"content\":{\"num\":0,\"state\":\"\",\"delay\":0},\"product_code\":\"\",\"id\":0,\"open_browser\":0,\"message\":\"S
2026-09-04 22:43:52.017720 SoundCore{scbody.dylib}[28649] <NOTICE>: SCBODY #104 seg 2/5 UCCESS\",\"is_need\":false,\"type\":\"\",\"url\":{\"web\":\"\",\"app\":\"\",\"share\":\"\"}}","module":"POP","time":"1788587032","mac":"30:33:45:44:31:36:35:41:
2026-09-04 22:43:52.017732 SoundCore{scbody.dylib}[28649] <NOTICE>: SCBODY #104 seg 3/5 2D:39:44:44:46:2D:33:41:37:36:2D:45:43:30:33:2D:43:43:30:42:33:31:41:46:38:30:43:31","device_id":"","product_code":"D1301S","sn":"13017CE9136B47AC","type":"1","
2026-09-04 22:43:52.017741 SoundCore{scbody.dylib}[28649] <NOTICE>: SCBODY #104 seg 4/5 name":"APP_POP_REQUEST_SUCCESS"}],"country":"US","sys_type":"iOS","http_user_agent":"soundcore-iOS-5.0.02","phone_model":"iPhone18,5","uuid":"DEB03254-8942-4310
2026-09-04 22:43:52.017752 SoundCore{scbody.dylib}[28649] <NOTICE>: SCBODY #104 seg 5/5 -A8CA-57EBE5F7CBA0","user_id":"","phone_name":"iPhone","sys_version":"26.5.1","phone_brand":"Apple"}
2026-09-04 22:43:52.019228 SoundCore{scbody.dylib}[28649] <NOTICE>: SCBODY CAPTURE #104 END
2026-09-04 22:43:53.347912 SoundCore{scbody.dylib}[28649] <NOTICE>: SCBODY CAPTURE #105 src=json url=(none) len=1388 score=2 BEGIN
2026-09-04 22:43:53.347927 SoundCore{scbody.dylib}[28649] <NOTICE>: SCBODY #105 seg 1/9 {"anonymous_id":"25175005-856F-4AAB-A276-01988F6459F5","_track_id":4076353272,"event":"SC_HOME_DEVICE_RESULT","time":1788587033347,"identities":{"$identity_idfv
2026-09-04 22:43:53.347948 SoundCore{scbody.dylib}[28649] <NOTICE>: SCBODY #105 seg 2/9 ":"E0D81581-DDEB-449A-BBBF-566EB2CC2EB3","identity_deviceid_sn":"8184731F-E09A-43AE-A72B-D38009464EA4||13017CE9136B47AC","$identity_anonymous_id":"25175005-856F
2026-09-04 22:43:53.347959 SoundCore{scbody.dylib}[28649] <NOTICE>: SCBODY #105 seg 3/9 -4AAB-A276-01988F6459F5"},"lib":{"$lib_version":"4.8.3","$lib":"iOS","$app_version":"5.0.02","$lib_method":"code"},"properties":{"$os":"iOS","$screen_width":390
2026-09-04 22:43:53.347977 SoundCore{scbody.dylib}[28649] <NOTICE>: SCBODY #105 seg 4/9 ,"$app_version":"5.0.02","country":"US","sn":"13017CE9136B47AC","is_secret":false,"$is_first_day":true,"$model":"iPhone18,5","$device_id":"E0D81581-DDEB-449A-BB
2026-09-04 22:43:53.347986 SoundCore{scbody.dylib}[28649] <NOTICE>: SCBODY #105 seg 5/9 BF-566EB2CC2EB3","uuid":"8184731F-E09A-43AE-A72B-D38009464EA4","requirement_id":263,"scene_name":"mask_optimize","$network_type":"WIFI","$wifi":true,"firmware_v
2026-09-04 22:43:53.347993 SoundCore{scbody.dylib}[28649] <NOTICE>: SCBODY #105 seg 6/9 ersion":"01.07","$app_name":"soundcore","device_id":"8184731F-E09A-43AE-A72B-D38009464EA4","$timezone_offset":420,"mac":"30:33:45:44:31:36:35:41:2D:39:44:44:46:
2026-09-04 22:43:53.348000 SoundCore{scbody.dylib}[28649] <NOTICE>: SCBODY #105 seg 7/9 2D:33:41:37:36:2D:45:43:30:33:2D:43:43:30:42:33:31:41:46:38:30:43:31","app_line":"SoundCore","$screen_height":844,"track_sign":"aSC_HOME_DEVICE.b116.c662.RESULT
2026-09-04 22:43:53.348011 SoundCore{scbody.dylib}[28649] <NOTICE>: SCBODY #105 seg 8/9 .SC_HOME_DEVICE_RESULT","$lib_method":"code","$lib_version":"4.8.3","$os_version":"26.5.1","$lib":"iOS","$manufacturer":"Apple","product_code":"D1301S","$app_id
2026-09-04 22:43:53.348019 SoundCore{scbody.dylib}[28649] <NOTICE>: SCBODY #105 seg 9/9 ":"com.oceanwing.SoundCore.G8AW4BQ7RV"},"distinct_id":"25175005-856F-4AAB-A276-01988F6459F5","type":"track"}
2026-09-04 22:43:53.348026 SoundCore{scbody.dylib}[28649] <NOTICE>: SCBODY CAPTURE #105 END
2026-09-04 22:43:53.348033 SoundCore{scbody.dylib}[28649] <NOTICE>: SCBODY MODIFY 1388 -> 1388 bytes
2026-09-04 22:43:53.348040 SoundCore{scbody.dylib}[28649] <NOTICE>: SCBODY CAPTURE #106 src=json-mod url=(none) len=1388 score=2 BEGIN
2026-09-04 22:43:53.348050 SoundCore{scbody.dylib}[28649] <NOTICE>: SCBODY #106 seg 1/9 {"anonymous_id":"25175005-856F-4AAB-A276-01988F6459F5","_track_id":4076353272,"event":"SC_HOME_DEVICE_RESULT","time":1788587033347,"identities":{"$identity_idfv
2026-09-04 22:43:53.348060 SoundCore{scbody.dylib}[28649] <NOTICE>: SCBODY #106 seg 2/9 ":"E0D81581-DDEB-449A-BBBF-566EB2CC2EB3","identity_deviceid_sn":"8184731F-E09A-43AE-A72B-D38009464EA4||13017CE9136B47AC","$identity_anonymous_id":"25175005-856F
2026-09-04 22:43:53.348081 SoundCore{scbody.dylib}[28649] <NOTICE>: SCBODY #106 seg 3/9 -4AAB-A276-01988F6459F5"},"lib":{"$lib_version":"4.8.3","$lib":"iOS","$app_version":"5.0.02","$lib_method":"code"},"properties":{"$os":"iOS","$screen_width":390
2026-09-04 22:43:53.348094 SoundCore{scbody.dylib}[28649] <NOTICE>: SCBODY #106 seg 4/9 ,"$app_version":"5.0.02","country":"US","sn":"13017CE9136B47AC","is_secret":false,"$is_first_day":true,"$model":"iPhone18,5","$device_id":"E0D81581-DDEB-449A-BB
2026-09-04 22:43:53.348101 SoundCore{scbody.dylib}[28649] <NOTICE>: SCBODY #106 seg 5/9 BF-566EB2CC2EB3","uuid":"8184731F-E09A-43AE-A72B-D38009464EA4","requirement_id":263,"scene_name":"mask_optimize","$network_type":"WIFI","$wifi":true,"firmware_v
2026-09-04 22:43:53.348108 SoundCore{scbody.dylib}[28649] <NOTICE>: SCBODY #106 seg 6/9 ersion":"01.05","$app_name":"soundcore","device_id":"8184731F-E09A-43AE-A72B-D38009464EA4","$timezone_offset":420,"mac":"30:33:45:44:31:36:35:41:2D:39:44:44:46:
2026-09-04 22:43:53.348115 SoundCore{scbody.dylib}[28649] <NOTICE>: SCBODY #106 seg 7/9 2D:33:41:37:36:2D:45:43:30:33:2D:43:43:30:42:33:31:41:46:38:30:43:31","app_line":"SoundCore","$screen_height":844,"track_sign":"aSC_HOME_DEVICE.b116.c662.RESULT
2026-09-04 22:43:53.348121 SoundCore{scbody.dylib}[28649] <NOTICE>: SCBODY #106 seg 8/9 .SC_HOME_DEVICE_RESULT","$lib_method":"code","$lib_version":"4.8.3","$os_version":"26.5.1","$lib":"iOS","$manufacturer":"Apple","product_code":"D1301S","$app_id
2026-09-04 22:43:53.348128 SoundCore{scbody.dylib}[28649] <NOTICE>: SCBODY #106 seg 9/9 ":"com.oceanwing.SoundCore.G8AW4BQ7RV"},"distinct_id":"25175005-856F-4AAB-A276-01988F6459F5","type":"track"}
2026-09-04 22:43:53.348135 SoundCore{scbody.dylib}[28649] <NOTICE>: SCBODY CAPTURE #106 END
2026-09-04 22:43:54.028039 SoundCore{scbody.dylib}[28649] <NOTICE>: SCBODY CAPTURE #107 src=json url=(none) len=1551 score=2 BEGIN
2026-09-04 22:43:54.028106 SoundCore{scbody.dylib}[28649] <NOTICE>: SCBODY #107 seg 1/10 {"events":[{"value_string":"","module":"USERCENTER","product_code":"none","mac":"","time":"1788587012","device_id":"","sn":"","type":"0","name":"APP_UNCON_DEVIC
2026-09-04 22:43:54.028191 SoundCore{scbody.dylib}[28649] <NOTICE>: SCBODY #107 seg 2/10 E_LOGIN_SKIP"},{"value_string":"","module":"USERCENTER","product_code":"none","device_id":"","time":"1788587013","mac":"","sn":"","type":"1","name":"APP_USER_RE
2026-09-04 22:43:54.028211 SoundCore{scbody.dylib}[28649] <NOTICE>: SCBODY #107 seg 3/10 SEARCH_IMPRESSION"},{"value_string":"{\"num\":\"1\",\"code\":\"D1301S\",\"new_pn\":\"\"}","module":"RECOMMENDED_DEVICE","product_code":"none","mac":"","time":"1
2026-09-04 22:43:54.028234 SoundCore{scbody.dylib}[28649] <NOTICE>: SCBODY #107 seg 4/10 788587018","device_id":"","sn":"","type":"1","name":"RECOMMENDED_NEW_DEVICE_CONNECTION"},{"value_string":"D1301S","module":"RECOMMENDED_DEVICE","product_code":"
2026-09-04 22:43:54.028258 SoundCore{scbody.dylib}[28649] <NOTICE>: SCBODY #107 seg 5/10 D1301S","mac":"","time":"1788587021","device_id":"","sn":"","type":"0","name":"NEW_DEVICE_CONNECTION_CLICK_GO"},{"value_string":"0101090930312e303730312e3037313
2026-09-04 22:43:54.028268 SoundCore{scbody.dylib}[28649] <NOTICE>: SCBODY #107 seg 6/10 3303137434539313336423437414311288a13e97c30312e30310000000006dd881100ffffffffffffffff001e0001ffffff0000010000320d0100060000000000000000000001b8883e0000000000030
2026-09-04 22:43:54.028290 SoundCore{scbody.dylib}[28649] <NOTICE>: SCBODY #107 seg 7/10 2018000000000000004030280000000000000040403800000000000000405048000000000000004010000010300000101010000010100e9","module":"HOME_PAGE","product_code":"D1301S","d
2026-09-04 22:43:54.028299 SoundCore{scbody.dylib}[28649] <NOTICE>: SCBODY #107 seg 8/10 evice_id":"","time":"1788587024","mac":"30:33:45:44:31:36:35:41:2D:39:44:44:46:2D:33:41:37:36:2D:45:43:30:33:2D:43:43:30:42:33:31:41:46:38:30:43:31","sn":"","ty
2026-09-04 22:43:54.028309 SoundCore{scbody.dylib}[28649] <NOTICE>: SCBODY #107 seg 9/10 pe":"1","name":"DEV_DATA_COMMAND_ALL_INFO"}],"country":"US","sys_type":"iOS","http_user_agent":"soundcore-iOS-5.0.02","phone_model":"iPhone18,5","uuid":"DEB0325
2026-09-04 22:43:54.028321 SoundCore{scbody.dylib}[28649] <NOTICE>: SCBODY #107 seg 10/10 4-8942-4310-A8CA-57EBE5F7CBA0","user_id":"","phone_name":"iPhone","sys_version":"26.5.1","phone_brand":"Apple"}
2026-09-04 22:43:54.028335 SoundCore{scbody.dylib}[28649] <NOTICE>: SCBODY CAPTURE #107 END
2026-09-04 22:43:54.028997 SoundCore{scbody.dylib}[28649] <NOTICE>: SCBODY CAPTURE #108 src=json url=(none) len=1289 score=2 BEGIN
2026-09-04 22:43:54.029037 SoundCore{scbody.dylib}[28649] <NOTICE>: SCBODY #108 seg 1/9 {"anonymous_id":"25175005-856F-4AAB-A276-01988F6459F5","_track_id":773371441,"event":"$BindID","time":1788587024110,"identities":{"$identity_idfv":"E0D81581-DDE
2026-09-04 22:43:54.029069 SoundCore{scbody.dylib}[28649] <NOTICE>: SCBODY #108 seg 2/9 B-449A-BBBF-566EB2CC2EB3","$identity_anonymous_id":"25175005-856F-4AAB-A276-01988F6459F5","identity_deviceid_sn":"8184731F-E09A-43AE-A72B-D38009464EA4||13017CE9
2026-09-04 22:43:54.029087 SoundCore{scbody.dylib}[28649] <NOTICE>: SCBODY #108 seg 3/9 136B47AC"},"lib":{"$lib_version":"4.8.3","$lib":"iOS","$app_version":"5.0.02","$lib_method":"code"},"properties":{"$os":"iOS","$screen_width":390,"$app_version"
2026-09-04 22:43:54.029190 SoundCore{scbody.dylib}[28649] <NOTICE>: SCBODY #108 seg 4/9 :"5.0.02","country":"US","sn":"13017CE9136B47AC","is_secret":false,"$is_first_day":true,"$model":"iPhone18,5","$device_id":"E0D81581-DDEB-449A-BBBF-566EB2CC2EB3
2026-09-04 22:43:54.029214 SoundCore{scbody.dylib}[28649] <NOTICE>: SCBODY #108 seg 5/9 ","uuid":"8184731F-E09A-43AE-A72B-D38009464EA4","$network_type":"WIFI","firmware_version":"01.05","device_id":"8184731F-E09A-43AE-A72B-D38009464EA4","$app_name"
2026-09-04 22:43:54.029223 SoundCore{scbody.dylib}[28649] <NOTICE>: SCBODY #108 seg 6/9 :"soundcore","$wifi":true,"$timezone_offset":420,"mac":"30:33:45:44:31:36:35:41:2D:39:44:44:46:2D:33:41:37:36:2D:45:43:30:33:2D:43:43:30:42:33:31:41:46:38:30:43
2026-09-04 22:43:54.029231 SoundCore{scbody.dylib}[28649] <NOTICE>: SCBODY #108 seg 7/9 :31","app_line":"SoundCore","$screen_height":844,"$lib_method":"code","$lib_version":"4.8.3","$os_version":"26.5.1","$lib":"iOS","$manufacturer":"Apple","produc
2026-09-04 22:43:54.029239 SoundCore{scbody.dylib}[28649] <NOTICE>: SCBODY #108 seg 8/9 t_code":"D1301S","$app_id":"com.oceanwing.SoundCore.G8AW4BQ7RV"},"distinct_id":"25175005-856F-4AAB-A276-01988F6459F5","type":"track_id_bind","_flush_time":17885
2026-09-04 22:43:54.029248 SoundCore{scbody.dylib}[28649] <NOTICE>: SCBODY #108 seg 9/9 87034028}
2026-09-04 22:43:54.029258 SoundCore{scbody.dylib}[28649] <NOTICE>: SCBODY CAPTURE #108 END
2026-09-04 22:43:54.029826 SoundCore{scbody.dylib}[28649] <NOTICE>: SCBODY CAPTURE #109 src=json url=(none) len=1399 score=2 BEGIN
2026-09-04 22:43:54.029847 SoundCore{scbody.dylib}[28649] <NOTICE>: SCBODY #109 seg 1/9 {"anonymous_id":"25175005-856F-4AAB-A276-01988F6459F5","_track_id":3438770373,"event":"SC_HOME_DEVICE_RESULT","time":1788587024116,"identities":{"$identity_idfv
2026-09-04 22:43:54.029863 SoundCore{scbody.dylib}[28649] <NOTICE>: SCBODY #109 seg 2/9 ":"E0D81581-DDEB-449A-BBBF-566EB2CC2EB3","$identity_anonymous_id":"25175005-856F-4AAB-A276-01988F6459F5","identity_deviceid_sn":"8184731F-E09A-43AE-A72B-D380094
2026-09-04 22:43:54.029888 SoundCore{scbody.dylib}[28649] <NOTICE>: SCBODY #109 seg 3/9 64EA4||13017CE9136B47AC"},"lib":{"$lib_version":"4.8.3","$lib":"iOS","$app_version":"5.0.02","$lib_method":"code"},"properties":{"$os":"iOS","$app_id":"com.ocea
2026-09-04 22:43:54.029896 SoundCore{scbody.dylib}[28649] <NOTICE>: SCBODY #109 seg 4/9 nwing.SoundCore.G8AW4BQ7RV","$screen_width":390,"$app_version":"5.0.02","country":"US","sn":"13017CE9136B47AC","is_secret":false,"$is_first_day":true,"$model":"
2026-09-04 22:43:54.029904 SoundCore{scbody.dylib}[28649] <NOTICE>: SCBODY #109 seg 5/9 iPhone18,5","$device_id":"E0D81581-DDEB-449A-BBBF-566EB2CC2EB3","uuid":"8184731F-E09A-43AE-A72B-D38009464EA4","requirement_id":1,"$network_type":"WIFI","firmwar
2026-09-04 22:43:54.029920 SoundCore{scbody.dylib}[28649] <NOTICE>: SCBODY #109 seg 6/9 e_version":"01.05","$app_name":"soundcore","$wifi":true,"device_id":"8184731F-E09A-43AE-A72B-D38009464EA4","$timezone_offset":420,"mac":"30:33:45:44:31:36:35:41
2026-09-04 22:43:54.030015 SoundCore{scbody.dylib}[28649] <NOTICE>: SCBODY #109 seg 7/9 :2D:39:44:44:46:2D:33:41:37:36:2D:45:43:30:33:2D:43:43:30:42:33:31:41:46:38:30:43:31","app_line":"SoundCore","$screen_height":844,"track_sign":"aSC_HOME_DEVICE.
2026-09-04 22:43:54.030046 SoundCore{scbody.dylib}[28649] <NOTICE>: SCBODY #109 seg 8/9 b3.d4.RESULT.SC_HOME_DEVICE_RESULT","$lib_method":"code","$lib_version":"4.8.3","$os_version":"26.5.1","$lib":"iOS","$manufacturer":"Apple","product_code":"D130
2026-09-04 22:43:54.030101 SoundCore{scbody.dylib}[28649] <NOTICE>: SCBODY #109 seg 9/9 1S","is_success":true},"distinct_id":"25175005-856F-4AAB-A276-01988F6459F5","type":"track","_flush_time":1788587034029}
2026-09-04 22:43:54.030110 SoundCore{scbody.dylib}[28649] <NOTICE>: SCBODY CAPTURE #109 END
2026-09-04 22:43:54.030653 SoundCore{scbody.dylib}[28649] <NOTICE>: SCBODY CAPTURE #110 src=json url=(none) len=1412 score=2 BEGIN
2026-09-04 22:43:54.030729 SoundCore{scbody.dylib}[28649] <NOTICE>: SCBODY #110 seg 1/9 {"anonymous_id":"25175005-856F-4AAB-A276-01988F6459F5","_track_id":1017931052,"event":"SC_START_GUIDE_PAGEVIEW","time":1788587024443,"identities":{"$identity_id
2026-09-04 22:43:54.030739 SoundCore{scbody.dylib}[28649] <NOTICE>: SCBODY #110 seg 2/9 fv":"E0D81581-DDEB-449A-BBBF-566EB2CC2EB3","$identity_anonymous_id":"25175005-856F-4AAB-A276-01988F6459F5","identity_deviceid_sn":"8184731F-E09A-43AE-A72B-D3800
2026-09-04 22:43:54.030762 SoundCore{scbody.dylib}[28649] <NOTICE>: SCBODY #110 seg 3/9 9464EA4||13017CE9136B47AC"},"lib":{"$lib_version":"4.8.3","$lib":"iOS","$app_version":"5.0.02","$lib_method":"code"},"properties":{"$os":"iOS","$screen_width":3
2026-09-04 22:43:54.030793 SoundCore{scbody.dylib}[28649] <NOTICE>: SCBODY #110 seg 4/9 90,"$app_version":"5.0.02","country":"US","sn":"13017CE9136B47AC","is_secret":false,"$is_first_day":true,"$model":"iPhone18,5","$device_id":"E0D81581-DDEB-449A-
2026-09-04 22:43:54.030817 SoundCore{scbody.dylib}[28649] <NOTICE>: SCBODY #110 seg 5/9 BBBF-566EB2CC2EB3","uuid":"8184731F-E09A-43AE-A72B-D38009464EA4","requirement_id":399,"$timezone_offset":420,"$network_type":"WIFI","page_name":"guide_one","$wi
2026-09-04 22:43:54.030826 SoundCore{scbody.dylib}[28649] <NOTICE>: SCBODY #110 seg 6/9 fi":true,"firmware_version":"01.05","$app_name":"soundcore","device_id":"8184731F-E09A-43AE-A72B-D38009464EA4","mac":"30:33:45:44:31:36:35:41:2D:39:44:44:46:2D:
2026-09-04 22:43:54.030834 SoundCore{scbody.dylib}[28649] <NOTICE>: SCBODY #110 seg 7/9 33:41:37:36:2D:45:43:30:33:2D:43:43:30:42:33:31:41:46:38:30:43:31","app_line":"SoundCore","$screen_height":844,"track_sign":"aSC_START_GUIDE.b654.PAGEVIEW.SC_ST
2026-09-04 22:43:54.030841 SoundCore{scbody.dylib}[28649] <NOTICE>: SCBODY #110 seg 8/9 ART_GUIDE_PAGEVIEW","$lib_method":"code","$lib_version":"4.8.3","$os_version":"26.5.1","$lib":"iOS","$manufacturer":"Apple","product_code":"D1301S","$app_id":"c
2026-09-04 22:43:54.030850 SoundCore{scbody.dylib}[28649] <NOTICE>: SCBODY #110 seg 9/9 om.oceanwing.SoundCore.G8AW4BQ7RV"},"distinct_id":"25175005-856F-4AAB-A276-01988F6459F5","type":"track","_flush_time":1788587034030}
2026-09-04 22:43:54.030859 SoundCore{scbody.dylib}[28649] <NOTICE>: SCBODY CAPTURE #110 END
2026-09-04 22:43:54.031050 SoundCore{scbody.dylib}[28649] <NOTICE>: SCBODY CAPTURE #111 src=json url=(none) len=1412 score=2 BEGIN
2026-09-04 22:43:54.031069 SoundCore{scbody.dylib}[28649] <NOTICE>: SCBODY #111 seg 1/9 {"anonymous_id":"25175005-856F-4AAB-A276-01988F6459F5","_track_id":1659791563,"event":"SC_START_GUIDE_PAGEVIEW","time":1788587024449,"identities":{"$identity_id
2026-09-04 22:43:54.031078 SoundCore{scbody.dylib}[28649] <NOTICE>: SCBODY #111 seg 2/9 fv":"E0D81581-DDEB-449A-BBBF-566EB2CC2EB3","$identity_anonymous_id":"25175005-856F-4AAB-A276-01988F6459F5","identity_deviceid_sn":"8184731F-E09A-43AE-A72B-D3800
2026-09-04 22:43:54.031099 SoundCore{scbody.dylib}[28649] <NOTICE>: SCBODY #111 seg 3/9 9464EA4||13017CE9136B47AC"},"lib":{"$lib_version":"4.8.3","$lib":"iOS","$app_version":"5.0.02","$lib_method":"code"},"properties":{"$os":"iOS","$screen_width":3
2026-09-04 22:43:54.031110 SoundCore{scbody.dylib}[28649] <NOTICE>: SCBODY #111 seg 4/9 90,"$app_version":"5.0.02","country":"US","sn":"13017CE9136B47AC","is_secret":false,"$is_first_day":true,"$model":"iPhone18,5","$device_id":"E0D81581-DDEB-449A-
2026-09-04 22:43:54.031119 SoundCore{scbody.dylib}[28649] <NOTICE>: SCBODY #111 seg 5/9 BBBF-566EB2CC2EB3","uuid":"8184731F-E09A-43AE-A72B-D38009464EA4","requirement_id":399,"$timezone_offset":420,"$network_type":"WIFI","page_name":"guide_two","$wi
2026-09-04 22:43:54.031127 SoundCore{scbody.dylib}[28649] <NOTICE>: SCBODY #111 seg 6/9 fi":true,"firmware_version":"01.05","$app_name":"soundcore","device_id":"8184731F-E09A-43AE-A72B-D38009464EA4","mac":"30:33:45:44:31:36:35:41:2D:39:44:44:46:2D:
2026-09-04 22:43:54.031184 SoundCore{scbody.dylib}[28649] <NOTICE>: SCBODY #111 seg 7/9 33:41:37:36:2D:45:43:30:33:2D:43:43:30:42:33:31:41:46:38:30:43:31","app_line":"SoundCore","$screen_height":844,"track_sign":"aSC_START_GUIDE.b654.PAGEVIEW.SC_ST
2026-09-04 22:43:54.031194 SoundCore{scbody.dylib}[28649] <NOTICE>: SCBODY #111 seg 8/9 ART_GUIDE_PAGEVIEW","$lib_method":"code","$lib_version":"4.8.3","$os_version":"26.5.1","$lib":"iOS","$manufacturer":"Apple","product_code":"D1301S","$app_id":"c
2026-09-04 22:43:54.031202 SoundCore{scbody.dylib}[28649] <NOTICE>: SCBODY #111 seg 9/9 om.oceanwing.SoundCore.G8AW4BQ7RV"},"distinct_id":"25175005-856F-4AAB-A276-01988F6459F5","type":"track","_flush_time":1788587034030}
2026-09-04 22:43:54.031227 SoundCore{scbody.dylib}[28649] <NOTICE>: SCBODY CAPTURE #111 END
2026-09-04 22:43:54.031329 SoundCore{scbody.dylib}[28649] <NOTICE>: SCBODY CAPTURE #112 src=json url=(none) len=1411 score=2 BEGIN
2026-09-04 22:43:54.031340 SoundCore{scbody.dylib}[28649] <NOTICE>: SCBODY #112 seg 1/9 {"anonymous_id":"25175005-856F-4AAB-A276-01988F6459F5","_track_id":950897160,"event":"SC_START_GUIDE_PAGEVIEW","time":1788587024454,"identities":{"$identity_idf
2026-09-04 22:43:54.031362 SoundCore{scbody.dylib}[28649] <NOTICE>: SCBODY #112 seg 2/9 v":"E0D81581-DDEB-449A-BBBF-566EB2CC2EB3","$identity_anonymous_id":"25175005-856F-4AAB-A276-01988F6459F5","identity_deviceid_sn":"8184731F-E09A-43AE-A72B-D38009
2026-09-04 22:43:54.031371 SoundCore{scbody.dylib}[28649] <NOTICE>: SCBODY #112 seg 3/9 464EA4||13017CE9136B47AC"},"lib":{"$lib_version":"4.8.3","$lib":"iOS","$app_version":"5.0.02","$lib_method":"code"},"properties":{"$os":"iOS","$screen_width":39
2026-09-04 22:43:54.031379 SoundCore{scbody.dylib}[28649] <NOTICE>: SCBODY #112 seg 4/9 0,"$app_version":"5.0.02","country":"US","sn":"13017CE9136B47AC","is_secret":false,"$is_first_day":true,"$model":"iPhone18,5","$device_id":"E0D81581-DDEB-449A-B
2026-09-04 22:43:54.031386 SoundCore{scbody.dylib}[28649] <NOTICE>: SCBODY #112 seg 5/9 BBF-566EB2CC2EB3","uuid":"8184731F-E09A-43AE-A72B-D38009464EA4","requirement_id":399,"$timezone_offset":420,"$network_type":"WIFI","page_name":"guide_one","$wif
2026-09-04 22:43:54.031394 SoundCore{scbody.dylib}[28649] <NOTICE>: SCBODY #112 seg 6/9 i":true,"firmware_version":"01.05","$app_name":"soundcore","device_id":"8184731F-E09A-43AE-A72B-D38009464EA4","mac":"30:33:45:44:31:36:35:41:2D:39:44:44:46:2D:3
2026-09-04 22:43:54.031448 SoundCore{scbody.dylib}[28649] <NOTICE>: SCBODY #112 seg 7/9 3:41:37:36:2D:45:43:30:33:2D:43:43:30:42:33:31:41:46:38:30:43:31","app_line":"SoundCore","$screen_height":844,"track_sign":"aSC_START_GUIDE.b654.PAGEVIEW.SC_STA
2026-09-04 22:43:54.031464 SoundCore{scbody.dylib}[28649] <NOTICE>: SCBODY #112 seg 8/9 RT_GUIDE_PAGEVIEW","$lib_method":"code","$lib_version":"4.8.3","$os_version":"26.5.1","$lib":"iOS","$manufacturer":"Apple","product_code":"D1301S","$app_id":"co
2026-09-04 22:43:54.031475 SoundCore{scbody.dylib}[28649] <NOTICE>: SCBODY #112 seg 9/9 m.oceanwing.SoundCore.G8AW4BQ7RV"},"distinct_id":"25175005-856F-4AAB-A276-01988F6459F5","type":"track","_flush_time":1788587034031}
2026-09-04 22:43:54.031484 SoundCore{scbody.dylib}[28649] <NOTICE>: SCBODY CAPTURE #112 END
2026-09-04 22:43:54.031629 SoundCore{scbody.dylib}[28649] <NOTICE>: SCBODY CAPTURE #113 src=json url=(none) len=1412 score=2 BEGIN
2026-09-04 22:43:54.031645 SoundCore{scbody.dylib}[28649] <NOTICE>: SCBODY #113 seg 1/9 {"anonymous_id":"25175005-856F-4AAB-A276-01988F6459F5","_track_id":1893104796,"event":"SC_START_GUIDE_PAGEVIEW","time":1788587024460,"identities":{"$identity_id
2026-09-04 22:43:54.031655 SoundCore{scbody.dylib}[28649] <NOTICE>: SCBODY #113 seg 2/9 fv":"E0D81581-DDEB-449A-BBBF-566EB2CC2EB3","$identity_anonymous_id":"25175005-856F-4AAB-A276-01988F6459F5","identity_deviceid_sn":"8184731F-E09A-43AE-A72B-D3800
2026-09-04 22:43:54.031760 SoundCore{scbody.dylib}[28649] <NOTICE>: SCBODY #113 seg 3/9 9464EA4||13017CE9136B47AC"},"lib":{"$lib_version":"4.8.3","$lib":"iOS","$app_version":"5.0.02","$lib_method":"code"},"properties":{"$os":"iOS","$screen_width":3
2026-09-04 22:43:54.031770 SoundCore{scbody.dylib}[28649] <NOTICE>: SCBODY #113 seg 4/9 90,"$app_version":"5.0.02","country":"US","sn":"13017CE9136B47AC","is_secret":false,"$is_first_day":true,"$model":"iPhone18,5","$device_id":"E0D81581-DDEB-449A-
2026-09-04 22:43:54.031778 SoundCore{scbody.dylib}[28649] <NOTICE>: SCBODY #113 seg 5/9 BBBF-566EB2CC2EB3","uuid":"8184731F-E09A-43AE-A72B-D38009464EA4","requirement_id":399,"$timezone_offset":420,"$network_type":"WIFI","page_name":"guide_two","$wi
2026-09-04 22:43:54.031786 SoundCore{scbody.dylib}[28649] <NOTICE>: SCBODY #113 seg 6/9 fi":true,"firmware_version":"01.05","$app_name":"soundcore","device_id":"8184731F-E09A-43AE-A72B-D38009464EA4","mac":"30:33:45:44:31:36:35:41:2D:39:44:44:46:2D:
2026-09-04 22:43:54.031793 SoundCore{scbody.dylib}[28649] <NOTICE>: SCBODY #113 seg 7/9 33:41:37:36:2D:45:43:30:33:2D:43:43:30:42:33:31:41:46:38:30:43:31","app_line":"SoundCore","$screen_height":844,"track_sign":"aSC_START_GUIDE.b654.PAGEVIEW.SC_ST
2026-09-04 22:43:54.031806 SoundCore{scbody.dylib}[28649] <NOTICE>: SCBODY #113 seg 8/9 ART_GUIDE_PAGEVIEW","$lib_method":"code","$lib_version":"4.8.3","$os_version":"26.5.1","$lib":"iOS","$manufacturer":"Apple","product_code":"D1301S","$app_id":"c
2026-09-04 22:43:54.031839 SoundCore{scbody.dylib}[28649] <NOTICE>: SCBODY #113 seg 9/9 om.oceanwing.SoundCore.G8AW4BQ7RV"},"distinct_id":"25175005-856F-4AAB-A276-01988F6459F5","type":"track","_flush_time":1788587034031}
2026-09-04 22:43:54.031931 SoundCore{scbody.dylib}[28649] <NOTICE>: SCBODY CAPTURE #113 END
2026-09-04 22:43:54.032103 SoundCore{scbody.dylib}[28649] <NOTICE>: SCBODY CAPTURE #114 src=json url=(none) len=1411 score=2 BEGIN
2026-09-04 22:43:54.032111 SoundCore{scbody.dylib}[28649] <NOTICE>: SCBODY #114 seg 1/9 {"anonymous_id":"25175005-856F-4AAB-A276-01988F6459F5","_track_id":195526375,"event":"SC_START_GUIDE_PAGEVIEW","time":1788587024465,"identities":{"$identity_idf
2026-09-04 22:43:54.032118 SoundCore{scbody.dylib}[28649] <NOTICE>: SCBODY #114 seg 2/9 v":"E0D81581-DDEB-449A-BBBF-566EB2CC2EB3","$identity_anonymous_id":"25175005-856F-4AAB-A276-01988F6459F5","identity_deviceid_sn":"8184731F-E09A-43AE-A72B-D38009
2026-09-04 22:43:54.032126 SoundCore{scbody.dylib}[28649] <NOTICE>: SCBODY #114 seg 3/9 464EA4||13017CE9136B47AC"},"lib":{"$lib_version":"4.8.3","$lib":"iOS","$app_version":"5.0.02","$lib_method":"code"},"properties":{"$os":"iOS","$screen_width":39
2026-09-04 22:43:54.032133 SoundCore{scbody.dylib}[28649] <NOTICE>: SCBODY #114 seg 4/9 0,"$app_version":"5.0.02","country":"US","sn":"13017CE9136B47AC","is_secret":false,"$is_first_day":true,"$model":"iPhone18,5","$device_id":"E0D81581-DDEB-449A-B
2026-09-04 22:43:54.032166 SoundCore{scbody.dylib}[28649] <NOTICE>: SCBODY #114 seg 5/9 BBF-566EB2CC2EB3","uuid":"8184731F-E09A-43AE-A72B-D38009464EA4","requirement_id":399,"$timezone_offset":420,"$network_type":"WIFI","page_name":"guide_one","$wif
2026-09-04 22:43:54.032174 SoundCore{scbody.dylib}[28649] <NOTICE>: SCBODY #114 seg 6/9 i":true,"firmware_version":"01.05","$app_name":"soundcore","device_id":"8184731F-E09A-43AE-A72B-D38009464EA4","mac":"30:33:45:44:31:36:35:41:2D:39:44:44:46:2D:3
2026-09-04 22:43:54.032190 SoundCore{scbody.dylib}[28649] <NOTICE>: SCBODY #114 seg 7/9 3:41:37:36:2D:45:43:30:33:2D:43:43:30:42:33:31:41:46:38:30:43:31","app_line":"SoundCore","$screen_height":844,"track_sign":"aSC_START_GUIDE.b654.PAGEVIEW.SC_STA
2026-09-04 22:43:54.032198 SoundCore{scbody.dylib}[28649] <NOTICE>: SCBODY #114 seg 8/9 RT_GUIDE_PAGEVIEW","$lib_method":"code","$lib_version":"4.8.3","$os_version":"26.5.1","$lib":"iOS","$manufacturer":"Apple","product_code":"D1301S","$app_id":"co
2026-09-04 22:43:54.032206 SoundCore{scbody.dylib}[28649] <NOTICE>: SCBODY #114 seg 9/9 m.oceanwing.SoundCore.G8AW4BQ7RV"},"distinct_id":"25175005-856F-4AAB-A276-01988F6459F5","type":"track","_flush_time":1788587034031}
2026-09-04 22:43:54.032226 SoundCore{scbody.dylib}[28649] <NOTICE>: SCBODY CAPTURE #114 END
2026-09-04 22:43:54.032382 SoundCore{scbody.dylib}[28649] <NOTICE>: SCBODY CAPTURE #115 src=json url=(none) len=1412 score=2 BEGIN
2026-09-04 22:43:54.032390 SoundCore{scbody.dylib}[28649] <NOTICE>: SCBODY #115 seg 1/9 {"anonymous_id":"25175005-856F-4AAB-A276-01988F6459F5","_track_id":2714403761,"event":"SC_START_GUIDE_PAGEVIEW","time":1788587024470,"identities":{"$identity_id
2026-09-04 22:43:54.032400 SoundCore{scbody.dylib}[28649] <NOTICE>: SCBODY #115 seg 2/9 fv":"E0D81581-DDEB-449A-BBBF-566EB2CC2EB3","$identity_anonymous_id":"25175005-856F-4AAB-A276-01988F6459F5","identity_deviceid_sn":"8184731F-E09A-43AE-A72B-D3800
2026-09-04 22:43:54.032414 SoundCore{scbody.dylib}[28649] <NOTICE>: SCBODY #115 seg 3/9 9464EA4||13017CE9136B47AC"},"lib":{"$lib_version":"4.8.3","$lib":"iOS","$app_version":"5.0.02","$lib_method":"code"},"properties":{"$os":"iOS","$screen_width":3
2026-09-04 22:43:54.032465 SoundCore{scbody.dylib}[28649] <NOTICE>: SCBODY #115 seg 4/9 90,"$app_version":"5.0.02","country":"US","sn":"13017CE9136B47AC","is_secret":false,"$is_first_day":true,"$model":"iPhone18,5","$device_id":"E0D81581-DDEB-449A-
2026-09-04 22:43:54.032475 SoundCore{scbody.dylib}[28649] <NOTICE>: SCBODY #115 seg 5/9 BBBF-566EB2CC2EB3","uuid":"8184731F-E09A-43AE-A72B-D38009464EA4","requirement_id":399,"$timezone_offset":420,"$network_type":"WIFI","page_name":"guide_one","$wi
2026-09-04 22:43:54.032495 SoundCore{scbody.dylib}[28649] <NOTICE>: SCBODY #115 seg 6/9 fi":true,"firmware_version":"01.05","$app_name":"soundcore","device_id":"8184731F-E09A-43AE-A72B-D38009464EA4","mac":"30:33:45:44:31:36:35:41:2D:39:44:44:46:2D:
2026-09-04 22:43:54.032503 SoundCore{scbody.dylib}[28649] <NOTICE>: SCBODY #115 seg 7/9 33:41:37:36:2D:45:43:30:33:2D:43:43:30:42:33:31:41:46:38:30:43:31","app_line":"SoundCore","$screen_height":844,"track_sign":"aSC_START_GUIDE.b654.PAGEVIEW.SC_ST
2026-09-04 22:43:54.032512 SoundCore{scbody.dylib}[28649] <NOTICE>: SCBODY #115 seg 8/9 ART_GUIDE_PAGEVIEW","$lib_method":"code","$lib_version":"4.8.3","$os_version":"26.5.1","$lib":"iOS","$manufacturer":"Apple","product_code":"D1301S","$app_id":"c
2026-09-04 22:43:54.032537 SoundCore{scbody.dylib}[28649] <NOTICE>: SCBODY #115 seg 9/9 om.oceanwing.SoundCore.G8AW4BQ7RV"},"distinct_id":"25175005-856F-4AAB-A276-01988F6459F5","type":"track","_flush_time":1788587034032}
2026-09-04 22:43:54.032547 SoundCore{scbody.dylib}[28649] <NOTICE>: SCBODY CAPTURE #115 END
2026-09-04 22:43:54.032710 SoundCore{scbody.dylib}[28649] <NOTICE>: SCBODY CAPTURE #116 src=json url=(none) len=1463 score=2 BEGIN
2026-09-04 22:43:54.032732 SoundCore{scbody.dylib}[28649] <NOTICE>: SCBODY #116 seg 1/10 {"anonymous_id":"25175005-856F-4AAB-A276-01988F6459F5","_track_id":1644944626,"event":"$AppPageLeave","time":1788587024477,"identities":{"$identity_idfv":"E0D81
2026-09-04 22:43:54.032741 SoundCore{scbody.dylib}[28649] <NOTICE>: SCBODY #116 seg 2/10 581-DDEB-449A-BBBF-566EB2CC2EB3","$identity_anonymous_id":"25175005-856F-4AAB-A276-01988F6459F5","identity_deviceid_sn":"8184731F-E09A-43AE-A72B-D38009464EA4||1
2026-09-04 22:43:54.032790 SoundCore{scbody.dylib}[28649] <NOTICE>: SCBODY #116 seg 3/10 3017CE9136B47AC"},"lib":{"$lib_version":"4.8.3","$lib":"iOS","$app_version":"5.0.02","$lib_method":"code"},"properties":{"$os":"iOS","$screen_width":390,"$app_v
2026-09-04 22:43:54.032800 SoundCore{scbody.dylib}[28649] <NOTICE>: SCBODY #116 seg 4/10 ersion":"5.0.02","country":"US","sn":"13017CE9136B47AC","is_secret":false,"$is_first_day":true,"$model":"iPhone18,5","$device_id":"E0D81581-DDEB-449A-BBBF-566EB
2026-09-04 22:43:54.032816 SoundCore{scbody.dylib}[28649] <NOTICE>: SCBODY #116 seg 5/10 2CC2EB3","uuid":"8184731F-E09A-43AE-A72B-D38009464EA4","$network_type":"WIFI","firmware_version":"01.05","device_id":"8184731F-E09A-43AE-A72B-D38009464EA4","$ap
2026-09-04 22:43:54.032839 SoundCore{scbody.dylib}[28649] <NOTICE>: SCBODY #116 seg 6/10 p_name":"soundcore","$wifi":true,"$timezone_offset":420,"$url":"SoundCore.SCD1301FirstGuideCtrl","mac":"30:33:45:44:31:36:35:41:2D:39:44:44:46:2D:33:41:37:36:2D
2026-09-04 22:43:54.032854 SoundCore{scbody.dylib}[28649] <NOTICE>: SCBODY #116 seg 7/10 :45:43:30:33:2D:43:43:30:42:33:31:41:46:38:30:43:31","app_line":"SoundCore","$screen_height":844,"$referrer":"ModuleConnect.SCSeriesNewDeviceListViewController"
2026-09-04 22:43:54.032862 SoundCore{scbody.dylib}[28649] <NOTICE>: SCBODY #116 seg 8/10 ,"$lib_method":"code","$screen_name":"SoundCore.SCD1301FirstGuideCtrl","$lib_version":"4.8.3","$os_version":"26.5.1","$lib":"iOS","$manufacturer":"Apple","produ
2026-09-04 22:43:54.032876 SoundCore{scbody.dylib}[28649] <NOTICE>: SCBODY #116 seg 9/10 ct_code":"D1301S","event_duration":2.6,"$app_id":"com.oceanwing.SoundCore.G8AW4BQ7RV"},"distinct_id":"25175005-856F-4AAB-A276-01988F6459F5","type":"track","_flu
2026-09-04 22:43:54.032890 SoundCore{scbody.dylib}[28649] <NOTICE>: SCBODY #116 seg 10/10 sh_time":1788587034032}
2026-09-04 22:43:54.032897 SoundCore{scbody.dylib}[28649] <NOTICE>: SCBODY CAPTURE #116 END
2026-09-04 22:43:54.033068 SoundCore{scbody.dylib}[28649] <NOTICE>: SCBODY CAPTURE #117 src=json url=(none) len=1504 score=2 BEGIN
2026-09-04 22:43:54.033101 SoundCore{scbody.dylib}[28649] <NOTICE>: SCBODY #117 seg 1/10 {"anonymous_id":"25175005-856F-4AAB-A276-01988F6459F5","_track_id":3889706485,"event":"$AppViewScreen","time":1788587024477,"identities":{"$identity_idfv":"E0D8
2026-09-04 22:43:54.033109 SoundCore{scbody.dylib}[28649] <NOTICE>: SCBODY #117 seg 2/10 1581-DDEB-449A-BBBF-566EB2CC2EB3","$identity_anonymous_id":"25175005-856F-4AAB-A276-01988F6459F5","identity_deviceid_sn":"8184731F-E09A-43AE-A72B-D38009464EA4||
2026-09-04 22:43:54.033129 SoundCore{scbody.dylib}[28649] <NOTICE>: SCBODY #117 seg 3/10 13017CE9136B47AC"},"lib":{"$lib_detail":"SoundCore.SCD1301GuideViewController######","$lib_version":"4.8.3","$lib":"iOS","$app_version":"5.0.02","$lib_method":"
2026-09-04 22:43:54.033136 SoundCore{scbody.dylib}[28649] <NOTICE>: SCBODY #117 seg 4/10 autoTrack"},"properties":{"$os":"iOS","$screen_width":390,"$app_version":"5.0.02","country":"US","sn":"13017CE9136B47AC","is_secret":false,"$is_first_day":true,
2026-09-04 22:43:54.033159 SoundCore{scbody.dylib}[28649] <NOTICE>: SCBODY #117 seg 5/10 "$model":"iPhone18,5","$device_id":"E0D81581-DDEB-449A-BBBF-566EB2CC2EB3","uuid":"8184731F-E09A-43AE-A72B-D38009464EA4","$network_type":"WIFI","firmware_version
2026-09-04 22:43:54.033168 SoundCore{scbody.dylib}[28649] <NOTICE>: SCBODY #117 seg 6/10 ":"01.05","device_id":"8184731F-E09A-43AE-A72B-D38009464EA4","$app_name":"soundcore","$wifi":true,"$timezone_offset":420,"$url":"SoundCore.SCD1301GuideViewContr
2026-09-04 22:43:54.033179 SoundCore{scbody.dylib}[28649] <NOTICE>: SCBODY #117 seg 7/10 oller","mac":"30:33:45:44:31:36:35:41:2D:39:44:44:46:2D:33:41:37:36:2D:45:43:30:33:2D:43:43:30:42:33:31:41:46:38:30:43:31","app_line":"SoundCore","$screen_heigh
2026-09-04 22:43:54.033187 SoundCore{scbody.dylib}[28649] <NOTICE>: SCBODY #117 seg 8/10 t":844,"$referrer":"SoundCore.SCD1301FirstGuideCtrl","$lib_method":"autoTrack","$screen_name":"SoundCore.SCD1301GuideViewController","$lib_version":"4.8.3","$os
2026-09-04 22:43:54.033196 SoundCore{scbody.dylib}[28649] <NOTICE>: SCBODY #117 seg 9/10 _version":"26.5.1","$lib":"iOS","$manufacturer":"Apple","product_code":"D1301S","$app_id":"com.oceanwing.SoundCore.G8AW4BQ7RV"},"distinct_id":"25175005-856F-4AA
2026-09-04 22:43:54.033224 SoundCore{scbody.dylib}[28649] <NOTICE>: SCBODY #117 seg 10/10 B-A276-01988F6459F5","type":"track","_flush_time":1788587034032}
2026-09-04 22:43:54.033234 SoundCore{scbody.dylib}[28649] <NOTICE>: SCBODY CAPTURE #117 END
2026-09-04 22:43:54.033513 SoundCore{scbody.dylib}[28649] <NOTICE>: SCBODY CAPTURE #118 src=json url=(none) len=1632 score=2 BEGIN
2026-09-04 22:43:54.033543 SoundCore{scbody.dylib}[28649] <NOTICE>: SCBODY #118 seg 1/11 {"anonymous_id":"25175005-856F-4AAB-A276-01988F6459F5","_track_id":3214105153,"event":"$AppViewScreen","time":1788587024478,"identities":{"$identity_idfv":"E0D8
2026-09-04 22:43:54.033555 SoundCore{scbody.dylib}[28649] <NOTICE>: SCBODY #118 seg 2/11 1581-DDEB-449A-BBBF-566EB2CC2EB3","$identity_anonymous_id":"25175005-856F-4AAB-A276-01988F6459F5","identity_deviceid_sn":"8184731F-E09A-43AE-A72B-D38009464EA4||
2026-09-04 22:43:54.033563 SoundCore{scbody.dylib}[28649] <NOTICE>: SCBODY #118 seg 3/11 13017CE9136B47AC"},"lib":{"$lib_detail":"_TtC9SoundCoreP33_12CEC14CD4DB78042B465794AF025E4625SCSpacePageViewController######","$lib_version":"4.8.3","$lib":"iOS
2026-09-04 22:43:54.033572 SoundCore{scbody.dylib}[28649] <NOTICE>: SCBODY #118 seg 4/11 ","$app_version":"5.0.02","$lib_method":"autoTrack"},"properties":{"$os":"iOS","$screen_width":390,"$app_version":"5.0.02","country":"US","sn":"13017CE9136B47AC
2026-09-04 22:43:54.033579 SoundCore{scbody.dylib}[28649] <NOTICE>: SCBODY #118 seg 5/11 ","is_secret":false,"$is_first_day":true,"$model":"iPhone18,5","$device_id":"E0D81581-DDEB-449A-BBBF-566EB2CC2EB3","uuid":"8184731F-E09A-43AE-A72B-D38009464EA4"
2026-09-04 22:43:54.033601 SoundCore{scbody.dylib}[28649] <NOTICE>: SCBODY #118 seg 6/11 ,"$network_type":"WIFI","firmware_version":"01.05","device_id":"8184731F-E09A-43AE-A72B-D38009464EA4","$app_name":"soundcore","$wifi":true,"$timezone_offset":42
2026-09-04 22:43:54.033610 SoundCore{scbody.dylib}[28649] <NOTICE>: SCBODY #118 seg 7/11 0,"$url":"_TtC9SoundCoreP33_12CEC14CD4DB78042B465794AF025E4625SCSpacePageViewController","mac":"30:33:45:44:31:36:35:41:2D:39:44:44:46:2D:33:41:37:36:2D:45:43:3
2026-09-04 22:43:54.033635 SoundCore{scbody.dylib}[28649] <NOTICE>: SCBODY #118 seg 8/11 0:33:2D:43:43:30:42:33:31:41:46:38:30:43:31","app_line":"SoundCore","$screen_height":844,"$referrer":"SoundCore.SCD1301GuideViewController","$lib_method":"autoT
2026-09-04 22:43:54.033643 SoundCore{scbody.dylib}[28649] <NOTICE>: SCBODY #118 seg 9/11 rack","$screen_name":"_TtC9SoundCoreP33_12CEC14CD4DB78042B465794AF025E4625SCSpacePageViewController","$lib_version":"4.8.3","$os_version":"26.5.1","$lib":"iOS",
2026-09-04 22:43:54.033651 SoundCore{scbody.dylib}[28649] <NOTICE>: SCBODY #118 seg 10/11 "$manufacturer":"Apple","product_code":"D1301S","$app_id":"com.oceanwing.SoundCore.G8AW4BQ7RV"},"distinct_id":"25175005-856F-4AAB-A276-01988F6459F5","type":"tra
2026-09-04 22:43:54.033697 SoundCore{scbody.dylib}[28649] <NOTICE>: SCBODY #118 seg 11/11 ck","_flush_time":1788587034033}
2026-09-04 22:43:54.033707 SoundCore{scbody.dylib}[28649] <NOTICE>: SCBODY CAPTURE #118 END
2026-09-04 22:43:54.033909 SoundCore{scbody.dylib}[28649] <NOTICE>: SCBODY CAPTURE #119 src=json url=(none) len=1460 score=2 BEGIN
2026-09-04 22:43:54.033917 SoundCore{scbody.dylib}[28649] <NOTICE>: SCBODY #119 seg 1/10 {"anonymous_id":"25175005-856F-4AAB-A276-01988F6459F5","_track_id":1673234135,"event":"$AppClick","time":1788587025573,"identities":{"$identity_idfv":"E0D81581-
2026-09-04 22:43:54.033925 SoundCore{scbody.dylib}[28649] <NOTICE>: SCBODY #119 seg 2/10 DDEB-449A-BBBF-566EB2CC2EB3","$identity_anonymous_id":"25175005-856F-4AAB-A276-01988F6459F5","identity_deviceid_sn":"8184731F-E09A-43AE-A72B-D38009464EA4||13017
2026-09-04 22:43:54.033932 SoundCore{scbody.dylib}[28649] <NOTICE>: SCBODY #119 seg 3/10 CE9136B47AC"},"lib":{"$lib_detail":"SoundCore.SCD1301GuideViewController######","$lib_version":"4.8.3","$lib":"iOS","$app_version":"5.0.02","$lib_method":"autoT
2026-09-04 22:43:54.033940 SoundCore{scbody.dylib}[28649] <NOTICE>: SCBODY #119 seg 4/10 rack"},"properties":{"$os":"iOS","$screen_width":390,"$app_version":"5.0.02","country":"US","$element_type":"UIButton","sn":"13017CE9136B47AC","$element_content
2026-09-04 22:43:54.033962 SoundCore{scbody.dylib}[28649] <NOTICE>: SCBODY #119 seg 5/10 ":"Skip","is_secret":false,"$is_first_day":true,"$model":"iPhone18,5","$device_id":"E0D81581-DDEB-449A-BBBF-566EB2CC2EB3","uuid":"8184731F-E09A-43AE-A72B-D38009
2026-09-04 22:43:54.034015 SoundCore{scbody.dylib}[28649] <NOTICE>: SCBODY #119 seg 6/10 464EA4","$timezone_offset":420,"$network_type":"WIFI","firmware_version":"01.05","device_id":"8184731F-E09A-43AE-A72B-D38009464EA4","$app_name":"soundcore","$wi
2026-09-04 22:43:54.034043 SoundCore{scbody.dylib}[28649] <NOTICE>: SCBODY #119 seg 7/10 fi":true,"mac":"30:33:45:44:31:36:35:41:2D:39:44:44:46:2D:33:41:37:36:2D:45:43:30:33:2D:43:43:30:42:33:31:41:46:38:30:43:31","app_line":"SoundCore","$screen_hei
2026-09-04 22:43:54.034053 SoundCore{scbody.dylib}[28649] <NOTICE>: SCBODY #119 seg 8/10 ght":844,"$lib_method":"autoTrack","$screen_name":"SoundCore.SCD1301GuideViewController","$lib_version":"4.8.3","$os_version":"26.5.1","$lib":"iOS","$manufactur
2026-09-04 22:43:54.034061 SoundCore{scbody.dylib}[28649] <NOTICE>: SCBODY #119 seg 9/10 er":"Apple","product_code":"D1301S","$app_id":"com.oceanwing.SoundCore.G8AW4BQ7RV"},"distinct_id":"25175005-856F-4AAB-A276-01988F6459F5","type":"track","_flush_
2026-09-04 22:43:54.034072 SoundCore{scbody.dylib}[28649] <NOTICE>: SCBODY #119 seg 10/10 time":1788587034033}
2026-09-04 22:43:54.034080 SoundCore{scbody.dylib}[28649] <NOTICE>: SCBODY CAPTURE #119 END
2026-09-04 22:43:54.034089 SoundCore{scbody.dylib}[28649] <NOTICE>: SCBODY CAPTURE #120 src=json url=(none) len=1406 score=2 BEGIN
2026-09-04 22:43:54.034112 SoundCore{scbody.dylib}[28649] <NOTICE>: SCBODY #120 seg 1/9 {"anonymous_id":"25175005-856F-4AAB-A276-01988F6459F5","_track_id":3578622486,"event":"SC_START_GUIDE_CLICK","time":1788587025575,"identities":{"$identity_idfv"
2026-09-04 22:43:54.034121 SoundCore{scbody.dylib}[28649] <NOTICE>: SCBODY #120 seg 2/9 :"E0D81581-DDEB-449A-BBBF-566EB2CC2EB3","$identity_anonymous_id":"25175005-856F-4AAB-A276-01988F6459F5","identity_deviceid_sn":"8184731F-E09A-43AE-A72B-D3800946
2026-09-04 22:43:54.034129 SoundCore{scbody.dylib}[28649] <NOTICE>: SCBODY #120 seg 3/9 4EA4||13017CE9136B47AC"},"lib":{"$lib_version":"4.8.3","$lib":"iOS","$app_version":"5.0.02","$lib_method":"code"},"properties":{"$os":"iOS","$screen_width":390,
2026-09-04 22:43:54.034137 SoundCore{scbody.dylib}[28649] <NOTICE>: SCBODY #120 seg 4/9 "button_name":"skip","$app_version":"5.0.02","country":"US","sn":"13017CE9136B47AC","is_secret":false,"$is_first_day":true,"$model":"iPhone18,5","$device_id":"E
2026-09-04 22:43:54.034147 SoundCore{scbody.dylib}[28649] <NOTICE>: SCBODY #120 seg 5/9 0D81581-DDEB-449A-BBBF-566EB2CC2EB3","uuid":"8184731F-E09A-43AE-A72B-D38009464EA4","requirement_id":399,"$network_type":"WIFI","firmware_version":"01.05","$app_
2026-09-04 22:43:54.034154 SoundCore{scbody.dylib}[28649] <NOTICE>: SCBODY #120 seg 6/9 name":"soundcore","$wifi":true,"device_id":"8184731F-E09A-43AE-A72B-D38009464EA4","$timezone_offset":420,"mac":"30:33:45:44:31:36:35:41:2D:39:44:44:46:2D:33:41:
2026-09-04 22:43:54.034162 SoundCore{scbody.dylib}[28649] <NOTICE>: SCBODY #120 seg 7/9 37:36:2D:45:43:30:33:2D:43:43:30:42:33:31:41:46:38:30:43:31","app_line":"SoundCore","$screen_height":844,"track_sign":"aSC_START_GUIDE.b654.c1071.CLICK.SC_START
2026-09-04 22:43:54.034169 SoundCore{scbody.dylib}[28649] <NOTICE>: SCBODY #120 seg 8/9 _GUIDE_CLICK","$lib_method":"code","$lib_version":"4.8.3","$os_version":"26.5.1","$lib":"iOS","$manufacturer":"Apple","product_code":"D1301S","$app_id":"com.oce
2026-09-04 22:43:54.034183 SoundCore{scbody.dylib}[28649] <NOTICE>: SCBODY #120 seg 9/9 anwing.SoundCore.G8AW4BQ7RV"},"distinct_id":"25175005-856F-4AAB-A276-01988F6459F5","type":"track","_flush_time":1788587034033}
2026-09-04 22:43:54.034190 SoundCore{scbody.dylib}[28649] <NOTICE>: SCBODY CAPTURE #120 END
2026-09-04 22:43:54.034555 SoundCore{scbody.dylib}[28649] <NOTICE>: SCBODY CAPTURE #121 src=json url=(none) len=1543 score=2 BEGIN
2026-09-04 22:43:54.034563 SoundCore{scbody.dylib}[28649] <NOTICE>: SCBODY #121 seg 1/10 {"anonymous_id":"25175005-856F-4AAB-A276-01988F6459F5","_track_id":2352349475,"event":"$AppPageLeave","time":1788587026108,"identities":{"$identity_idfv":"E0D81
2026-09-04 22:43:54.034576 SoundCore{scbody.dylib}[28649] <NOTICE>: SCBODY #121 seg 2/10 581-DDEB-449A-BBBF-566EB2CC2EB3","$identity_anonymous_id":"25175005-856F-4AAB-A276-01988F6459F5","identity_deviceid_sn":"8184731F-E09A-43AE-A72B-D38009464EA4||1
2026-09-04 22:43:54.034584 SoundCore{scbody.dylib}[28649] <NOTICE>: SCBODY #121 seg 3/10 3017CE9136B47AC"},"lib":{"$lib_version":"4.8.3","$lib":"iOS","$app_version":"5.0.02","$lib_method":"code"},"properties":{"$os":"iOS","$screen_width":390,"$app_v
2026-09-04 22:43:54.034636 SoundCore{scbody.dylib}[28649] <NOTICE>: SCBODY #121 seg 4/10 ersion":"5.0.02","country":"US","sn":"13017CE9136B47AC","is_secret":false,"$is_first_day":true,"$model":"iPhone18,5","$device_id":"E0D81581-DDEB-449A-BBBF-566EB
2026-09-04 22:43:54.034645 SoundCore{scbody.dylib}[28649] <NOTICE>: SCBODY #121 seg 5/10 2CC2EB3","uuid":"8184731F-E09A-43AE-A72B-D38009464EA4","$network_type":"WIFI","firmware_version":"01.05","device_id":"8184731F-E09A-43AE-A72B-D38009464EA4","$ap
2026-09-04 22:43:54.034652 SoundCore{scbody.dylib}[28649] <NOTICE>: SCBODY #121 seg 6/10 p_name":"soundcore","$wifi":true,"$timezone_offset":420,"$url":"_TtC9SoundCoreP33_12CEC14CD4DB78042B465794AF025E4625SCSpacePageViewController","mac":"30:33:45:4
2026-09-04 22:43:54.034659 SoundCore{scbody.dylib}[28649] <NOTICE>: SCBODY #121 seg 7/10 4:31:36:35:41:2D:39:44:44:46:2D:33:41:37:36:2D:45:43:30:33:2D:43:43:30:42:33:31:41:46:38:30:43:31","app_line":"SoundCore","$screen_height":844,"$referrer":"Soun
2026-09-04 22:43:54.034673 SoundCore{scbody.dylib}[28649] <NOTICE>: SCBODY #121 seg 8/10 dCore.SCD1301GuideViewController","$lib_method":"code","$screen_name":"_TtC9SoundCoreP33_12CEC14CD4DB78042B465794AF025E4625SCSpacePageViewController","$lib_vers
2026-09-04 22:43:54.034681 SoundCore{scbody.dylib}[28649] <NOTICE>: SCBODY #121 seg 9/10 ion":"4.8.3","$os_version":"26.5.1","$lib":"iOS","$manufacturer":"Apple","product_code":"D1301S","event_duration":1.63,"$app_id":"com.oceanwing.SoundCore.G8AW4B
2026-09-04 22:43:54.034705 SoundCore{scbody.dylib}[28649] <NOTICE>: SCBODY #121 seg 10/10 Q7RV"},"distinct_id":"25175005-856F-4AAB-A276-01988F6459F5","type":"track","_flush_time":1788587034034}
2026-09-04 22:43:54.034712 SoundCore{scbody.dylib}[28649] <NOTICE>: SCBODY CAPTURE #121 END
2026-09-04 22:43:54.034817 SoundCore{scbody.dylib}[28649] <NOTICE>: SCBODY CAPTURE #122 src=json url=(none) len=1431 score=2 BEGIN
2026-09-04 22:43:54.034929 SoundCore{scbody.dylib}[28649] <NOTICE>: SCBODY #122 seg 1/9 {"anonymous_id":"25175005-856F-4AAB-A276-01988F6459F5","_track_id":1564584415,"event":"SC_START_GUIDE_CLICK","time":1788587026110,"identities":{"$identity_idfv"
2026-09-04 22:43:54.034939 SoundCore{scbody.dylib}[28649] <NOTICE>: SCBODY #122 seg 2/9 :"E0D81581-DDEB-449A-BBBF-566EB2CC2EB3","$identity_anonymous_id":"25175005-856F-4AAB-A276-01988F6459F5","identity_deviceid_sn":"8184731F-E09A-43AE-A72B-D3800946
2026-09-04 22:43:54.035150 SoundCore{scbody.dylib}[28649] <NOTICE>: SCBODY #122 seg 3/9 4EA4||13017CE9136B47AC"},"lib":{"$lib_version":"4.8.3","$lib":"iOS","$app_version":"5.0.02","$lib_method":"code"},"properties":{"$os":"iOS","$screen_width":390,
2026-09-04 22:43:54.035158 SoundCore{scbody.dylib}[28649] <NOTICE>: SCBODY #122 seg 4/9 "button_name":"","$app_version":"5.0.02","duration":"1","country":"US","is_secret":false,"sn":"13017CE9136B47AC","$is_first_day":true,"$model":"iPhone18,5","$de
2026-09-04 22:43:54.035345 SoundCore{scbody.dylib}[28649] <NOTICE>: SCBODY #122 seg 5/9 vice_id":"E0D81581-DDEB-449A-BBBF-566EB2CC2EB3","uuid":"8184731F-E09A-43AE-A72B-D38009464EA4","requirement_id":34,"$timezone_offset":420,"firmware_version":"01.
2026-09-04 22:43:54.035360 SoundCore{scbody.dylib}[28649] <NOTICE>: SCBODY #122 seg 6/9 05","$network_type":"WIFI","$app_name":"soundcore","page_name":"1","device_id":"8184731F-E09A-43AE-A72B-D38009464EA4","$wifi":true,"mac":"30:33:45:44:31:36:35:4
2026-09-04 22:43:54.035369 SoundCore{scbody.dylib}[28649] <NOTICE>: SCBODY #122 seg 7/9 1:2D:39:44:44:46:2D:33:41:37:36:2D:45:43:30:33:2D:43:43:30:42:33:31:41:46:38:30:43:31","app_line":"SoundCore","$screen_height":844,"track_sign":"aSC_START_GUIDE
2026-09-04 22:43:54.035378 SoundCore{scbody.dylib}[28649] <NOTICE>: SCBODY #122 seg 8/9 .b159.d160.CLICK.SC_START_GUIDE_CLICK","$lib_method":"code","$lib_version":"4.8.3","$os_version":"26.5.1","$lib":"iOS","$manufacturer":"Apple","product_code":"D
2026-09-04 22:43:54.035395 SoundCore{scbody.dylib}[28649] <NOTICE>: SCBODY #122 seg 9/9 1301S","$app_id":"com.oceanwing.SoundCore.G8AW4BQ7RV"},"distinct_id":"25175005-856F-4AAB-A276-01988F6459F5","type":"track","_flush_time":1788587034034}
2026-09-04 22:43:54.035404 SoundCore{scbody.dylib}[28649] <NOTICE>: SCBODY CAPTURE #122 END
2026-09-04 22:43:54.035428 SoundCore{scbody.dylib}[28649] <NOTICE>: SCBODY CAPTURE #123 src=json url=(none) len=1531 score=2 BEGIN
2026-09-04 22:43:54.035437 SoundCore{scbody.dylib}[28649] <NOTICE>: SCBODY #123 seg 1/10 {"anonymous_id":"25175005-856F-4AAB-A276-01988F6459F5","_track_id":220168072,"event":"$AppViewScreen","time":1788587026111,"identities":{"$identity_idfv":"E0D81
2026-09-04 22:43:54.035444 SoundCore{scbody.dylib}[28649] <NOTICE>: SCBODY #123 seg 2/10 581-DDEB-449A-BBBF-566EB2CC2EB3","$identity_anonymous_id":"25175005-856F-4AAB-A276-01988F6459F5","identity_deviceid_sn":"8184731F-E09A-43AE-A72B-D38009464EA4||1
2026-09-04 22:43:54.035468 SoundCore{scbody.dylib}[28649] <NOTICE>: SCBODY #123 seg 3/10 3017CE9136B47AC"},"lib":{"$lib_detail":"SoundCore.SCD1301LastGuideCtrl######","$lib_version":"4.8.3","$lib":"iOS","$app_version":"5.0.02","$lib_method":"autoTra
2026-09-04 22:43:54.035476 SoundCore{scbody.dylib}[28649] <NOTICE>: SCBODY #123 seg 4/10 ck"},"properties":{"$os":"iOS","$screen_width":390,"$app_version":"5.0.02","country":"US","sn":"13017CE9136B47AC","is_secret":false,"$is_first_day":true,"$model
2026-09-04 22:43:54.035484 SoundCore{scbody.dylib}[28649] <NOTICE>: SCBODY #123 seg 5/10 ":"iPhone18,5","$device_id":"E0D81581-DDEB-449A-BBBF-566EB2CC2EB3","uuid":"8184731F-E09A-43AE-A72B-D38009464EA4","$network_type":"WIFI","firmware_version":"01.0
2026-09-04 22:43:54.035492 SoundCore{scbody.dylib}[28649] <NOTICE>: SCBODY #123 seg 6/10 5","device_id":"8184731F-E09A-43AE-A72B-D38009464EA4","$app_name":"soundcore","$wifi":true,"$timezone_offset":420,"$url":"SoundCore.SCD1301LastGuideCtrl","mac":
2026-09-04 22:43:54.035499 SoundCore{scbody.dylib}[28649] <NOTICE>: SCBODY #123 seg 7/10 "30:33:45:44:31:36:35:41:2D:39:44:44:46:2D:33:41:37:36:2D:45:43:30:33:2D:43:43:30:42:33:31:41:46:38:30:43:31","app_line":"SoundCore","$screen_height":844,"$refe
2026-09-04 22:43:54.035507 SoundCore{scbody.dylib}[28649] <NOTICE>: SCBODY #123 seg 8/10 rrer":"_TtC9SoundCoreP33_12CEC14CD4DB78042B465794AF025E4625SCSpacePageViewController","$lib_method":"autoTrack","$screen_name":"SoundCore.SCD1301LastGuideCtrl",
2026-09-04 22:43:54.035517 SoundCore{scbody.dylib}[28649] <NOTICE>: SCBODY #123 seg 9/10 "$lib_version":"4.8.3","$os_version":"26.5.1","$lib":"iOS","$manufacturer":"Apple","product_code":"D1301S","$app_id":"com.oceanwing.SoundCore.G8AW4BQ7RV"},"dist
2026-09-04 22:43:54.035525 SoundCore{scbody.dylib}[28649] <NOTICE>: SCBODY #123 seg 10/10 inct_id":"25175005-856F-4AAB-A276-01988F6459F5","type":"track","_flush_time":1788587034035}
2026-09-04 22:43:54.035532 SoundCore{scbody.dylib}[28649] <NOTICE>: SCBODY CAPTURE #123 END
2026-09-04 22:43:54.035799 SoundCore{scbody.dylib}[28649] <NOTICE>: SCBODY CAPTURE #124 src=json url=(none) len=1487 score=2 BEGIN
2026-09-04 22:43:54.035835 SoundCore{scbody.dylib}[28649] <NOTICE>: SCBODY #124 seg 1/10 {"anonymous_id":"25175005-856F-4AAB-A276-01988F6459F5","_track_id":780478382,"event":"$AppViewScreen","time":1788587026111,"identities":{"$identity_idfv":"E0D81
2026-09-04 22:43:54.035888 SoundCore{scbody.dylib}[28649] <NOTICE>: SCBODY #124 seg 2/10 581-DDEB-449A-BBBF-566EB2CC2EB3","$identity_anonymous_id":"25175005-856F-4AAB-A276-01988F6459F5","identity_deviceid_sn":"8184731F-E09A-43AE-A72B-D38009464EA4||1
2026-09-04 22:43:54.035898 SoundCore{scbody.dylib}[28649] <NOTICE>: SCBODY #124 seg 3/10 3017CE9136B47AC"},"lib":{"$lib_detail":"SoundCore.SCD1301LastGuideCtrl1######","$lib_version":"4.8.3","$lib":"iOS","$app_version":"5.0.02","$lib_method":"autoTr
2026-09-04 22:43:54.035906 SoundCore{scbody.dylib}[28649] <NOTICE>: SCBODY #124 seg 4/10 ack"},"properties":{"$os":"iOS","$screen_width":390,"$app_version":"5.0.02","country":"US","sn":"13017CE9136B47AC","is_secret":false,"$is_first_day":true,"$mode
2026-09-04 22:43:54.035924 SoundCore{scbody.dylib}[28649] <NOTICE>: SCBODY #124 seg 5/10 l":"iPhone18,5","$device_id":"E0D81581-DDEB-449A-BBBF-566EB2CC2EB3","uuid":"8184731F-E09A-43AE-A72B-D38009464EA4","$network_type":"WIFI","firmware_version":"01.
2026-09-04 22:43:54.035932 SoundCore{scbody.dylib}[28649] <NOTICE>: SCBODY #124 seg 6/10 05","device_id":"8184731F-E09A-43AE-A72B-D38009464EA4","$app_name":"soundcore","$wifi":true,"$timezone_offset":420,"$url":"SoundCore.SCD1301LastGuideCtrl1","mac
2026-09-04 22:43:54.035941 SoundCore{scbody.dylib}[28649] <NOTICE>: SCBODY #124 seg 7/10 ":"30:33:45:44:31:36:35:41:2D:39:44:44:46:2D:33:41:37:36:2D:45:43:30:33:2D:43:43:30:42:33:31:41:46:38:30:43:31","app_line":"SoundCore","$screen_height":844,"$re
2026-09-04 22:43:54.035949 SoundCore{scbody.dylib}[28649] <NOTICE>: SCBODY #124 seg 8/10 ferrer":"SoundCore.SCD1301LastGuideCtrl","$lib_method":"autoTrack","$screen_name":"SoundCore.SCD1301LastGuideCtrl1","$lib_version":"4.8.3","$os_version":"26.5.1
2026-09-04 22:43:54.035983 SoundCore{scbody.dylib}[28649] <NOTICE>: SCBODY #124 seg 9/10 ","$lib":"iOS","$manufacturer":"Apple","product_code":"D1301S","$app_id":"com.oceanwing.SoundCore.G8AW4BQ7RV"},"distinct_id":"25175005-856F-4AAB-A276-01988F6459
2026-09-04 22:43:54.035991 SoundCore{scbody.dylib}[28649] <NOTICE>: SCBODY #124 seg 10/10 F5","type":"track","_flush_time":1788587034035}
2026-09-04 22:43:54.036012 SoundCore{scbody.dylib}[28649] <NOTICE>: SCBODY CAPTURE #124 END
2026-09-04 22:43:54.036145 SoundCore{scbody.dylib}[28649] <NOTICE>: SCBODY CAPTURE #125 src=json url=(none) len=1448 score=2 BEGIN
2026-09-04 22:43:54.036198 SoundCore{scbody.dylib}[28649] <NOTICE>: SCBODY #125 seg 1/10 {"anonymous_id":"25175005-856F-4AAB-A276-01988F6459F5","_track_id":4118616274,"event":"$AppClick","time":1788587026773,"identities":{"$identity_idfv":"E0D81581-
2026-09-04 22:43:54.036209 SoundCore{scbody.dylib}[28649] <NOTICE>: SCBODY #125 seg 2/10 DDEB-449A-BBBF-566EB2CC2EB3","$identity_anonymous_id":"25175005-856F-4AAB-A276-01988F6459F5","identity_deviceid_sn":"8184731F-E09A-43AE-A72B-D38009464EA4||13017
2026-09-04 22:43:54.036216 SoundCore{scbody.dylib}[28649] <NOTICE>: SCBODY #125 seg 3/10 CE9136B47AC"},"lib":{"$lib_detail":"SoundCore.SCD1301LastGuideCtrl######","$lib_version":"4.8.3","$lib":"iOS","$app_version":"5.0.02","$lib_method":"autoTrack"}
2026-09-04 22:43:54.036224 SoundCore{scbody.dylib}[28649] <NOTICE>: SCBODY #125 seg 4/10 ,"properties":{"$os":"iOS","$screen_width":390,"$app_version":"5.0.02","country":"US","$element_type":"UIButton","sn":"13017CE9136B47AC","$element_content":"Ski
2026-09-04 22:43:54.036232 SoundCore{scbody.dylib}[28649] <NOTICE>: SCBODY #125 seg 5/10 p","is_secret":false,"$is_first_day":true,"$model":"iPhone18,5","$device_id":"E0D81581-DDEB-449A-BBBF-566EB2CC2EB3","uuid":"8184731F-E09A-43AE-A72B-D38009464EA4
2026-09-04 22:43:54.036239 SoundCore{scbody.dylib}[28649] <NOTICE>: SCBODY #125 seg 6/10 ","$timezone_offset":420,"$network_type":"WIFI","firmware_version":"01.05","device_id":"8184731F-E09A-43AE-A72B-D38009464EA4","$app_name":"soundcore","$wifi":tr
2026-09-04 22:43:54.036288 SoundCore{scbody.dylib}[28649] <NOTICE>: SCBODY #125 seg 7/10 ue,"mac":"30:33:45:44:31:36:35:41:2D:39:44:44:46:2D:33:41:37:36:2D:45:43:30:33:2D:43:43:30:42:33:31:41:46:38:30:43:31","app_line":"SoundCore","$screen_height":8
2026-09-04 22:43:54.036297 SoundCore{scbody.dylib}[28649] <NOTICE>: SCBODY #125 seg 8/10 44,"$lib_method":"autoTrack","$screen_name":"SoundCore.SCD1301LastGuideCtrl","$lib_version":"4.8.3","$os_version":"26.5.1","$lib":"iOS","$manufacturer":"Apple",
2026-09-04 22:43:54.036306 SoundCore{scbody.dylib}[28649] <NOTICE>: SCBODY #125 seg 9/10 "product_code":"D1301S","$app_id":"com.oceanwing.SoundCore.G8AW4BQ7RV"},"distinct_id":"25175005-856F-4AAB-A276-01988F6459F5","type":"track","_flush_time":178858
2026-09-04 22:43:54.036319 SoundCore{scbody.dylib}[28649] <NOTICE>: SCBODY #125 seg 10/10 7034035}
2026-09-04 22:43:54.036327 SoundCore{scbody.dylib}[28649] <NOTICE>: SCBODY CAPTURE #125 END
2026-09-04 22:43:54.036540 SoundCore{scbody.dylib}[28649] <NOTICE>: SCBODY CAPTURE #126 src=json url=(none) len=1470 score=2 BEGIN
2026-09-04 22:43:54.036608 SoundCore{scbody.dylib}[28649] <NOTICE>: SCBODY #126 seg 1/10 {"anonymous_id":"25175005-856F-4AAB-A276-01988F6459F5","_track_id":2672792650,"event":"SC_START_GUIDE_CLICK","time":1788587026786,"identities":{"$identity_idfv"
2026-09-04 22:43:54.036628 SoundCore{scbody.dylib}[28649] <NOTICE>: SCBODY #126 seg 2/10 :"E0D81581-DDEB-449A-BBBF-566EB2CC2EB3","$identity_anonymous_id":"25175005-856F-4AAB-A276-01988F6459F5","identity_deviceid_sn":"8184731F-E09A-43AE-A72B-D3800946
2026-09-04 22:43:54.036645 SoundCore{scbody.dylib}[28649] <NOTICE>: SCBODY #126 seg 3/10 4EA4||13017CE9136B47AC"},"lib":{"$lib_version":"4.8.3","$lib":"iOS","$app_version":"5.0.02","$lib_method":"code"},"properties":{"$os":"iOS","$screen_width":390,
2026-09-04 22:43:54.036799 SoundCore{scbody.dylib}[28649] <NOTICE>: SCBODY #126 seg 4/10 "button_name":"skip","$app_version":"5.0.02","duration":1.194249987602234,"country":"US","is_secret":false,"sn":"13017CE9136B47AC","$is_first_day":true,"$model"
2026-09-04 22:43:54.036848 SoundCore{scbody.dylib}[28649] <NOTICE>: SCBODY #126 seg 5/10 :"iPhone18,5","$device_id":"E0D81581-DDEB-449A-BBBF-566EB2CC2EB3","uuid":"8184731F-E09A-43AE-A72B-D38009464EA4","requirement_id":262,"$timezone_offset":420,"pag
2026-09-04 22:43:54.036857 SoundCore{scbody.dylib}[28649] <NOTICE>: SCBODY #126 seg 6/10 e_name":"1","$wifi":true,"$network_type":"WIFI","firmware_version":"01.05","device_id":"8184731F-E09A-43AE-A72B-D38009464EA4","$app_name":"soundcore","mac":"30:
2026-09-04 22:43:54.036865 SoundCore{scbody.dylib}[28649] <NOTICE>: SCBODY #126 seg 7/10 33:45:44:31:36:35:41:2D:39:44:44:46:2D:33:41:37:36:2D:45:43:30:33:2D:43:43:30:42:33:31:41:46:38:30:43:31","app_line":"SoundCore","operate_result":"","$screen_he
2026-09-04 22:43:54.036874 SoundCore{scbody.dylib}[28649] <NOTICE>: SCBODY #126 seg 8/10 ight":844,"track_sign":"aSC_START_GUIDE.b159.c649.CLICK.SC_START_GUIDE_CLICK","$lib_method":"code","$lib_version":"4.8.3","$os_version":"26.5.1","$lib":"iOS","$
2026-09-04 22:43:54.036891 SoundCore{scbody.dylib}[28649] <NOTICE>: SCBODY #126 seg 9/10 manufacturer":"Apple","product_code":"D1301S","$app_id":"com.oceanwing.SoundCore.G8AW4BQ7RV"},"distinct_id":"25175005-856F-4AAB-A276-01988F6459F5","type":"track
2026-09-04 22:43:54.036899 SoundCore{scbody.dylib}[28649] <NOTICE>: SCBODY #126 seg 10/10 ","_flush_time":1788587034036}
2026-09-04 22:43:54.036906 SoundCore{scbody.dylib}[28649] <NOTICE>: SCBODY CAPTURE #126 END
2026-09-04 22:43:54.037052 SoundCore{scbody.dylib}[28649] <NOTICE>: SCBODY CAPTURE #127 src=json url=(none) len=1490 score=2 BEGIN
2026-09-04 22:43:54.037068 SoundCore{scbody.dylib}[28649] <NOTICE>: SCBODY #127 seg 1/10 {"anonymous_id":"25175005-856F-4AAB-A276-01988F6459F5","_track_id":857814327,"event":"$AppPageLeave","time":1788587026817,"identities":{"$identity_idfv":"E0D815
2026-09-04 22:43:54.037076 SoundCore{scbody.dylib}[28649] <NOTICE>: SCBODY #127 seg 2/10 81-DDEB-449A-BBBF-566EB2CC2EB3","$identity_anonymous_id":"25175005-856F-4AAB-A276-01988F6459F5","identity_deviceid_sn":"8184731F-E09A-43AE-A72B-D38009464EA4||13
2026-09-04 22:43:54.037087 SoundCore{scbody.dylib}[28649] <NOTICE>: SCBODY #127 seg 3/10 017CE9136B47AC"},"lib":{"$lib_version":"4.8.3","$lib":"iOS","$app_version":"5.0.02","$lib_method":"code"},"properties":{"$os":"iOS","$screen_width":390,"$app_ve
2026-09-04 22:43:54.037097 SoundCore{scbody.dylib}[28649] <NOTICE>: SCBODY #127 seg 4/10 rsion":"5.0.02","country":"US","sn":"13017CE9136B47AC","is_secret":false,"$is_first_day":true,"$model":"iPhone18,5","$device_id":"E0D81581-DDEB-449A-BBBF-566EB2
2026-09-04 22:43:54.037105 SoundCore{scbody.dylib}[28649] <NOTICE>: SCBODY #127 seg 5/10 CC2EB3","uuid":"8184731F-E09A-43AE-A72B-D38009464EA4","$network_type":"WIFI","firmware_version":"01.05","device_id":"8184731F-E09A-43AE-A72B-D38009464EA4","$app
2026-09-04 22:43:54.037113 SoundCore{scbody.dylib}[28649] <NOTICE>: SCBODY #127 seg 6/10 _name":"soundcore","$wifi":true,"$timezone_offset":420,"$url":"SoundCore.SCD1301LastGuideCtrl","mac":"30:33:45:44:31:36:35:41:2D:39:44:44:46:2D:33:41:37:36:2D:4
2026-09-04 22:43:54.037120 SoundCore{scbody.dylib}[28649] <NOTICE>: SCBODY #127 seg 7/10 5:43:30:33:2D:43:43:30:42:33:31:41:46:38:30:43:31","app_line":"SoundCore","$screen_height":844,"$referrer":"_TtC9SoundCoreP33_12CEC14CD4DB78042B465794AF025E4625
2026-09-04 22:43:54.037128 SoundCore{scbody.dylib}[28649] <NOTICE>: SCBODY #127 seg 8/10 SCSpacePageViewController","$lib_method":"code","$screen_name":"SoundCore.SCD1301LastGuideCtrl","$lib_version":"4.8.3","$os_version":"26.5.1","$lib":"iOS","$man
2026-09-04 22:43:54.037138 SoundCore{scbody.dylib}[28649] <NOTICE>: SCBODY #127 seg 9/10 ufacturer":"Apple","product_code":"D1301S","event_duration":0.707,"$app_id":"com.oceanwing.SoundCore.G8AW4BQ7RV"},"distinct_id":"25175005-856F-4AAB-A276-01988F6
2026-09-04 22:43:54.037145 SoundCore{scbody.dylib}[28649] <NOTICE>: SCBODY #127 seg 10/10 459F5","type":"track","_flush_time":1788587034036}
2026-09-04 22:43:54.037153 SoundCore{scbody.dylib}[28649] <NOTICE>: SCBODY CAPTURE #127 END
2026-09-04 22:43:54.037294 SoundCore{scbody.dylib}[28649] <NOTICE>: SCBODY CAPTURE #128 src=json url=(none) len=1446 score=2 BEGIN
2026-09-04 22:43:54.037307 SoundCore{scbody.dylib}[28649] <NOTICE>: SCBODY #128 seg 1/10 {"anonymous_id":"25175005-856F-4AAB-A276-01988F6459F5","_track_id":4272704888,"event":"$AppPageLeave","time":1788587026818,"identities":{"$identity_idfv":"E0D81
2026-09-04 22:43:54.037315 SoundCore{scbody.dylib}[28649] <NOTICE>: SCBODY #128 seg 2/10 581-DDEB-449A-BBBF-566EB2CC2EB3","$identity_anonymous_id":"25175005-856F-4AAB-A276-01988F6459F5","identity_deviceid_sn":"8184731F-E09A-43AE-A72B-D38009464EA4||1
2026-09-04 22:43:54.037323 SoundCore{scbody.dylib}[28649] <NOTICE>: SCBODY #128 seg 3/10 3017CE9136B47AC"},"lib":{"$lib_version":"4.8.3","$lib":"iOS","$app_version":"5.0.02","$lib_method":"code"},"properties":{"$os":"iOS","$screen_width":390,"$app_v
2026-09-04 22:43:54.037331 SoundCore{scbody.dylib}[28649] <NOTICE>: SCBODY #128 seg 4/10 ersion":"5.0.02","country":"US","sn":"13017CE9136B47AC","is_secret":false,"$is_first_day":true,"$model":"iPhone18,5","$device_id":"E0D81581-DDEB-449A-BBBF-566EB
2026-09-04 22:43:54.037339 SoundCore{scbody.dylib}[28649] <NOTICE>: SCBODY #128 seg 5/10 2CC2EB3","uuid":"8184731F-E09A-43AE-A72B-D38009464EA4","$network_type":"WIFI","firmware_version":"01.05","device_id":"8184731F-E09A-43AE-A72B-D38009464EA4","$ap
2026-09-04 22:43:54.037347 SoundCore{scbody.dylib}[28649] <NOTICE>: SCBODY #128 seg 6/10 p_name":"soundcore","$wifi":true,"$timezone_offset":420,"$url":"SoundCore.SCD1301LastGuideCtrl1","mac":"30:33:45:44:31:36:35:41:2D:39:44:44:46:2D:33:41:37:36:2D
2026-09-04 22:43:54.037354 SoundCore{scbody.dylib}[28649] <NOTICE>: SCBODY #128 seg 7/10 :45:43:30:33:2D:43:43:30:42:33:31:41:46:38:30:43:31","app_line":"SoundCore","$screen_height":844,"$referrer":"SoundCore.SCD1301LastGuideCtrl","$lib_method":"cod
2026-09-04 22:43:54.037366 SoundCore{scbody.dylib}[28649] <NOTICE>: SCBODY #128 seg 8/10 e","$screen_name":"SoundCore.SCD1301LastGuideCtrl1","$lib_version":"4.8.3","$os_version":"26.5.1","$lib":"iOS","$manufacturer":"Apple","product_code":"D1301S","
2026-09-04 22:43:54.037373 SoundCore{scbody.dylib}[28649] <NOTICE>: SCBODY #128 seg 9/10 event_duration":0.706,"$app_id":"com.oceanwing.SoundCore.G8AW4BQ7RV"},"distinct_id":"25175005-856F-4AAB-A276-01988F6459F5","type":"track","_flush_time":17885870
2026-09-04 22:43:54.037381 SoundCore{scbody.dylib}[28649] <NOTICE>: SCBODY #128 seg 10/10 34037}
2026-09-04 22:43:54.037404 SoundCore{scbody.dylib}[28649] <NOTICE>: SCBODY CAPTURE #128 END
2026-09-04 22:43:54.037599 SoundCore{scbody.dylib}[28649] <NOTICE>: SCBODY CAPTURE #129 src=json url=(none) len=1545 score=2 BEGIN
2026-09-04 22:43:54.037607 SoundCore{scbody.dylib}[28649] <NOTICE>: SCBODY #129 seg 1/10 {"anonymous_id":"25175005-856F-4AAB-A276-01988F6459F5","_track_id":3597326153,"event":"$AppViewScreen","time":1788587026818,"identities":{"$identity_idfv":"E0D8
2026-09-04 22:43:54.037619 SoundCore{scbody.dylib}[28649] <NOTICE>: SCBODY #129 seg 2/10 1581-DDEB-449A-BBBF-566EB2CC2EB3","$identity_anonymous_id":"25175005-856F-4AAB-A276-01988F6459F5","identity_deviceid_sn":"8184731F-E09A-43AE-A72B-D38009464EA4||
2026-09-04 22:43:54.037657 SoundCore{scbody.dylib}[28649] <NOTICE>: SCBODY #129 seg 3/10 13017CE9136B47AC"},"lib":{"$lib_detail":"SoundCore.SCD1301HomeContainerController######","$lib_version":"4.8.3","$lib":"iOS","$app_version":"5.0.02","$lib_metho
2026-09-04 22:43:54.037667 SoundCore{scbody.dylib}[28649] <NOTICE>: SCBODY #129 seg 4/10 d":"autoTrack"},"properties":{"$os":"iOS","$app_version":"5.0.02","$screen_width":390,"country":"US","$title":"Sleep A30 Special","sn":"13017CE9136B47AC","is_se
2026-09-04 22:43:54.037675 SoundCore{scbody.dylib}[28649] <NOTICE>: SCBODY #129 seg 5/10 cret":false,"$is_first_day":true,"$model":"iPhone18,5","$device_id":"E0D81581-DDEB-449A-BBBF-566EB2CC2EB3","uuid":"8184731F-E09A-43AE-A72B-D38009464EA4","$timez
2026-09-04 22:43:54.037682 SoundCore{scbody.dylib}[28649] <NOTICE>: SCBODY #129 seg 6/10 one_offset":420,"$network_type":"WIFI","firmware_version":"01.05","device_id":"8184731F-E09A-43AE-A72B-D38009464EA4","$app_name":"soundcore","$wifi":true,"$url"
2026-09-04 22:43:54.037690 SoundCore{scbody.dylib}[28649] <NOTICE>: SCBODY #129 seg 7/10 :"SoundCore.SCD1301HomeContainerController","mac":"30:33:45:44:31:36:35:41:2D:39:44:44:46:2D:33:41:37:36:2D:45:43:30:33:2D:43:43:30:42:33:31:41:46:38:30:43:31",
2026-09-04 22:43:54.037709 SoundCore{scbody.dylib}[28649] <NOTICE>: SCBODY #129 seg 8/10 "app_line":"SoundCore","$screen_height":844,"$referrer":"SoundCore.SCD1301LastGuideCtrl1","$lib_method":"autoTrack","$screen_name":"SoundCore.SCD1301HomeContain
2026-09-04 22:43:54.037716 SoundCore{scbody.dylib}[28649] <NOTICE>: SCBODY #129 seg 9/10 erController","$lib_version":"4.8.3","$os_version":"26.5.1","$lib":"iOS","$manufacturer":"Apple","product_code":"D1301S","$app_id":"com.oceanwing.SoundCore.G8AW
2026-09-04 22:43:54.037724 SoundCore{scbody.dylib}[28649] <NOTICE>: SCBODY #129 seg 10/10 4BQ7RV"},"distinct_id":"25175005-856F-4AAB-A276-01988F6459F5","type":"track","_flush_time":1788587034037}
2026-09-04 22:43:54.037731 SoundCore{scbody.dylib}[28649] <NOTICE>: SCBODY CAPTURE #129 END
2026-09-04 22:43:54.038346 SoundCore{scbody.dylib}[28649] <NOTICE>: SCBODY CAPTURE #130 src=json url=(none) len=1492 score=2 BEGIN
2026-09-04 22:43:54.038358 SoundCore{scbody.dylib}[28649] <NOTICE>: SCBODY #130 seg 1/10 {"anonymous_id":"25175005-856F-4AAB-A276-01988F6459F5","_track_id":3089434829,"event":"SC_HOME_DEVICE_PAGEVIEW","time":1788587027173,"identities":{"$identity_id
2026-09-04 22:43:54.038432 SoundCore{scbody.dylib}[28649] <NOTICE>: SCBODY #130 seg 2/10 fv":"E0D81581-DDEB-449A-BBBF-566EB2CC2EB3","$identity_anonymous_id":"25175005-856F-4AAB-A276-01988F6459F5","identity_deviceid_sn":"8184731F-E09A-43AE-A72B-D3800
2026-09-04 22:43:54.038448 SoundCore{scbody.dylib}[28649] <NOTICE>: SCBODY #130 seg 3/10 9464EA4||13017CE9136B47AC"},"lib":{"$lib_version":"4.8.3","$lib":"iOS","$app_version":"5.0.02","$lib_method":"code"},"properties":{"device_id":"8184731F-E09A-43
2026-09-04 22:43:54.038456 SoundCore{scbody.dylib}[28649] <NOTICE>: SCBODY #130 seg 4/10 AE-A72B-D38009464EA4","requirement_id":263,"mac":"30:33:45:44:31:36:35:41:2D:39:44:44:46:2D:33:41:37:36:2D:45:43:30:33:2D:43:43:30:42:33:31:41:46:38:30:43:31","
2026-09-04 22:43:54.038464 SoundCore{scbody.dylib}[28649] <NOTICE>: SCBODY #130 seg 5/10 $timezone_offset":420,"$os_version":"26.5.1","firmware_version":"01.05","country":"US","$lib_method":"code","$device_id":"E0D81581-DDEB-449A-BBBF-566EB2CC2EB3",
2026-09-04 22:43:54.038472 SoundCore{scbody.dylib}[28649] <NOTICE>: SCBODY #130 seg 6/10 "case_battery":4,"$lib":"iOS","$manufacturer":"Apple","$os":"iOS","uuid":"8184731F-E09A-43AE-A72B-D38009464EA4","$model":"iPhone18,5","sleep_stage":"play_local_
2026-09-04 22:43:54.038479 SoundCore{scbody.dylib}[28649] <NOTICE>: SCBODY #130 seg 7/10 audio","app_line":"SoundCore","$lib_version":"4.8.3","$screen_width":390,"l_ear_battery":10,"is_secret":false,"$app_name":"soundcore","product_code":"D1301S","$
2026-09-04 22:43:54.038487 SoundCore{scbody.dylib}[28649] <NOTICE>: SCBODY #130 seg 8/10 app_id":"com.oceanwing.SoundCore.G8AW4BQ7RV","$screen_height":844,"track_sign":"aSC_HOME_DEVICE.b116.PAGEVIEW.SC_HOME_DEVICE_PAGEVIEW","$network_type":"WIFI","$
2026-09-04 22:43:54.038495 SoundCore{scbody.dylib}[28649] <NOTICE>: SCBODY #130 seg 9/10 wifi":true,"clock_time":"","$app_version":"5.0.02","sn":"13017CE9136B47AC","r_ear_battery":10,"$is_first_day":true},"distinct_id":"25175005-856F-4AAB-A276-01988
2026-09-04 22:43:54.038503 SoundCore{scbody.dylib}[28649] <NOTICE>: SCBODY #130 seg 10/10 F6459F5","type":"track","_flush_time":1788587034038}
2026-09-04 22:43:54.038511 SoundCore{scbody.dylib}[28649] <NOTICE>: SCBODY CAPTURE #130 END
2026-09-04 22:43:54.038743 SoundCore{scbody.dylib}[28649] <NOTICE>: SCBODY CAPTURE #131 src=json url=(none) len=1697 score=2 BEGIN
2026-09-04 22:43:54.038764 SoundCore{scbody.dylib}[28649] <NOTICE>: SCBODY #131 seg 1/11 {"anonymous_id":"25175005-856F-4AAB-A276-01988F6459F5","_track_id":3273894529,"event":"SC_NEW_DEV_USE_INFO","time":1788587027378,"identities":{"$identity_idfv":
2026-09-04 22:43:54.038775 SoundCore{scbody.dylib}[28649] <NOTICE>: SCBODY #131 seg 2/11 "E0D81581-DDEB-449A-BBBF-566EB2CC2EB3","$identity_anonymous_id":"25175005-856F-4AAB-A276-01988F6459F5","identity_deviceid_sn":"8184731F-E09A-43AE-A72B-D38009464
2026-09-04 22:43:54.038785 SoundCore{scbody.dylib}[28649] <NOTICE>: SCBODY #131 seg 3/11 EA4||13017CE9136B47AC"},"lib":{"$lib_version":"4.8.3","$lib":"iOS","$app_version":"5.0.02","$lib_method":"code"},"properties":{"$os":"iOS","$screen_width":390,"
2026-09-04 22:43:54.038796 SoundCore{scbody.dylib}[28649] <NOTICE>: SCBODY #131 seg 4/11 $app_version":"5.0.02","country":"US","sn":"13017CE9136B47AC","is_secret":false,"$is_first_day":true,"$model":"iPhone18,5","$device_id":"E0D81581-DDEB-449A-BBBF
2026-09-04 22:43:54.038807 SoundCore{scbody.dylib}[28649] <NOTICE>: SCBODY #131 seg 5/11 -566EB2CC2EB3","uuid":"8184731F-E09A-43AE-A72B-D38009464EA4","requirement_id":"53","$network_type":"WIFI","firmware_version":"01.05","$app_name":"soundcore","$w
2026-09-04 22:43:54.038815 SoundCore{scbody.dylib}[28649] <NOTICE>: SCBODY #131 seg 6/11 ifi":true,"device_id":"8184731F-E09A-43AE-A72B-D38009464EA4","$timezone_offset":420,"earside":0,"mac":"30:33:45:44:31:36:35:41:2D:39:44:44:46:2D:33:41:37:36:2D:
2026-09-04 22:43:54.038823 SoundCore{scbody.dylib}[28649] <NOTICE>: SCBODY #131 seg 7/11 45:43:30:33:2D:43:43:30:42:33:31:41:46:38:30:43:31","app_line":"SoundCore","$screen_height":844,"track_sign":"aSC_INFO.INFO.SC_NEW_DEV_USE_INFO.252","d14_228":"
2026-09-04 22:43:54.038831 SoundCore{scbody.dylib}[28649] <NOTICE>: SCBODY #131 seg 8/11 [1, 172, 71, 107, 19, 233, 124, 109, 132, 107, 19, 233, 124, 48, 49, 46, 48, 55, 49, 48, 52, 48, 87, 57, 72, 52, 55, 53, 87, 78, 66, 83, 48, 53, 48, 54, 55, 2,
2026-09-04 22:43:54.038838 SoundCore{scbody.dylib}[28649] <NOTICE>: SCBODY #131 seg 9/11 14, 172, 155, 106, 25, 0, 100, 40, 0, 0, 20, 31, 7, 1, 0, 1, 0, 0, 204, 14, 172, 155, 106, 13, 0, 100, 40, 0, 0, 20, 31, 7, 1, 0, 1, 0, 0, 204]","$lib_method":"
2026-09-04 22:43:54.038846 SoundCore{scbody.dylib}[28649] <NOTICE>: SCBODY #131 seg 10/11 code","$lib_version":"4.8.3","$os_version":"26.5.1","$lib":"iOS","$manufacturer":"Apple","product_code":"D1301S","$app_id":"com.oceanwing.SoundCore.G8AW4BQ7RV"}
2026-09-04 22:43:54.038854 SoundCore{scbody.dylib}[28649] <NOTICE>: SCBODY #131 seg 11/11 ,"distinct_id":"25175005-856F-4AAB-A276-01988F6459F5","type":"track","_flush_time":1788587034038}
2026-09-04 22:43:54.038861 SoundCore{scbody.dylib}[28649] <NOTICE>: SCBODY CAPTURE #131 END
2026-09-04 22:43:54.039093 SoundCore{scbody.dylib}[28649] <NOTICE>: SCBODY CAPTURE #132 src=json url=(none) len=1503 score=2 BEGIN
2026-09-04 22:43:54.039105 SoundCore{scbody.dylib}[28649] <NOTICE>: SCBODY #132 seg 1/10 {"anonymous_id":"25175005-856F-4AAB-A276-01988F6459F5","_track_id":3074902172,"event":"$AppClick","time":1788587028591,"identities":{"$identity_idfv":"E0D81581-
2026-09-04 22:43:54.039114 SoundCore{scbody.dylib}[28649] <NOTICE>: SCBODY #132 seg 2/10 DDEB-449A-BBBF-566EB2CC2EB3","$identity_anonymous_id":"25175005-856F-4AAB-A276-01988F6459F5","identity_deviceid_sn":"8184731F-E09A-43AE-A72B-D38009464EA4||13017
2026-09-04 22:43:54.039136 SoundCore{scbody.dylib}[28649] <NOTICE>: SCBODY #132 seg 3/10 CE9136B47AC"},"lib":{"$lib_detail":"SoundCore.SCD1301HomeContainerController######","$lib_version":"4.8.3","$lib":"iOS","$app_version":"5.0.02","$lib_method":"a
2026-09-04 22:43:54.039145 SoundCore{scbody.dylib}[28649] <NOTICE>: SCBODY #132 seg 4/10 utoTrack"},"properties":{"$os":"iOS","$screen_width":390,"$app_version":"5.0.02","country":"US","$title":"Sleep A30 Special","$element_type":"UIButton","$elemen
2026-09-04 22:43:54.039153 SoundCore{scbody.dylib}[28649] <NOTICE>: SCBODY #132 seg 5/10 t_content":"Next(1\/4)","is_secret":false,"$is_first_day":true,"$model":"iPhone18,5","$device_id":"E0D81581-DDEB-449A-BBBF-566EB2CC2EB3","uuid":"8184731F-E09A-4
2026-09-04 22:43:54.039161 SoundCore{scbody.dylib}[28649] <NOTICE>: SCBODY #132 seg 6/10 3AE-A72B-D38009464EA4","$network_type":"WIFI","firmware_version":"01.05","$timezone_offset":420,"$app_name":"soundcore","$wifi":true,"sn":"13017CE9136B47AC","de
2026-09-04 22:43:54.039169 SoundCore{scbody.dylib}[28649] <NOTICE>: SCBODY #132 seg 7/10 vice_id":"8184731F-E09A-43AE-A72B-D38009464EA4","mac":"30:33:45:44:31:36:35:41:2D:39:44:44:46:2D:33:41:37:36:2D:45:43:30:33:2D:43:43:30:42:33:31:41:46:38:30:43:
2026-09-04 22:43:54.039181 SoundCore{scbody.dylib}[28649] <NOTICE>: SCBODY #132 seg 8/10 31","app_line":"SoundCore","$screen_height":844,"$lib_method":"autoTrack","$screen_name":"SoundCore.SCD1301HomeContainerController","$lib_version":"4.8.3","$os_
2026-09-04 22:43:54.039189 SoundCore{scbody.dylib}[28649] <NOTICE>: SCBODY #132 seg 9/10 version":"26.5.1","$lib":"iOS","$manufacturer":"Apple","product_code":"D1301S","$app_id":"com.oceanwing.SoundCore.G8AW4BQ7RV"},"distinct_id":"25175005-856F-4AAB
2026-09-04 22:43:54.039197 SoundCore{scbody.dylib}[28649] <NOTICE>: SCBODY #132 seg 10/10 -A276-01988F6459F5","type":"track","_flush_time":1788587034038}
2026-09-04 22:43:54.039206 SoundCore{scbody.dylib}[28649] <NOTICE>: SCBODY CAPTURE #132 END
2026-09-04 22:43:54.039455 SoundCore{scbody.dylib}[28649] <NOTICE>: SCBODY CAPTURE #133 src=json url=(none) len=1428 score=2 BEGIN
2026-09-04 22:43:54.039480 SoundCore{scbody.dylib}[28649] <NOTICE>: SCBODY #133 seg 1/9 {"anonymous_id":"25175005-856F-4AAB-A276-01988F6459F5","_track_id":4138502098,"event":"SC_START_GUIDE_CLICK","time":1788587028593,"identities":{"$identity_idfv"
2026-09-04 22:43:54.039501 SoundCore{scbody.dylib}[28649] <NOTICE>: SCBODY #133 seg 2/9 :"E0D81581-DDEB-449A-BBBF-566EB2CC2EB3","$identity_anonymous_id":"25175005-856F-4AAB-A276-01988F6459F5","identity_deviceid_sn":"8184731F-E09A-43AE-A72B-D3800946
2026-09-04 22:43:54.039517 SoundCore{scbody.dylib}[28649] <NOTICE>: SCBODY #133 seg 3/9 4EA4||13017CE9136B47AC"},"lib":{"$lib_version":"4.8.3","$lib":"iOS","$app_version":"5.0.02","$lib_method":"code"},"properties":{"$os":"iOS","$screen_width":390,
2026-09-04 22:43:54.039556 SoundCore{scbody.dylib}[28649] <NOTICE>: SCBODY #133 seg 4/9 "$app_version":"5.0.02","country":"US","duration":1.66145396232605,"sn":"13017CE9136B47AC","is_secret":false,"$is_first_day":true,"$model":"iPhone18,5","$device
2026-09-04 22:43:54.039567 SoundCore{scbody.dylib}[28649] <NOTICE>: SCBODY #133 seg 5/9 _id":"E0D81581-DDEB-449A-BBBF-566EB2CC2EB3","uuid":"8184731F-E09A-43AE-A72B-D38009464EA4","requirement_id":262,"$timezone_offset":420,"firmware_version":"01.05"
2026-09-04 22:43:54.039576 SoundCore{scbody.dylib}[28649] <NOTICE>: SCBODY #133 seg 6/9 ,"$network_type":"WIFI","$app_name":"soundcore","page_name":"1","device_id":"8184731F-E09A-43AE-A72B-D38009464EA4","$wifi":true,"mac":"30:33:45:44:31:36:35:41:2
2026-09-04 22:43:54.039594 SoundCore{scbody.dylib}[28649] <NOTICE>: SCBODY #133 seg 7/9 D:39:44:44:46:2D:33:41:37:36:2D:45:43:30:33:2D:43:43:30:42:33:31:41:46:38:30:43:31","app_line":"SoundCore","$screen_height":844,"track_sign":"aSC_START_GUIDE.b1
2026-09-04 22:43:54.039603 SoundCore{scbody.dylib}[28649] <NOTICE>: SCBODY #133 seg 8/9 59.c650.CLICK.SC_START_GUIDE_CLICK","$lib_method":"code","$lib_version":"4.8.3","$os_version":"26.5.1","$lib":"iOS","$manufacturer":"Apple","product_code":"D130
2026-09-04 22:43:54.039618 SoundCore{scbody.dylib}[28649] <NOTICE>: SCBODY #133 seg 9/9 1S","$app_id":"com.oceanwing.SoundCore.G8AW4BQ7RV"},"distinct_id":"25175005-856F-4AAB-A276-01988F6459F5","type":"track","_flush_time":1788587034039}
2026-09-04 22:43:54.039626 SoundCore{scbody.dylib}[28649] <NOTICE>: SCBODY CAPTURE #133 END
2026-09-04 22:43:54.039819 SoundCore{scbody.dylib}[28649] <NOTICE>: SCBODY CAPTURE #134 src=json url=(none) len=1503 score=2 BEGIN
2026-09-04 22:43:54.039830 SoundCore{scbody.dylib}[28649] <NOTICE>: SCBODY #134 seg 1/10 {"anonymous_id":"25175005-856F-4AAB-A276-01988F6459F5","_track_id":2428996318,"event":"$AppClick","time":1788587029525,"identities":{"$identity_idfv":"E0D81581-
2026-09-04 22:43:54.039843 SoundCore{scbody.dylib}[28649] <NOTICE>: SCBODY #134 seg 2/10 DDEB-449A-BBBF-566EB2CC2EB3","$identity_anonymous_id":"25175005-856F-4AAB-A276-01988F6459F5","identity_deviceid_sn":"8184731F-E09A-43AE-A72B-D38009464EA4||13017
2026-09-04 22:43:54.039857 SoundCore{scbody.dylib}[28649] <NOTICE>: SCBODY #134 seg 3/10 CE9136B47AC"},"lib":{"$lib_detail":"SoundCore.SCD1301HomeContainerController######","$lib_version":"4.8.3","$lib":"iOS","$app_version":"5.0.02","$lib_method":"a
2026-09-04 22:43:54.039878 SoundCore{scbody.dylib}[28649] <NOTICE>: SCBODY #134 seg 4/10 utoTrack"},"properties":{"$os":"iOS","$screen_width":390,"$app_version":"5.0.02","country":"US","$title":"Sleep A30 Special","$element_type":"UIButton","$elemen
2026-09-04 22:43:54.039894 SoundCore{scbody.dylib}[28649] <NOTICE>: SCBODY #134 seg 5/10 t_content":"Next(2\/4)","is_secret":false,"$is_first_day":true,"$model":"iPhone18,5","$device_id":"E0D81581-DDEB-449A-BBBF-566EB2CC2EB3","uuid":"8184731F-E09A-4
2026-09-04 22:43:54.039903 SoundCore{scbody.dylib}[28649] <NOTICE>: SCBODY #134 seg 6/10 3AE-A72B-D38009464EA4","$network_type":"WIFI","firmware_version":"01.05","$timezone_offset":420,"$app_name":"soundcore","$wifi":true,"sn":"13017CE9136B47AC","de
2026-09-04 22:43:54.039912 SoundCore{scbody.dylib}[28649] <NOTICE>: SCBODY #134 seg 7/10 vice_id":"8184731F-E09A-43AE-A72B-D38009464EA4","mac":"30:33:45:44:31:36:35:41:2D:39:44:44:46:2D:33:41:37:36:2D:45:43:30:33:2D:43:43:30:42:33:31:41:46:38:30:43:
2026-09-04 22:43:54.039921 SoundCore{scbody.dylib}[28649] <NOTICE>: SCBODY #134 seg 8/10 31","app_line":"SoundCore","$screen_height":844,"$lib_method":"autoTrack","$screen_name":"SoundCore.SCD1301HomeContainerController","$lib_version":"4.8.3","$os_
2026-09-04 22:43:54.039940 SoundCore{scbody.dylib}[28649] <NOTICE>: SCBODY #134 seg 9/10 version":"26.5.1","$lib":"iOS","$manufacturer":"Apple","product_code":"D1301S","$app_id":"com.oceanwing.SoundCore.G8AW4BQ7RV"},"distinct_id":"25175005-856F-4AAB
2026-09-04 22:43:54.039951 SoundCore{scbody.dylib}[28649] <NOTICE>: SCBODY #134 seg 10/10 -A276-01988F6459F5","type":"track","_flush_time":1788587034039}
2026-09-04 22:43:54.039959 SoundCore{scbody.dylib}[28649] <NOTICE>: SCBODY CAPTURE #134 END
2026-09-04 22:43:54.040181 SoundCore{scbody.dylib}[28649] <NOTICE>: SCBODY CAPTURE #135 src=json url=(none) len=1429 score=2 BEGIN
2026-09-04 22:43:54.040195 SoundCore{scbody.dylib}[28649] <NOTICE>: SCBODY #135 seg 1/9 {"anonymous_id":"25175005-856F-4AAB-A276-01988F6459F5","_track_id":3211996244,"event":"SC_START_GUIDE_CLICK","time":1788587029528,"identities":{"$identity_idfv"
2026-09-04 22:43:54.040206 SoundCore{scbody.dylib}[28649] <NOTICE>: SCBODY #135 seg 2/9 :"E0D81581-DDEB-449A-BBBF-566EB2CC2EB3","$identity_anonymous_id":"25175005-856F-4AAB-A276-01988F6459F5","identity_deviceid_sn":"8184731F-E09A-43AE-A72B-D3800946
2026-09-04 22:43:54.040221 SoundCore{scbody.dylib}[28649] <NOTICE>: SCBODY #135 seg 3/9 4EA4||13017CE9136B47AC"},"lib":{"$lib_version":"4.8.3","$lib":"iOS","$app_version":"5.0.02","$lib_method":"code"},"properties":{"$os":"iOS","$screen_width":390,
2026-09-04 22:43:54.040264 SoundCore{scbody.dylib}[28649] <NOTICE>: SCBODY #135 seg 4/9 "$app_version":"5.0.02","country":"US","duration":0.869920015335083,"sn":"13017CE9136B47AC","is_secret":false,"$is_first_day":true,"$model":"iPhone18,5","$devic
2026-09-04 22:43:54.040277 SoundCore{scbody.dylib}[28649] <NOTICE>: SCBODY #135 seg 5/9 e_id":"E0D81581-DDEB-449A-BBBF-566EB2CC2EB3","uuid":"8184731F-E09A-43AE-A72B-D38009464EA4","requirement_id":262,"$timezone_offset":420,"firmware_version":"01.05
2026-09-04 22:43:54.040292 SoundCore{scbody.dylib}[28649] <NOTICE>: SCBODY #135 seg 6/9 ","$network_type":"WIFI","$app_name":"soundcore","page_name":"2","device_id":"8184731F-E09A-43AE-A72B-D38009464EA4","$wifi":true,"mac":"30:33:45:44:31:36:35:41:
2026-09-04 22:43:54.040303 SoundCore{scbody.dylib}[28649] <NOTICE>: SCBODY #135 seg 7/9 2D:39:44:44:46:2D:33:41:37:36:2D:45:43:30:33:2D:43:43:30:42:33:31:41:46:38:30:43:31","app_line":"SoundCore","$screen_height":844,"track_sign":"aSC_START_GUIDE.b
2026-09-04 22:43:54.040312 SoundCore{scbody.dylib}[28649] <NOTICE>: SCBODY #135 seg 8/9 159.c650.CLICK.SC_START_GUIDE_CLICK","$lib_method":"code","$lib_version":"4.8.3","$os_version":"26.5.1","$lib":"iOS","$manufacturer":"Apple","product_code":"D13
2026-09-04 22:43:54.040321 SoundCore{scbody.dylib}[28649] <NOTICE>: SCBODY #135 seg 9/9 01S","$app_id":"com.oceanwing.SoundCore.G8AW4BQ7RV"},"distinct_id":"25175005-856F-4AAB-A276-01988F6459F5","type":"track","_flush_time":1788587034039}
2026-09-04 22:43:54.040331 SoundCore{scbody.dylib}[28649] <NOTICE>: SCBODY CAPTURE #135 END
2026-09-04 22:43:54.040520 SoundCore{scbody.dylib}[28649] <NOTICE>: SCBODY CAPTURE #136 src=json url=(none) len=1503 score=2 BEGIN
2026-09-04 22:43:54.040539 SoundCore{scbody.dylib}[28649] <NOTICE>: SCBODY #136 seg 1/10 {"anonymous_id":"25175005-856F-4AAB-A276-01988F6459F5","_track_id":2719978753,"event":"$AppClick","time":1788587030275,"identities":{"$identity_idfv":"E0D81581-
2026-09-04 22:43:54.040550 SoundCore{scbody.dylib}[28649] <NOTICE>: SCBODY #136 seg 2/10 DDEB-449A-BBBF-566EB2CC2EB3","$identity_anonymous_id":"25175005-856F-4AAB-A276-01988F6459F5","identity_deviceid_sn":"8184731F-E09A-43AE-A72B-D38009464EA4||13017
2026-09-04 22:43:54.040561 SoundCore{scbody.dylib}[28649] <NOTICE>: SCBODY #136 seg 3/10 CE9136B47AC"},"lib":{"$lib_detail":"SoundCore.SCD1301HomeContainerController######","$lib_version":"4.8.3","$lib":"iOS","$app_version":"5.0.02","$lib_method":"a
2026-09-04 22:43:54.040571 SoundCore{scbody.dylib}[28649] <NOTICE>: SCBODY #136 seg 4/10 utoTrack"},"properties":{"$os":"iOS","$screen_width":390,"$app_version":"5.0.02","country":"US","$title":"Sleep A30 Special","$element_type":"UIButton","$elemen
2026-09-04 22:43:54.040583 SoundCore{scbody.dylib}[28649] <NOTICE>: SCBODY #136 seg 5/10 t_content":"Next(3\/4)","is_secret":false,"$is_first_day":true,"$model":"iPhone18,5","$device_id":"E0D81581-DDEB-449A-BBBF-566EB2CC2EB3","uuid":"8184731F-E09A-4
2026-09-04 22:43:54.040594 SoundCore{scbody.dylib}[28649] <NOTICE>: SCBODY #136 seg 6/10 3AE-A72B-D38009464EA4","$network_type":"WIFI","firmware_version":"01.05","$timezone_offset":420,"$app_name":"soundcore","$wifi":true,"sn":"13017CE9136B47AC","de
2026-09-04 22:43:54.040602 SoundCore{scbody.dylib}[28649] <NOTICE>: SCBODY #136 seg 7/10 vice_id":"8184731F-E09A-43AE-A72B-D38009464EA4","mac":"30:33:45:44:31:36:35:41:2D:39:44:44:46:2D:33:41:37:36:2D:45:43:30:33:2D:43:43:30:42:33:31:41:46:38:30:43:
2026-09-04 22:43:54.040613 SoundCore{scbody.dylib}[28649] <NOTICE>: SCBODY #136 seg 8/10 31","app_line":"SoundCore","$screen_height":844,"$lib_method":"autoTrack","$screen_name":"SoundCore.SCD1301HomeContainerController","$lib_version":"4.8.3","$os_
2026-09-04 22:43:54.040622 SoundCore{scbody.dylib}[28649] <NOTICE>: SCBODY #136 seg 9/10 version":"26.5.1","$lib":"iOS","$manufacturer":"Apple","product_code":"D1301S","$app_id":"com.oceanwing.SoundCore.G8AW4BQ7RV"},"distinct_id":"25175005-856F-4AAB
2026-09-04 22:43:54.040630 SoundCore{scbody.dylib}[28649] <NOTICE>: SCBODY #136 seg 10/10 -A276-01988F6459F5","type":"track","_flush_time":1788587034040}
2026-09-04 22:43:54.040639 SoundCore{scbody.dylib}[28649] <NOTICE>: SCBODY CAPTURE #136 END
2026-09-04 22:43:54.040839 SoundCore{scbody.dylib}[28649] <NOTICE>: SCBODY CAPTURE #137 src=json url=(none) len=1430 score=2 BEGIN
2026-09-04 22:43:54.040868 SoundCore{scbody.dylib}[28649] <NOTICE>: SCBODY #137 seg 1/9 {"anonymous_id":"25175005-856F-4AAB-A276-01988F6459F5","_track_id":3604910440,"event":"SC_START_GUIDE_CLICK","time":1788587030277,"identities":{"$identity_idfv"
2026-09-04 22:43:54.040886 SoundCore{scbody.dylib}[28649] <NOTICE>: SCBODY #137 seg 2/9 :"E0D81581-DDEB-449A-BBBF-566EB2CC2EB3","$identity_anonymous_id":"25175005-856F-4AAB-A276-01988F6459F5","identity_deviceid_sn":"8184731F-E09A-43AE-A72B-D3800946
2026-09-04 22:43:54.040901 SoundCore{scbody.dylib}[28649] <NOTICE>: SCBODY #137 seg 3/9 4EA4||13017CE9136B47AC"},"lib":{"$lib_version":"4.8.3","$lib":"iOS","$app_version":"5.0.02","$lib_method":"code"},"properties":{"$os":"iOS","$screen_width":390,
2026-09-04 22:43:54.040914 SoundCore{scbody.dylib}[28649] <NOTICE>: SCBODY #137 seg 4/9 "$app_version":"5.0.02","country":"US","duration":0.7157899141311646,"sn":"13017CE9136B47AC","is_secret":false,"$is_first_day":true,"$model":"iPhone18,5","$devi
2026-09-04 22:43:54.040926 SoundCore{scbody.dylib}[28649] <NOTICE>: SCBODY #137 seg 5/9 ce_id":"E0D81581-DDEB-449A-BBBF-566EB2CC2EB3","uuid":"8184731F-E09A-43AE-A72B-D38009464EA4","requirement_id":262,"$timezone_offset":420,"firmware_version":"01.0
2026-09-04 22:43:54.040939 SoundCore{scbody.dylib}[28649] <NOTICE>: SCBODY #137 seg 6/9 5","$network_type":"WIFI","$app_name":"soundcore","page_name":"3","device_id":"8184731F-E09A-43AE-A72B-D38009464EA4","$wifi":true,"mac":"30:33:45:44:31:36:35:41
2026-09-04 22:43:54.040952 SoundCore{scbody.dylib}[28649] <NOTICE>: SCBODY #137 seg 7/9 :2D:39:44:44:46:2D:33:41:37:36:2D:45:43:30:33:2D:43:43:30:42:33:31:41:46:38:30:43:31","app_line":"SoundCore","$screen_height":844,"track_sign":"aSC_START_GUIDE.
2026-09-04 22:43:54.040968 SoundCore{scbody.dylib}[28649] <NOTICE>: SCBODY #137 seg 8/9 b159.c650.CLICK.SC_START_GUIDE_CLICK","$lib_method":"code","$lib_version":"4.8.3","$os_version":"26.5.1","$lib":"iOS","$manufacturer":"Apple","product_code":"D1
2026-09-04 22:43:54.040982 SoundCore{scbody.dylib}[28649] <NOTICE>: SCBODY #137 seg 9/9 301S","$app_id":"com.oceanwing.SoundCore.G8AW4BQ7RV"},"distinct_id":"25175005-856F-4AAB-A276-01988F6459F5","type":"track","_flush_time":1788587034040}
2026-09-04 22:43:54.041001 SoundCore{scbody.dylib}[28649] <NOTICE>: SCBODY CAPTURE #137 END
2026-09-04 22:43:54.041154 SoundCore{scbody.dylib}[28649] <NOTICE>: SCBODY CAPTURE #138 src=json url=(none) len=1499 score=2 BEGIN
2026-09-04 22:43:54.041183 SoundCore{scbody.dylib}[28649] <NOTICE>: SCBODY #138 seg 1/10 {"anonymous_id":"25175005-856F-4AAB-A276-01988F6459F5","_track_id":2699341630,"event":"$AppClick","time":1788587031209,"identities":{"$identity_idfv":"E0D81581-
2026-09-04 22:43:54.041217 SoundCore{scbody.dylib}[28649] <NOTICE>: SCBODY #138 seg 2/10 DDEB-449A-BBBF-566EB2CC2EB3","$identity_anonymous_id":"25175005-856F-4AAB-A276-01988F6459F5","identity_deviceid_sn":"8184731F-E09A-43AE-A72B-D38009464EA4||13017
2026-09-04 22:43:54.041229 SoundCore{scbody.dylib}[28649] <NOTICE>: SCBODY #138 seg 3/10 CE9136B47AC"},"lib":{"$lib_detail":"SoundCore.SCD1301HomeContainerController######","$lib_version":"4.8.3","$lib":"iOS","$app_version":"5.0.02","$lib_method":"a
2026-09-04 22:43:54.041238 SoundCore{scbody.dylib}[28649] <NOTICE>: SCBODY #138 seg 4/10 utoTrack"},"properties":{"$os":"iOS","$screen_width":390,"$app_version":"5.0.02","country":"US","$title":"Sleep A30 Special","$element_type":"UIButton","$elemen
2026-09-04 22:43:54.041248 SoundCore{scbody.dylib}[28649] <NOTICE>: SCBODY #138 seg 5/10 t_content":"Got It","is_secret":false,"$is_first_day":true,"$model":"iPhone18,5","$device_id":"E0D81581-DDEB-449A-BBBF-566EB2CC2EB3","uuid":"8184731F-E09A-43AE-
2026-09-04 22:43:54.041261 SoundCore{scbody.dylib}[28649] <NOTICE>: SCBODY #138 seg 6/10 A72B-D38009464EA4","$network_type":"WIFI","firmware_version":"01.05","$timezone_offset":420,"$app_name":"soundcore","$wifi":true,"sn":"13017CE9136B47AC","device
2026-09-04 22:43:54.041272 SoundCore{scbody.dylib}[28649] <NOTICE>: SCBODY #138 seg 7/10 _id":"8184731F-E09A-43AE-A72B-D38009464EA4","mac":"30:33:45:44:31:36:35:41:2D:39:44:44:46:2D:33:41:37:36:2D:45:43:30:33:2D:43:43:30:42:33:31:41:46:38:30:43:31",
2026-09-04 22:43:54.041283 SoundCore{scbody.dylib}[28649] <NOTICE>: SCBODY #138 seg 8/10 "app_line":"SoundCore","$screen_height":844,"$lib_method":"autoTrack","$screen_name":"SoundCore.SCD1301HomeContainerController","$lib_version":"4.8.3","$os_vers
2026-09-04 22:43:54.041299 SoundCore{scbody.dylib}[28649] <NOTICE>: SCBODY #138 seg 9/10 ion":"26.5.1","$lib":"iOS","$manufacturer":"Apple","product_code":"D1301S","$app_id":"com.oceanwing.SoundCore.G8AW4BQ7RV"},"distinct_id":"25175005-856F-4AAB-A27
2026-09-04 22:43:54.041307 SoundCore{scbody.dylib}[28649] <NOTICE>: SCBODY #138 seg 10/10 6-01988F6459F5","type":"track","_flush_time":1788587034040}
2026-09-04 22:43:54.041316 SoundCore{scbody.dylib}[28649] <NOTICE>: SCBODY CAPTURE #138 END
2026-09-04 22:43:54.094814 SoundCore{scbody.dylib}[28649] <NOTICE>: SCBODY CAPTURE #139 src=json url=(none) len=1429 score=2 BEGIN
2026-09-04 22:43:54.094830 SoundCore{scbody.dylib}[28649] <NOTICE>: SCBODY #139 seg 1/9 {"anonymous_id":"25175005-856F-4AAB-A276-01988F6459F5","_track_id":512502415,"event":"SC_START_GUIDE_CLICK","time":1788587031211,"identities":{"$identity_idfv":
2026-09-04 22:43:54.094849 SoundCore{scbody.dylib}[28649] <NOTICE>: SCBODY #139 seg 2/9 "E0D81581-DDEB-449A-BBBF-566EB2CC2EB3","$identity_anonymous_id":"25175005-856F-4AAB-A276-01988F6459F5","identity_deviceid_sn":"8184731F-E09A-43AE-A72B-D38009464
2026-09-04 22:43:54.094861 SoundCore{scbody.dylib}[28649] <NOTICE>: SCBODY #139 seg 3/9 EA4||13017CE9136B47AC"},"lib":{"$lib_version":"4.8.3","$lib":"iOS","$app_version":"5.0.02","$lib_method":"code"},"properties":{"$os":"iOS","$screen_width":390,"
2026-09-04 22:43:54.094875 SoundCore{scbody.dylib}[28649] <NOTICE>: SCBODY #139 seg 4/9 $app_version":"5.0.02","country":"US","duration":0.9131510257720947,"sn":"13017CE9136B47AC","is_secret":false,"$is_first_day":true,"$model":"iPhone18,5","$devic
2026-09-04 22:43:54.094885 SoundCore{scbody.dylib}[28649] <NOTICE>: SCBODY #139 seg 5/9 e_id":"E0D81581-DDEB-449A-BBBF-566EB2CC2EB3","uuid":"8184731F-E09A-43AE-A72B-D38009464EA4","requirement_id":262,"$timezone_offset":420,"firmware_version":"01.05
2026-09-04 22:43:54.094896 SoundCore{scbody.dylib}[28649] <NOTICE>: SCBODY #139 seg 6/9 ","$network_type":"WIFI","$app_name":"soundcore","page_name":"4","device_id":"8184731F-E09A-43AE-A72B-D38009464EA4","$wifi":true,"mac":"30:33:45:44:31:36:35:41:
2026-09-04 22:43:54.094907 SoundCore{scbody.dylib}[28649] <NOTICE>: SCBODY #139 seg 7/9 2D:39:44:44:46:2D:33:41:37:36:2D:45:43:30:33:2D:43:43:30:42:33:31:41:46:38:30:43:31","app_line":"SoundCore","$screen_height":844,"track_sign":"aSC_START_GUIDE.b
2026-09-04 22:43:54.094968 SoundCore{scbody.dylib}[28649] <NOTICE>: SCBODY #139 seg 8/9 159.c650.CLICK.SC_START_GUIDE_CLICK","$lib_method":"code","$lib_version":"4.8.3","$os_version":"26.5.1","$lib":"iOS","$manufacturer":"Apple","product_code":"D13
2026-09-04 22:43:54.095007 SoundCore{scbody.dylib}[28649] <NOTICE>: SCBODY #139 seg 9/9 01S","$app_id":"com.oceanwing.SoundCore.G8AW4BQ7RV"},"distinct_id":"25175005-856F-4AAB-A276-01988F6459F5","type":"track","_flush_time":1788587034094}
2026-09-04 22:43:54.095021 SoundCore{scbody.dylib}[28649] <NOTICE>: SCBODY CAPTURE #139 END
2026-09-04 22:43:54.095188 SoundCore{scbody.dylib}[28649] <NOTICE>: SCBODY CAPTURE #140 src=json url=(none) len=1416 score=2 BEGIN
2026-09-04 22:43:54.095202 SoundCore{scbody.dylib}[28649] <NOTICE>: SCBODY #140 seg 1/9 {"anonymous_id":"25175005-856F-4AAB-A276-01988F6459F5","_track_id":4076353272,"event":"SC_HOME_DEVICE_RESULT","time":1788587033347,"identities":{"$identity_idfv
2026-09-04 22:43:54.095214 SoundCore{scbody.dylib}[28649] <NOTICE>: SCBODY #140 seg 2/9 ":"E0D81581-DDEB-449A-BBBF-566EB2CC2EB3","$identity_anonymous_id":"25175005-856F-4AAB-A276-01988F6459F5","identity_deviceid_sn":"8184731F-E09A-43AE-A72B-D380094
2026-09-04 22:43:54.095225 SoundCore{scbody.dylib}[28649] <NOTICE>: SCBODY #140 seg 3/9 64EA4||13017CE9136B47AC"},"lib":{"$lib_version":"4.8.3","$lib":"iOS","$app_version":"5.0.02","$lib_method":"code"},"properties":{"$os":"iOS","$screen_width":390
2026-09-04 22:43:54.095235 SoundCore{scbody.dylib}[28649] <NOTICE>: SCBODY #140 seg 4/9 ,"$app_version":"5.0.02","country":"US","sn":"13017CE9136B47AC","is_secret":false,"$is_first_day":true,"$model":"iPhone18,5","$device_id":"E0D81581-DDEB-449A-BB
2026-09-04 22:43:54.095247 SoundCore{scbody.dylib}[28649] <NOTICE>: SCBODY #140 seg 5/9 BF-566EB2CC2EB3","uuid":"8184731F-E09A-43AE-A72B-D38009464EA4","requirement_id":263,"$timezone_offset":420,"scene_name":"mask_optimize","$network_type":"WIFI","
2026-09-04 22:43:54.095259 SoundCore{scbody.dylib}[28649] <NOTICE>: SCBODY #140 seg 6/9 $wifi":true,"firmware_version":"01.05","$app_name":"soundcore","device_id":"8184731F-E09A-43AE-A72B-D38009464EA4","mac":"30:33:45:44:31:36:35:41:2D:39:44:44:46:
2026-09-04 22:43:54.095268 SoundCore{scbody.dylib}[28649] <NOTICE>: SCBODY #140 seg 7/9 2D:33:41:37:36:2D:45:43:30:33:2D:43:43:30:42:33:31:41:46:38:30:43:31","app_line":"SoundCore","$screen_height":844,"track_sign":"aSC_HOME_DEVICE.b116.c662.RESULT
2026-09-04 22:43:54.095278 SoundCore{scbody.dylib}[28649] <NOTICE>: SCBODY #140 seg 8/9 .SC_HOME_DEVICE_RESULT","$lib_method":"code","$lib_version":"4.8.3","$os_version":"26.5.1","$lib":"iOS","$manufacturer":"Apple","product_code":"D1301S","$app_id
2026-09-04 22:43:54.095288 SoundCore{scbody.dylib}[28649] <NOTICE>: SCBODY #140 seg 9/9 ":"com.oceanwing.SoundCore.G8AW4BQ7RV"},"distinct_id":"25175005-856F-4AAB-A276-01988F6459F5","type":"track","_flush_time":1788587034094}
2026-09-04 22:43:54.095305 SoundCore{scbody.dylib}[28649] <NOTICE>: SCBODY CAPTURE #140 END
2026-09-04 22:43:54.235963 SoundCore{scbody.dylib}[28649] <NOTICE>: SCBODY CAPTURE #141 src=json url=(none) len=2858 score=2 BEGIN
2026-09-04 22:43:54.236112 SoundCore{scbody.dylib}[28649] <NOTICE>: SCBODY #141 seg 1/18 {"events":[{"value_string":"1","module":"MY_LIBRARY","product_code":"D1301S","mac":"30:33:45:44:31:36:35:41:2D:39:44:44:46:2D:33:41:37:36:2D:45:43:30:33:2D:43:4
2026-09-04 22:43:54.236169 SoundCore{scbody.dylib}[28649] <NOTICE>: SCBODY #141 seg 2/18 3:30:42:33:31:41:46:38:30:43:31","time":"1788587024","device_id":"","sn":"13017CE9136B47AC","type":"1","name":"APP_MY_LIBRARY_MUSIC_INFO"},{"value_string":"1","
2026-09-04 22:43:54.236190 SoundCore{scbody.dylib}[28649] <NOTICE>: SCBODY #141 seg 3/18 module":"MY_LIBRARY","product_code":"D1301S","device_id":"","time":"1788587024","mac":"30:33:45:44:31:36:35:41:2D:39:44:44:46:2D:33:41:37:36:2D:45:43:30:33:2D:4
2026-09-04 22:43:54.236304 SoundCore{scbody.dylib}[28649] <NOTICE>: SCBODY #141 seg 4/18 3:43:30:42:33:31:41:46:38:30:43:31","sn":"13017CE9136B47AC","type":"1","name":"APP_MY_LIBRARY_MUSIC_INFO"},{"value_string":"","module":"NOVICE_GUIDE","product_c
2026-09-04 22:43:54.236393 SoundCore{scbody.dylib}[28649] <NOTICE>: SCBODY #141 seg 5/18 ode":"D1301S","device_id":"","time":"1788587025","mac":"30:33:45:44:31:36:35:41:2D:39:44:44:46:2D:33:41:37:36:2D:45:43:30:33:2D:43:43:30:42:33:31:41:46:38:30:43
2026-09-04 22:43:54.236432 SoundCore{scbody.dylib}[28649] <NOTICE>: SCBODY #141 seg 6/18 :31","sn":"13017CE9136B47AC","type":"0","name":"APP_START_GUIDE_SKIP"},{"value_string":"{\"time\":1,\"page\":1}","module":"NOVICE_GUIDE","product_code":"D1301S"
2026-09-04 22:43:54.236447 SoundCore{scbody.dylib}[28649] <NOTICE>: SCBODY #141 seg 7/18 ,"mac":"30:33:45:44:31:36:35:41:2D:39:44:44:46:2D:33:41:37:36:2D:45:43:30:33:2D:43:43:30:42:33:31:41:46:38:30:43:31","time":"1788587026","device_id":"","sn":"13
2026-09-04 22:43:54.236460 SoundCore{scbody.dylib}[28649] <NOTICE>: SCBODY #141 seg 8/18 017CE9136B47AC","type":"1","name":"APP_START_GUIDE_STAY_TIME"},{"value_string":"","module":"NOVICE_GUIDE","product_code":"D1301S","mac":"30:33:45:44:31:36:35:41
2026-09-04 22:43:54.236472 SoundCore{scbody.dylib}[28649] <NOTICE>: SCBODY #141 seg 9/18 :2D:39:44:44:46:2D:33:41:37:36:2D:45:43:30:33:2D:43:43:30:42:33:31:41:46:38:30:43:31","time":"1788587026","device_id":"","sn":"13017CE9136B47AC","type":"0","nam
2026-09-04 22:43:54.236487 SoundCore{scbody.dylib}[28649] <NOTICE>: SCBODY #141 seg 10/18 e":"APP_START_GUIDE_SKIP"},{"value_string":"0101090930312e303730312e30373133303137434539313336423437414311288a13e97c30312e30310000000006dd881100ffffffffffffffff
2026-09-04 22:43:54.236499 SoundCore{scbody.dylib}[28649] <NOTICE>: SCBODY #141 seg 11/18 001e0001ffffff0000010000320d0100060000000000000000000001b8883e00000000000302018000000000000004030280000000000000040403800000000000000405048000000000000004010000
2026-09-04 22:43:54.236511 SoundCore{scbody.dylib}[28649] <NOTICE>: SCBODY #141 seg 12/18 010300000101010000010100e9","module":"HOME_PAGE","product_code":"D1301S","device_id":"","time":"1788587026","mac":"30:33:45:44:31:36:35:41:2D:39:44:44:46:2D:33:
2026-09-04 22:43:54.236522 SoundCore{scbody.dylib}[28649] <NOTICE>: SCBODY #141 seg 13/18 41:37:36:2D:45:43:30:33:2D:43:43:30:42:33:31:41:46:38:30:43:31","sn":"13017CE9136B47AC","type":"1","name":"DEV_DATA_COMMAND_ALL_INFO"},{"value_string":"{\"type\
2026-09-04 22:43:54.236534 SoundCore{scbody.dylib}[28649] <NOTICE>: SCBODY #141 seg 14/18 ":\"nps\"}","module":"POP","product_code":"D1301S","device_id":"","time":"1788587026","mac":"30:33:45:44:31:36:35:41:2D:39:44:44:46:2D:33:41:37:36:2D:45:43:30:3
2026-09-04 22:43:54.236546 SoundCore{scbody.dylib}[28649] <NOTICE>: SCBODY #141 seg 15/18 3:2D:43:43:30:42:33:31:41:46:38:30:43:31","sn":"13017CE9136B47AC","type":"1","name":"APP_POP_REQUEST"},{"value_string":"1","module":"MY_LIBRARY","product_code":
2026-09-04 22:43:54.236558 SoundCore{scbody.dylib}[28649] <NOTICE>: SCBODY #141 seg 16/18 "D1301S","device_id":"","time":"1788587026","mac":"30:33:45:44:31:36:35:41:2D:39:44:44:46:2D:33:41:37:36:2D:45:43:30:33:2D:43:43:30:42:33:31:41:46:38:30:43:31",
2026-09-04 22:43:54.236577 SoundCore{scbody.dylib}[28649] <NOTICE>: SCBODY #141 seg 17/18 "sn":"13017CE9136B47AC","type":"1","name":"APP_MY_LIBRARY_MUSIC_INFO"}],"country":"US","sys_type":"iOS","http_user_agent":"soundcore-iOS-5.0.02","phone_model":"
2026-09-04 22:43:54.236736 SoundCore{scbody.dylib}[28649] <NOTICE>: SCBODY #141 seg 18/18 iPhone18,5","uuid":"DEB03254-8942-4310-A8CA-57EBE5F7CBA0","user_id":"","phone_name":"iPhone","sys_version":"26.5.1","phone_brand":"Apple"}
2026-09-04 22:43:54.236750 SoundCore{scbody.dylib}[28649] <NOTICE>: SCBODY CAPTURE #141 END
2026-09-04 22:43:54.283734 SoundCore{scbody.dylib}[28649] <NOTICE>: SCBODY CAPTURE #142 src=json url=(none) len=1815 score=2 BEGIN
2026-09-04 22:43:54.283773 SoundCore{scbody.dylib}[28649] <NOTICE>: SCBODY #142 seg 1/12 {"events":[{"value_string":"{\"res_code\":1,\"content\":{\"num\":0,\"state\":\"\",\"delay\":0},\"product_code\":\"\",\"id\":0,\"open_browser\":0,\"message\":\"S
2026-09-04 22:43:54.283803 SoundCore{scbody.dylib}[28649] <NOTICE>: SCBODY #142 seg 2/12 UCCESS\",\"is_need\":false,\"type\":\"\",\"url\":{\"web\":\"\",\"app\":\"\",\"share\":\"\"}}","module":"POP","product_code":"D1301S","device_id":"","time":"1788
2026-09-04 22:43:54.283843 SoundCore{scbody.dylib}[28649] <NOTICE>: SCBODY #142 seg 3/12 587026","mac":"30:33:45:44:31:36:35:41:2D:39:44:44:46:2D:33:41:37:36:2D:45:43:30:33:2D:43:43:30:42:33:31:41:46:38:30:43:31","sn":"13017CE9136B47AC","type":"1","
2026-09-04 22:43:54.283862 SoundCore{scbody.dylib}[28649] <NOTICE>: SCBODY #142 seg 4/12 name":"APP_POP_REQUEST_FAIL"},{"value_string":"1","module":"MY_LIBRARY","product_code":"D1301S","device_id":"","time":"1788587027","mac":"30:33:45:44:31:36:35:4
2026-09-04 22:43:54.283900 SoundCore{scbody.dylib}[28649] <NOTICE>: SCBODY #142 seg 5/12 1:2D:39:44:44:46:2D:33:41:37:36:2D:45:43:30:33:2D:43:43:30:42:33:31:41:46:38:30:43:31","sn":"13017CE9136B47AC","type":"1","name":"APP_MY_LIBRARY_MUSIC_INFO"},{"
2026-09-04 22:43:54.283914 SoundCore{scbody.dylib}[28649] <NOTICE>: SCBODY #142 seg 6/12 value_string":"{\"type\":\"all\"}","module":"POP","product_code":"D1301S","mac":"30:33:45:44:31:36:35:41:2D:39:44:44:46:2D:33:41:37:36:2D:45:43:30:33:2D:43:43:3
2026-09-04 22:43:54.283927 SoundCore{scbody.dylib}[28649] <NOTICE>: SCBODY #142 seg 7/12 0:42:33:31:41:46:38:30:43:31","time":"1788587031","device_id":"","sn":"13017CE9136B47AC","type":"1","name":"APP_POP_REQUEST"},{"value_string":"{\"res_code\":1,\
2026-09-04 22:43:54.283939 SoundCore{scbody.dylib}[28649] <NOTICE>: SCBODY #142 seg 8/12 "content\":{\"num\":0,\"state\":\"\",\"delay\":0},\"product_code\":\"\",\"id\":0,\"open_browser\":0,\"message\":\"SUCCESS\",\"is_need\":false,\"type\":\"\",\"ur
2026-09-04 22:43:54.283952 SoundCore{scbody.dylib}[28649] <NOTICE>: SCBODY #142 seg 9/12 l\":{\"web\":\"\",\"app\":\"\",\"share\":\"\"}}","module":"POP","product_code":"D1301S","mac":"30:33:45:44:31:36:35:41:2D:39:44:44:46:2D:33:41:37:36:2D:45:43:30
2026-09-04 22:43:54.283964 SoundCore{scbody.dylib}[28649] <NOTICE>: SCBODY #142 seg 10/12 :33:2D:43:43:30:42:33:31:41:46:38:30:43:31","time":"1788587032","device_id":"","sn":"13017CE9136B47AC","type":"1","name":"APP_POP_REQUEST_SUCCESS"}],"country":"
2026-09-04 22:43:54.283976 SoundCore{scbody.dylib}[28649] <NOTICE>: SCBODY #142 seg 11/12 US","sys_type":"iOS","http_user_agent":"soundcore-iOS-5.0.02","phone_model":"iPhone18,5","uuid":"DEB03254-8942-4310-A8CA-57EBE5F7CBA0","user_id":"","phone_name"
2026-09-04 22:43:54.283993 SoundCore{scbody.dylib}[28649] <NOTICE>: SCBODY #142 seg 12/12 :"iPhone","sys_version":"26.5.1","phone_brand":"Apple"}
2026-09-04 22:43:54.284014 SoundCore{scbody.dylib}[28649] <NOTICE>: SCBODY CAPTURE #142 END
