2026-09-04 18:12:42.800546 SoundCore{scbody.dylib}[27259] <NOTICE>: SCBODY loaded, installing swizzles
2026-09-04 18:12:42.800573 SoundCore{scbody.dylib}[27259] <NOTICE>: SCBODY swizzled +[NSJSONSerialization ...]
2026-09-04 18:12:42.800584 SoundCore{scbody.dylib}[27259] <NOTICE>: SCBODY swizzled +[NSJSONSerialization ...]
2026-09-04 18:12:42.800590 SoundCore{scbody.dylib}[27259] <NOTICE>: SCBODY swizzled -[NSMutableURLRequest ...]
2026-09-04 18:12:42.800597 SoundCore{scbody.dylib}[27259] <NOTICE>: SCBODY swizzled -[NSMutableURLRequest ...]
2026-09-04 18:12:42.800603 SoundCore{scbody.dylib}[27259] <NOTICE>: SCBODY swizzled -[NSMutableURLRequest ...]
2026-09-04 18:12:42.800609 SoundCore{scbody.dylib}[27259] <NOTICE>: SCBODY ready, tap check for update
2026-09-04 18:12:43.222409 SoundCore{scbody.dylib}[27259] <NOTICE>: SCBODY CAPTURE #1 src=json url=(none) len=949 score=2 BEGIN
2026-09-04 18:12:43.222416 SoundCore{scbody.dylib}[27259] <NOTICE>: SCBODY #1 seg 1/6 {"header":{"terminal-id":"31B01C63-15A4-4C25-A7D5-D2D9AD219090","User-Agent":"Soundcore-iOS-5.0.02","language":"en","timestamp":"1788570763","timezone":"America
2026-09-04 18:12:43.222422 SoundCore{scbody.dylib}[27259] <NOTICE>: SCBODY #1 seg 2/6 \/Los_Angeles","sys_version":"26.5.1","X-App-Key":"soundcore","Openudid":"31B01C63-15A4-4C25-A7D5-D2D9AD219090","AnkerBG":"SPEAKER","token":"7ce8c88e386ea82768a
2026-09-04 18:12:43.222428 SoundCore{scbody.dylib}[27259] <NOTICE>: SCBODY #1 seg 3/6 4e42294db62bd","phone_virtual_id":"31B01C63-15A4-4C25-A7D5-D2D9AD219090","country":"US"},"url":"https:\/\/log.eufylife.com\/push_log_hdfs","isCnApp":false,"para
2026-09-04 18:12:43.222434 SoundCore{scbody.dylib}[27259] <NOTICE>: SCBODY #1 seg 4/6 meters":{"product_name":"","product_code":"","phone_model":"iPhone18,5","uuid":"31B01C63-15A4-4C25-A7D5-D2D9AD219090","region":"US","phone_brand":"Apple","http_
2026-09-04 18:12:43.222440 SoundCore{scbody.dylib}[27259] <NOTICE>: SCBODY #1 seg 5/6 user_agent":"Soundcore-iOS-5.0.02","sys_type":"iOS","phone_name":"iPhone","sn":"","firmware_version":"","mac":"","country":"US","device_id":"","events":[],"sys_
2026-09-04 18:12:43.222446 SoundCore{scbody.dylib}[27259] <NOTICE>: SCBODY #1 seg 6/6 version":"26.5.1","user_id":""},"themeMode":true,"app_env":"mp","route":"\/","safeAreaTop":"47.0","safeAreaBottom":"34.0","userId":"","touristId":""}
2026-09-04 18:12:43.222452 SoundCore{scbody.dylib}[27259] <NOTICE>: SCBODY CAPTURE #1 END
2026-09-04 18:12:46.350754 SoundCore{scbody.dylib}[27259] <NOTICE>: SCBODY CAPTURE #2 src=json url=(none) len=403 score=2 BEGIN
2026-09-04 18:12:46.350767 SoundCore{scbody.dylib}[27259] <NOTICE>: SCBODY #2 seg 1/3 {"events":[{"value_string":"","module":"APP_FIRM","time":"1788570766","mac":"","device_id":"","product_code":"none","sn":"","type":"1","name":"APP_FIRM_NON_APPS
2026-09-04 18:12:46.350775 SoundCore{scbody.dylib}[27259] <NOTICE>: SCBODY #2 seg 2/3 TORE_DOWNLOAD"}],"country":"US","sys_type":"iOS","http_user_agent":"soundcore-iOS-5.0.02","phone_model":"iPhone18,5","uuid":"31B01C63-15A4-4C25-A7D5-D2D9AD21909
2026-09-04 18:12:46.350787 SoundCore{scbody.dylib}[27259] <NOTICE>: SCBODY #2 seg 3/3 0","user_id":"","phone_name":"iPhone","sys_version":"26.5.1","phone_brand":"Apple"}
2026-09-04 18:12:46.350794 SoundCore{scbody.dylib}[27259] <NOTICE>: SCBODY CAPTURE #2 END
2026-09-04 18:12:46.351807 SoundCore{scbody.dylib}[27259] <NOTICE>: SCBODY CAPTURE #3 src=json url=(none) len=398 score=2 BEGIN
2026-09-04 18:12:46.351820 SoundCore{scbody.dylib}[27259] <NOTICE>: SCBODY #3 seg 1/3 {"events":[{"value_string":"","module":"APP_FIRM","time":"1788570766","device_id":"","mac":"","product_code":"none","sn":"","type":"1","name":"APP_FIRM_SIGNATUR
2026-09-04 18:12:46.351834 SoundCore{scbody.dylib}[27259] <NOTICE>: SCBODY #3 seg 2/3 E_TAMPER"}],"country":"US","sys_type":"iOS","http_user_agent":"soundcore-iOS-5.0.02","phone_model":"iPhone18,5","uuid":"31B01C63-15A4-4C25-A7D5-D2D9AD219090","u
2026-09-04 18:12:46.351841 SoundCore{scbody.dylib}[27259] <NOTICE>: SCBODY #3 seg 3/3 ser_id":"","phone_name":"iPhone","sys_version":"26.5.1","phone_brand":"Apple"}
2026-09-04 18:12:46.351848 SoundCore{scbody.dylib}[27259] <NOTICE>: SCBODY CAPTURE #3 END
2026-09-04 18:12:46.352633 SoundCore{scbody.dylib}[27259] <NOTICE>: SCBODY CAPTURE #4 src=json url=(none) len=399 score=2 BEGIN
2026-09-04 18:12:46.352644 SoundCore{scbody.dylib}[27259] <NOTICE>: SCBODY #4 seg 1/3 {"events":[{"value_string":"","module":"APP_FIRM","time":"1788570766","mac":"","device_id":"","product_code":"none","sn":"","type":"1","name":"JMDetectionResult
2026-09-04 18:12:46.352655 SoundCore{scbody.dylib}[27259] <NOTICE>: SCBODY #4 seg 2/3 JailBreak"}],"country":"US","sys_type":"iOS","http_user_agent":"soundcore-iOS-5.0.02","phone_model":"iPhone18,5","uuid":"31B01C63-15A4-4C25-A7D5-D2D9AD219090","
2026-09-04 18:12:46.352662 SoundCore{scbody.dylib}[27259] <NOTICE>: SCBODY #4 seg 3/3 user_id":"","phone_name":"iPhone","sys_version":"26.5.1","phone_brand":"Apple"}
2026-09-04 18:12:46.352669 SoundCore{scbody.dylib}[27259] <NOTICE>: SCBODY CAPTURE #4 END
2026-09-04 18:12:56.300144 SoundCore{scbody.dylib}[27259] <NOTICE>: SCBODY CAPTURE #5 src=json url=(none) len=402 score=2 BEGIN
2026-09-04 18:12:56.300182 SoundCore{scbody.dylib}[27259] <NOTICE>: SCBODY #5 seg 1/3 {"events":[{"value_string":"","module":"USERCENTER","time":"1788570776","mac":"","device_id":"","product_code":"none","sn":"","type":"0","name":"APP_UNCON_DEVIC
2026-09-04 18:12:56.300198 SoundCore{scbody.dylib}[27259] <NOTICE>: SCBODY #5 seg 2/3 E_LOGIN_SKIP"}],"country":"US","sys_type":"iOS","http_user_agent":"soundcore-iOS-5.0.02","phone_model":"iPhone18,5","uuid":"31B01C63-15A4-4C25-A7D5-D2D9AD219090
2026-09-04 18:12:56.300247 SoundCore{scbody.dylib}[27259] <NOTICE>: SCBODY #5 seg 3/3 ","user_id":"","phone_name":"iPhone","sys_version":"26.5.1","phone_brand":"Apple"}
2026-09-04 18:12:56.300275 SoundCore{scbody.dylib}[27259] <NOTICE>: SCBODY CAPTURE #5 END
2026-09-04 18:12:56.569639 SoundCore{scbody.dylib}[27259] <NOTICE>: SCBODY CAPTURE #6 src=json url=(none) len=403 score=2 BEGIN
2026-09-04 18:12:56.569656 SoundCore{scbody.dylib}[27259] <NOTICE>: SCBODY #6 seg 1/3 {"events":[{"value_string":"","module":"USERCENTER","time":"1788570776","device_id":"","mac":"","product_code":"none","sn":"","type":"1","name":"APP_USER_RESEAR
2026-09-04 18:12:56.569667 SoundCore{scbody.dylib}[27259] <NOTICE>: SCBODY #6 seg 2/3 CH_IMPRESSION"}],"country":"US","sys_type":"iOS","http_user_agent":"soundcore-iOS-5.0.02","phone_model":"iPhone18,5","uuid":"31B01C63-15A4-4C25-A7D5-D2D9AD21909
2026-09-04 18:12:56.569675 SoundCore{scbody.dylib}[27259] <NOTICE>: SCBODY #6 seg 3/3 0","user_id":"","phone_name":"iPhone","sys_version":"26.5.1","phone_brand":"Apple"}
2026-09-04 18:12:56.569682 SoundCore{scbody.dylib}[27259] <NOTICE>: SCBODY CAPTURE #6 END
2026-09-04 18:13:13.440959 SoundCore{scbody.dylib}[27259] <NOTICE>: SCBODY CAPTURE #7 src=json url=(none) len=1053 score=2 BEGIN
2026-09-04 18:13:13.441008 SoundCore{scbody.dylib}[27259] <NOTICE>: SCBODY #7 seg 1/7 {"events":[{"value_string":"","module":"APP_FIRM","product_code":"none","mac":"","time":"1788570766","device_id":"","sn":"","type":"1","name":"APP_FIRM_NON_APPS
2026-09-04 18:13:13.441020 SoundCore{scbody.dylib}[27259] <NOTICE>: SCBODY #7 seg 2/7 TORE_DOWNLOAD"},{"value_string":"","module":"APP_FIRM","product_code":"none","device_id":"","time":"1788570766","mac":"","sn":"","type":"1","name":"APP_FIRM_SIG
2026-09-04 18:13:13.441028 SoundCore{scbody.dylib}[27259] <NOTICE>: SCBODY #7 seg 3/7 NATURE_TAMPER"},{"value_string":"","module":"APP_FIRM","product_code":"none","mac":"","time":"1788570766","device_id":"","sn":"","type":"1","name":"JMDetectionR
2026-09-04 18:13:13.441034 SoundCore{scbody.dylib}[27259] <NOTICE>: SCBODY #7 seg 4/7 esultJailBreak"},{"value_string":"","module":"USERCENTER","product_code":"none","mac":"","time":"1788570776","device_id":"","sn":"","type":"0","name":"APP_UNCON
2026-09-04 18:13:13.441046 SoundCore{scbody.dylib}[27259] <NOTICE>: SCBODY #7 seg 5/7 _DEVICE_LOGIN_SKIP"},{"value_string":"","module":"USERCENTER","product_code":"none","device_id":"","time":"1788570776","mac":"","sn":"","type":"1","name":"APP_U
2026-09-04 18:13:13.441053 SoundCore{scbody.dylib}[27259] <NOTICE>: SCBODY #7 seg 6/7 SER_RESEARCH_IMPRESSION"}],"country":"US","sys_type":"iOS","http_user_agent":"soundcore-iOS-5.0.02","phone_model":"iPhone18,5","uuid":"31B01C63-15A4-4C25-A7D5-D
2026-09-04 18:13:13.441060 SoundCore{scbody.dylib}[27259] <NOTICE>: SCBODY #7 seg 7/7 2D9AD219090","user_id":"","phone_name":"iPhone","sys_version":"26.5.1","phone_brand":"Apple"}
2026-09-04 18:13:13.441077 SoundCore{scbody.dylib}[27259] <NOTICE>: SCBODY CAPTURE #7 END
2026-09-04 18:13:15.125356 SoundCore{scbody.dylib}[27259] <NOTICE>: SCBODY CAPTURE #8 src=json url=(none) len=466 score=2 BEGIN
2026-09-04 18:13:15.125369 SoundCore{scbody.dylib}[27259] <NOTICE>: SCBODY #8 seg 1/3 {"events":[{"value_string":"{\"num\":\"1\",\"code\":\"A3949\",\"new_pn\":\"\"}","module":"RECOMMENDED_DEVICE","time":"1788570795","mac":"","device_id":"","produ
2026-09-04 18:13:15.125439 SoundCore{scbody.dylib}[27259] <NOTICE>: SCBODY #8 seg 2/3 ct_code":"none","sn":"","type":"1","name":"RECOMMENDED_NEW_DEVICE_CONNECTION"}],"country":"US","sys_type":"iOS","http_user_agent":"soundcore-iOS-5.0.02","phone_
2026-09-04 18:13:15.125548 SoundCore{scbody.dylib}[27259] <NOTICE>: SCBODY #8 seg 3/3 model":"iPhone18,5","uuid":"31B01C63-15A4-4C25-A7D5-D2D9AD219090","user_id":"","phone_name":"iPhone","sys_version":"26.5.1","phone_brand":"Apple"}
2026-09-04 18:13:15.125565 SoundCore{scbody.dylib}[27259] <NOTICE>: SCBODY CAPTURE #8 END
2026-09-04 18:13:31.541956 SoundCore{scbody.dylib}[27259] <NOTICE>: SCBODY CAPTURE #9 src=resp url=(none) len=221 score=2 BEGIN
2026-09-04 18:13:31.541964 SoundCore{scbody.dylib}[27259] <NOTICE>: SCBODY #9 seg 1/2 [{"phone_virtual_id":"31B01C63-15A4-4C25-A7D5-D2D9AD219090","u_id":"","country":"US","app_language":"en","sn":"","events":[{"value":1,"type":"CONNECTING_BLUETOO
2026-09-04 18:13:31.541971 SoundCore{scbody.dylib}[27259] <NOTICE>: SCBODY #9 seg 2/2 TH"}],"mac":"","product_code":"A3949","firmware_version":""}]
2026-09-04 18:13:31.541978 SoundCore{scbody.dylib}[27259] <NOTICE>: SCBODY CAPTURE #9 END
2026-09-04 18:13:31.542335 SoundCore{scbody.dylib}[27259] <NOTICE>: SCBODY CAPTURE #10 src=json url=(none) len=264 score=2 BEGIN
2026-09-04 18:13:31.542342 SoundCore{scbody.dylib}[27259] <NOTICE>: SCBODY #10 seg 1/2 {"endpoint":"03012651050020001","details":[{"events":[{"value":1,"type":"CONNECTING_BLUETOOTH"}],"firmware_version":"","country":"US","mac":"","product_code":"A
2026-09-04 18:13:31.542355 SoundCore{scbody.dylib}[27259] <NOTICE>: SCBODY #10 seg 2/2 3949","u_id":"","sn":"","phone_virtual_id":"31B01C63-15A4-4C25-A7D5-D2D9AD219090","app_language":"en"}]}
2026-09-04 18:13:31.542361 SoundCore{scbody.dylib}[27259] <NOTICE>: SCBODY CAPTURE #10 END
2026-09-04 18:13:31.546806 SoundCore{scbody.dylib}[27259] <NOTICE>: SCBODY #12 seg 4/7 ad9de4","header":{"phone_virtual_id":"31B01C63-15A4-4C25-A7D5-D2D9AD219090","terminal-id":"31B01C63-15A4-4C25-A7D5-D2D9AD219090","token":"5a2f983136f4b2551d9ba5
2026-09-04 18:13:31.546814 SoundCore{scbody.dylib}[27259] <NOTICE>: SCBODY #12 seg 5/7 7534df517d","language":"en","country":"US","X-App-Key":"soundcore","Gtoken":"aa4bd12c0afce18a24501982cb8e2dd0","sys_version":"26.5.1","timestamp":"1788570811","
2026-09-04 18:13:31.546820 SoundCore{scbody.dylib}[27259] <NOTICE>: SCBODY #12 seg 6/7 AnkerBG":"SPEAKER","User-Agent":"Soundcore-iOS-5.0.02","timezone":"America\/Los_Angeles","Openudid":"31B01C63-15A4-4C25-A7D5-D2D9AD219090"},"route":"\/d3200\/ho
2026-09-04 18:13:31.547092 SoundCore{scbody.dylib}[27259] <NOTICE>: SCBODY #12 seg 7/7 mePage","userId":"","app_env":"mp","safeAreaTop":"47.0","safeAreaBottom":"34.0"}
2026-09-04 18:13:31.547117 SoundCore{scbody.dylib}[27259] <NOTICE>: SCBODY CAPTURE #12 END
2026-09-04 18:13:31.632756 SoundCore{scbody.dylib}[27259] <NOTICE>: SCBODY CAPTURE #13 src=resp url=(none) len=243 score=2 BEGIN
2026-09-04 18:13:31.632763 SoundCore{scbody.dylib}[27259] <NOTICE>: SCBODY #13 seg 1/2 [{"sn":"","firmware_version":"","app_language":"en","u_id":"","phone_virtual_id":"31B01C63-15A4-4C25-A7D5-D2D9AD219090","country":"US","events":[{"value":1,"typ
2026-09-04 18:13:31.632770 SoundCore{scbody.dylib}[27259] <NOTICE>: SCBODY #13 seg 2/2 e":"CONNECT_BLUETOOTH_SUCCESS"}],"product_code":"A3949","mac":"F4:B6:2D:E5:BD:E7"}]
2026-09-04 18:13:31.632779 SoundCore{scbody.dylib}[27259] <NOTICE>: SCBODY CAPTURE #13 END
2026-09-04 18:13:31.632924 SoundCore{scbody.dylib}[27259] <NOTICE>: SCBODY CAPTURE #14 src=json url=(none) len=286 score=2 BEGIN
2026-09-04 18:13:31.632930 SoundCore{scbody.dylib}[27259] <NOTICE>: SCBODY #14 seg 1/2 {"endpoint":"03012651050020001","details":[{"firmware_version":"","events":[{"value":1,"type":"CONNECT_BLUETOOTH_SUCCESS"}],"country":"US","product_code":"A3949
2026-09-04 18:13:31.632942 SoundCore{scbody.dylib}[27259] <NOTICE>: SCBODY #14 seg 2/2 ","mac":"F4:B6:2D:E5:BD:E7","sn":"","u_id":"","app_language":"en","phone_virtual_id":"31B01C63-15A4-4C25-A7D5-D2D9AD219090"}]}
2026-09-04 18:13:31.632949 SoundCore{scbody.dylib}[27259] <NOTICE>: SCBODY CAPTURE #14 END
2026-09-04 18:13:31.658214 SoundCore{scbody.dylib}[27259] <NOTICE>: SCBODY CAPTURE #15 src=json url=(none) len=1066 score=2 BEGIN
2026-09-04 18:13:31.658225 SoundCore{scbody.dylib}[27259] <NOTICE>: SCBODY #15 seg 1/7 {"safeAreaBottom":"34.0","isCnApp":false,"userId":"","parameters":{"product_code":"A3949","device_id":"","events":[],"firmware_version":"","product_name":"P20i"
2026-09-04 18:13:31.658233 SoundCore{scbody.dylib}[27259] <NOTICE>: SCBODY #15 seg 2/7 ,"http_user_agent":"Soundcore-iOS-5.0.02","uuid":"31B01C63-15A4-4C25-A7D5-D2D9AD219090","phone_brand":"Apple","country":"US","sys_version":"26.5.1","sn":"","mac
2026-09-04 18:13:31.658241 SoundCore{scbody.dylib}[27259] <NOTICE>: SCBODY #15 seg 3/7 ":"F4:B6:2D:E5:BD:E7","sys_type":"iOS","phone_name":"iPhone","user_id":"","phone_model":"iPhone18,5","region":"US"},"url":"https:\/\/log.eufylife.com\/push_log_
2026-09-04 18:13:31.658248 SoundCore{scbody.dylib}[27259] <NOTICE>: SCBODY #15 seg 4/7 hdfs","touristId":"2cee374669cc411eaabe0cab3cad9de4","header":{"X-App-Key":"soundcore","country":"US","Gtoken":"aa4bd12c0afce18a24501982cb8e2dd0","phone_virtual
2026-09-04 18:13:31.658255 SoundCore{scbody.dylib}[27259] <NOTICE>: SCBODY #15 seg 5/7 _id":"31B01C63-15A4-4C25-A7D5-D2D9AD219090","terminal-id":"31B01C63-15A4-4C25-A7D5-D2D9AD219090","language":"en","User-Agent":"Soundcore-iOS-5.0.02","timezone":
2026-09-04 18:13:31.658262 SoundCore{scbody.dylib}[27259] <NOTICE>: SCBODY #15 seg 6/7 "America\/Los_Angeles","timestamp":"1788570811","token":"5a2f983136f4b2551d9ba57534df517d","sys_version":"26.5.1","Openudid":"31B01C63-15A4-4C25-A7D5-D2D9AD2190
2026-09-04 18:13:31.658280 SoundCore{scbody.dylib}[27259] <NOTICE>: SCBODY #15 seg 7/7 90","AnkerBG":"SPEAKER"},"themeMode":true,"route":"\/d3200\/homePage","app_env":"mp","safeAreaTop":"47.0"}
2026-09-04 18:13:31.658301 SoundCore{scbody.dylib}[27259] <NOTICE>: SCBODY CAPTURE #15 END
2026-09-04 18:13:31.829440 SoundCore{scbody.dylib}[27259] <NOTICE>: SCBODY CAPTURE #16 src=json url=(none) len=595 score=2 BEGIN
2026-09-04 18:13:31.829461 SoundCore{scbody.dylib}[27259] <NOTICE>: SCBODY #16 seg 1/4 {"events":[{"value_string":"00010303000031342e343331342e343333393439453742444535324442364634000078787878787878780000000000000000000000000e0166016601320133012101
2026-09-04 18:13:31.829479 SoundCore{scbody.dylib}[27259] <NOTICE>: SCBODY #16 seg 2/4 20ffffff610001ffffffffffffffffffffffffffffffbb","module":"HOME_PAGE","time":"1788570811","device_id":"","mac":"F4:B6:2D:E5:BD:E7","product_code":"A3949","sn":""
2026-09-04 18:13:31.829489 SoundCore{scbody.dylib}[27259] <NOTICE>: SCBODY #16 seg 3/4 ,"type":"1","name":"DEV_DATA_COMMAND_ALL_INFO"}],"country":"US","sys_type":"iOS","http_user_agent":"soundcore-iOS-5.0.02","phone_model":"iPhone18,5","uuid":"31B
2026-09-04 18:13:31.829497 SoundCore{scbody.dylib}[27259] <NOTICE>: SCBODY #16 seg 4/4 01C63-15A4-4C25-A7D5-D2D9AD219090","user_id":"","phone_name":"iPhone","sys_version":"26.5.1","phone_brand":"Apple"}
2026-09-04 18:13:31.829516 SoundCore{scbody.dylib}[27259] <NOTICE>: SCBODY CAPTURE #16 END
2026-09-04 18:13:31.835708 SoundCore{scbody.dylib}[27259] <NOTICE>: SCBODY MODIFY 204 -> 204 bytes
2026-09-04 18:13:31.835728 SoundCore{scbody.dylib}[27259] <NOTICE>: SCBODY CAPTURE #17 src=json-mod url=(none) len=204 score=1 BEGIN
2026-09-04 18:13:31.835754 SoundCore{scbody.dylib}[27259] <NOTICE>: SCBODY #17 seg 1/2 {"terminal_id":"31B01C63-15A4-4C25-A7D5-D2D9AD219090","device":[{"firmware_version":"14.42","product_code":"A3949","device_mac":"f4:b6:2d:e5:bd:e7","link_time":
2026-09-04 18:13:31.835777 SoundCore{scbody.dylib}[27259] <NOTICE>: SCBODY #17 seg 2/2 1788570811,"device_sn":"3949E7BDE52DB6F4"}]}
2026-09-04 18:13:31.835786 SoundCore{scbody.dylib}[27259] <NOTICE>: SCBODY CAPTURE #17 END
2026-09-04 18:13:31.836735 SoundCore{scbody.dylib}[27259] <NOTICE>: SCBODY CAPTURE #18 src=json url=(none) len=1171 score=2 BEGIN
2026-09-04 18:13:31.836830 SoundCore{scbody.dylib}[27259] <NOTICE>: SCBODY #18 seg 1/8 {"anonymous_id":"25175005-856F-4AAB-A276-01988F6459F5","_track_id":3608349845,"event":"$BindID","time":1788570811834,"identities":{"$identity_idfv":"34E75E6C-D5
2026-09-04 18:13:31.836878 SoundCore{scbody.dylib}[27259] <NOTICE>: SCBODY #18 seg 2/8 2A-428F-877D-1AD51BED73EF","identity_deviceid_sn":"7F4065C3-DF90-4738-8FA5-6BA6B4C35B86||3949E7BDE52DB6F4","$identity_anonymous_id":"25175005-856F-4AAB-A276-019
2026-09-04 18:13:31.836958 SoundCore{scbody.dylib}[27259] <NOTICE>: SCBODY #18 seg 3/8 88F6459F5"},"lib":{"$lib_version":"4.8.3","$lib":"iOS","$app_version":"5.0.02","$lib_method":"code"},"properties":{"$os":"iOS","$screen_width":390,"$app_version
2026-09-04 18:13:31.836967 SoundCore{scbody.dylib}[27259] <NOTICE>: SCBODY #18 seg 4/8 ":"5.0.02","country":"US","sn":"3949E7BDE52DB6F4","is_secret":false,"$is_first_day":true,"$model":"iPhone18,5","$device_id":"34E75E6C-D52A-428F-877D-1AD51BED73E
2026-09-04 18:13:31.836983 SoundCore{scbody.dylib}[27259] <NOTICE>: SCBODY #18 seg 5/8 F","uuid":"7F4065C3-DF90-4738-8FA5-6BA6B4C35B86","$network_type":"WIFI","firmware_version":"14.43","device_id":"7F4065C3-DF90-4738-8FA5-6BA6B4C35B86","$app_name
2026-09-04 18:13:31.836991 SoundCore{scbody.dylib}[27259] <NOTICE>: SCBODY #18 seg 6/8 ":"soundcore","$wifi":true,"$timezone_offset":420,"mac":"F4:B6:2D:E5:BD:E7","app_line":"SoundCore","$screen_height":844,"$lib_method":"code","$lib_version":"4.8
2026-09-04 18:13:31.836998 SoundCore{scbody.dylib}[27259] <NOTICE>: SCBODY #18 seg 7/8 .3","$os_version":"26.5.1","$lib":"iOS","$manufacturer":"Apple","product_code":"A3949","$app_id":"com.oceanwing.SoundCore.G8AW4BQ7RV"},"distinct_id":"25175005-8
2026-09-04 18:13:31.837007 SoundCore{scbody.dylib}[27259] <NOTICE>: SCBODY #18 seg 8/8 56F-4AAB-A276-01988F6459F5","type":"track_id_bind"}
2026-09-04 18:13:31.837033 SoundCore{scbody.dylib}[27259] <NOTICE>: SCBODY CAPTURE #18 END
2026-09-04 18:13:31.837044 SoundCore{scbody.dylib}[27259] <NOTICE>: SCBODY MODIFY 1171 -> 1171 bytes
2026-09-04 18:13:31.837101 SoundCore{scbody.dylib}[27259] <NOTICE>: SCBODY CAPTURE #19 src=json-mod url=(none) len=1171 score=2 BEGIN
2026-09-04 18:13:31.837111 SoundCore{scbody.dylib}[27259] <NOTICE>: SCBODY #19 seg 1/8 {"anonymous_id":"25175005-856F-4AAB-A276-01988F6459F5","_track_id":3608349845,"event":"$BindID","time":1788570811834,"identities":{"$identity_idfv":"34E75E6C-D5
2026-09-04 18:13:31.837128 SoundCore{scbody.dylib}[27259] <NOTICE>: SCBODY #19 seg 2/8 2A-428F-877D-1AD51BED73EF","identity_deviceid_sn":"7F4065C3-DF90-4738-8FA5-6BA6B4C35B86||3949E7BDE52DB6F4","$identity_anonymous_id":"25175005-856F-4AAB-A276-019
2026-09-04 18:13:31.837138 SoundCore{scbody.dylib}[27259] <NOTICE>: SCBODY #19 seg 3/8 88F6459F5"},"lib":{"$lib_version":"4.8.3","$lib":"iOS","$app_version":"5.0.02","$lib_method":"code"},"properties":{"$os":"iOS","$screen_width":390,"$app_version
2026-09-04 18:13:31.837146 SoundCore{scbody.dylib}[27259] <NOTICE>: SCBODY #19 seg 4/8 ":"5.0.02","country":"US","sn":"3949000000000000","is_secret":false,"$is_first_day":true,"$model":"iPhone18,5","$device_id":"34E75E6C-D52A-428F-877D-1AD51BED73E
2026-09-04 18:13:31.837160 SoundCore{scbody.dylib}[27259] <NOTICE>: SCBODY #19 seg 5/8 F","uuid":"7F4065C3-DF90-4738-8FA5-6BA6B4C35B86","$network_type":"WIFI","firmware_version":"14.42","device_id":"7F4065C3-DF90-4738-8FA5-6BA6B4C35B86","$app_name
2026-09-04 18:13:31.837180 SoundCore{scbody.dylib}[27259] <NOTICE>: SCBODY #19 seg 6/8 ":"soundcore","$wifi":true,"$timezone_offset":420,"mac":"F4:B6:2D:E5:BD:E7","app_line":"SoundCore","$screen_height":844,"$lib_method":"code","$lib_version":"4.8
2026-09-04 18:13:31.837190 SoundCore{scbody.dylib}[27259] <NOTICE>: SCBODY #19 seg 7/8 .3","$os_version":"26.5.1","$lib":"iOS","$manufacturer":"Apple","product_code":"A3949","$app_id":"com.oceanwing.SoundCore.G8AW4BQ7RV"},"distinct_id":"25175005-8
2026-09-04 18:13:31.837198 SoundCore{scbody.dylib}[27259] <NOTICE>: SCBODY #19 seg 8/8 56F-4AAB-A276-01988F6459F5","type":"track_id_bind"}
2026-09-04 18:13:31.837209 SoundCore{scbody.dylib}[27259] <NOTICE>: SCBODY CAPTURE #19 END
2026-09-04 18:13:31.837671 SoundCore{scbody.dylib}[27259] <NOTICE>: SCBODY MODIFY 516 -> 516 bytes
2026-09-04 18:13:31.837686 SoundCore{scbody.dylib}[27259] <NOTICE>: SCBODY CAPTURE #20 src=json-mod url=(none) len=516 score=1 BEGIN
2026-09-04 18:13:31.837696 SoundCore{scbody.dylib}[27259] <NOTICE>: SCBODY #20 seg 1/4 {"anonymous_id":"25175005-856F-4AAB-A276-01988F6459F5","_track_id":1615629172,"time":1788570811835,"identities":{"$identity_idfv":"34E75E6C-D52A-428F-877D-1AD51
2026-09-04 18:13:31.837707 SoundCore{scbody.dylib}[27259] <NOTICE>: SCBODY #20 seg 2/4 BED73EF","identity_deviceid_sn":"7F4065C3-DF90-4738-8FA5-6BA6B4C35B86||3949E7BDE52DB6F4","$identity_anonymous_id":"25175005-856F-4AAB-A276-01988F6459F5"},"prope
2026-09-04 18:13:31.837723 SoundCore{scbody.dylib}[27259] <NOTICE>: SCBODY #20 seg 3/4 rties":{"sn":"3949000000000000"},"distinct_id":"25175005-856F-4AAB-A276-01988F6459F5","lib":{"$lib_version":"4.8.3","$lib":"iOS","$app_version":"5.0.02","$lib_m
2026-09-04 18:13:31.837730 SoundCore{scbody.dylib}[27259] <NOTICE>: SCBODY #20 seg 4/4 ethod":"code"},"type":"profile_set"}
2026-09-04 18:13:31.837765 SoundCore{scbody.dylib}[27259] <NOTICE>: SCBODY CAPTURE #20 END
2026-09-04 18:13:31.840562 SoundCore{scbody.dylib}[27259] <NOTICE>: SCBODY CAPTURE #21 src=json url=(none) len=435 score=2 BEGIN
2026-09-04 18:13:31.840573 SoundCore{scbody.dylib}[27259] <NOTICE>: SCBODY #21 seg 1/3 {"events":[{"value_string":"{\"type\":\"nps\"}","module":"POP","time":"1788570811","mac":"F4:B6:2D:E5:BD:E7","device_id":"","product_code":"A3949","sn":"3949E7B
2026-09-04 18:13:31.840582 SoundCore{scbody.dylib}[27259] <NOTICE>: SCBODY #21 seg 2/3 DE52DB6F4","type":"1","name":"APP_POP_REQUEST"}],"country":"US","sys_type":"iOS","http_user_agent":"soundcore-iOS-5.0.02","phone_model":"iPhone18,5","uuid":"31B
2026-09-04 18:13:31.840590 SoundCore{scbody.dylib}[27259] <NOTICE>: SCBODY #21 seg 3/3 01C63-15A4-4C25-A7D5-D2D9AD219090","user_id":"","phone_name":"iPhone","sys_version":"26.5.1","phone_brand":"Apple"}
2026-09-04 18:13:31.840597 SoundCore{scbody.dylib}[27259] <NOTICE>: SCBODY CAPTURE #21 END
2026-09-04 18:13:31.840606 SoundCore{scbody.dylib}[27259] <NOTICE>: SCBODY MODIFY 435 -> 435 bytes
2026-09-04 18:13:31.840615 SoundCore{scbody.dylib}[27259] <NOTICE>: SCBODY CAPTURE #22 src=json-mod url=(none) len=435 score=2 BEGIN
2026-09-04 18:13:31.840623 SoundCore{scbody.dylib}[27259] <NOTICE>: SCBODY #22 seg 1/3 {"events":[{"value_string":"{\"type\":\"nps\"}","module":"POP","time":"1788570811","mac":"F4:B6:2D:E5:BD:E7","device_id":"","product_code":"A3949","sn":"3949000
2026-09-04 18:13:31.840631 SoundCore{scbody.dylib}[27259] <NOTICE>: SCBODY #22 seg 2/3 000000000","type":"1","name":"APP_POP_REQUEST"}],"country":"US","sys_type":"iOS","http_user_agent":"soundcore-iOS-5.0.02","phone_model":"iPhone18,5","uuid":"31B
2026-09-04 18:13:31.840639 SoundCore{scbody.dylib}[27259] <NOTICE>: SCBODY #22 seg 3/3 01C63-15A4-4C25-A7D5-D2D9AD219090","user_id":"","phone_name":"iPhone","sys_version":"26.5.1","phone_brand":"Apple"}
2026-09-04 18:13:31.840647 SoundCore{scbody.dylib}[27259] <NOTICE>: SCBODY CAPTURE #22 END
2026-09-04 18:13:31.841616 SoundCore{scbody.dylib}[27259] <NOTICE>: SCBODY CAPTURE #23 src=json url=(none) len=1280 score=2 BEGIN
2026-09-04 18:13:31.841626 SoundCore{scbody.dylib}[27259] <NOTICE>: SCBODY #23 seg 1/8 {"anonymous_id":"25175005-856F-4AAB-A276-01988F6459F5","_track_id":3381047766,"event":"SC_HOME_DEVICE_RESULT","time":1788570811837,"identities":{"$identity_idfv
2026-09-04 18:13:31.841768 SoundCore{scbody.dylib}[27259] <NOTICE>: SCBODY #23 seg 2/8 ":"34E75E6C-D52A-428F-877D-1AD51BED73EF","identity_deviceid_sn":"7F4065C3-DF90-4738-8FA5-6BA6B4C35B86||3949E7BDE52DB6F4","$identity_anonymous_id":"25175005-856F
2026-09-04 18:13:31.841796 SoundCore{scbody.dylib}[27259] <NOTICE>: SCBODY #23 seg 3/8 -4AAB-A276-01988F6459F5"},"lib":{"$lib_version":"4.8.3","$lib":"iOS","$app_version":"5.0.02","$lib_method":"code"},"properties":{"$app_id":"com.oceanwing.SoundC
2026-09-04 18:13:31.841824 SoundCore{scbody.dylib}[27259] <NOTICE>: SCBODY #23 seg 4/8 ore.G8AW4BQ7RV","$os":"iOS","$screen_width":390,"$app_version":"5.0.02","country":"US","sn":"3949E7BDE52DB6F4","is_secret":false,"$is_first_day":true,"$model":"
2026-09-04 18:13:31.841843 SoundCore{scbody.dylib}[27259] <NOTICE>: SCBODY #23 seg 5/8 iPhone18,5","$device_id":"34E75E6C-D52A-428F-877D-1AD51BED73EF","uuid":"7F4065C3-DF90-4738-8FA5-6BA6B4C35B86","requirement_id":1,"$network_type":"WIFI","firmwar
2026-09-04 18:13:31.841889 SoundCore{scbody.dylib}[27259] <NOTICE>: SCBODY #23 seg 6/8 e_version":"14.43","$app_name":"soundcore","device_id":"7F4065C3-DF90-4738-8FA5-6BA6B4C35B86","$timezone_offset":420,"$wifi":true,"mac":"F4:B6:2D:E5:BD:E7","app
2026-09-04 18:13:31.841917 SoundCore{scbody.dylib}[27259] <NOTICE>: SCBODY #23 seg 7/8 _line":"SoundCore","$screen_height":844,"track_sign":"aSC_HOME_DEVICE.b3.d4.RESULT.SC_HOME_DEVICE_RESULT","$lib_method":"code","$lib_version":"4.8.3","$os_versi
2026-09-04 18:13:31.841926 SoundCore{scbody.dylib}[27259] <NOTICE>: SCBODY #23 seg 8/8 on":"26.5.1","$lib":"iOS","$manufacturer":"Apple","product_code":"A3949","is_success":true},"distinct_id":"25175005-856F-4AAB-A276-01988F6459F5","type":"track"}
2026-09-04 18:13:31.841935 SoundCore{scbody.dylib}[27259] <NOTICE>: SCBODY CAPTURE #23 END
2026-09-04 18:13:31.841942 SoundCore{scbody.dylib}[27259] <NOTICE>: SCBODY MODIFY 1280 -> 1280 bytes
2026-09-04 18:13:31.841950 SoundCore{scbody.dylib}[27259] <NOTICE>: SCBODY CAPTURE #24 src=json-mod url=(none) len=1280 score=2 BEGIN
2026-09-04 18:13:31.841965 SoundCore{scbody.dylib}[27259] <NOTICE>: SCBODY #24 seg 1/8 {"anonymous_id":"25175005-856F-4AAB-A276-01988F6459F5","_track_id":3381047766,"event":"SC_HOME_DEVICE_RESULT","time":1788570811837,"identities":{"$identity_idfv
2026-09-04 18:13:31.841978 SoundCore{scbody.dylib}[27259] <NOTICE>: SCBODY #24 seg 2/8 ":"34E75E6C-D52A-428F-877D-1AD51BED73EF","identity_deviceid_sn":"7F4065C3-DF90-4738-8FA5-6BA6B4C35B86||3949E7BDE52DB6F4","$identity_anonymous_id":"25175005-856F
2026-09-04 18:13:31.842003 SoundCore{scbody.dylib}[27259] <NOTICE>: SCBODY #24 seg 3/8 -4AAB-A276-01988F6459F5"},"lib":{"$lib_version":"4.8.3","$lib":"iOS","$app_version":"5.0.02","$lib_method":"code"},"properties":{"$app_id":"com.oceanwing.SoundC
2026-09-04 18:13:31.842010 SoundCore{scbody.dylib}[27259] <NOTICE>: SCBODY #24 seg 4/8 ore.G8AW4BQ7RV","$os":"iOS","$screen_width":390,"$app_version":"5.0.02","country":"US","sn":"3949000000000000","is_secret":false,"$is_first_day":true,"$model":"
2026-09-04 18:13:31.842017 SoundCore{scbody.dylib}[27259] <NOTICE>: SCBODY #24 seg 5/8 iPhone18,5","$device_id":"34E75E6C-D52A-428F-877D-1AD51BED73EF","uuid":"7F4065C3-DF90-4738-8FA5-6BA6B4C35B86","requirement_id":1,"$network_type":"WIFI","firmwar
2026-09-04 18:13:31.842028 SoundCore{scbody.dylib}[27259] <NOTICE>: SCBODY #24 seg 6/8 e_version":"14.42","$app_name":"soundcore","device_id":"7F4065C3-DF90-4738-8FA5-6BA6B4C35B86","$timezone_offset":420,"$wifi":true,"mac":"F4:B6:2D:E5:BD:E7","app
2026-09-04 18:13:31.842035 SoundCore{scbody.dylib}[27259] <NOTICE>: SCBODY #24 seg 7/8 _line":"SoundCore","$screen_height":844,"track_sign":"aSC_HOME_DEVICE.b3.d4.RESULT.SC_HOME_DEVICE_RESULT","$lib_method":"code","$lib_version":"4.8.3","$os_versi
2026-09-04 18:13:31.842042 SoundCore{scbody.dylib}[27259] <NOTICE>: SCBODY #24 seg 8/8 on":"26.5.1","$lib":"iOS","$manufacturer":"Apple","product_code":"A3949","is_success":true},"distinct_id":"25175005-856F-4AAB-A276-01988F6459F5","type":"track"}
2026-09-04 18:13:31.842051 SoundCore{scbody.dylib}[27259] <NOTICE>: SCBODY CAPTURE #24 END
2026-09-04 18:13:31.854102 SoundCore{scbody.dylib}[27259] <NOTICE>: SCBODY MODIFY 130 -> 130 bytes
2026-09-04 18:13:31.854112 SoundCore{scbody.dylib}[27259] <NOTICE>: SCBODY CAPTURE #25 src=json-mod url=(none) len=130 score=1 BEGIN
2026-09-04 18:13:31.854122 SoundCore{scbody.dylib}[27259] <NOTICE>: SCBODY #25 seg 1/1 {"feature_codes":["ai_recap"],"device_infos":[{"product_code":"A3949","device_sn":"3949E7BDE52DB6F4","firmware_version":"14.42"}]}
2026-09-04 18:13:31.854128 SoundCore{scbody.dylib}[27259] <NOTICE>: SCBODY CAPTURE #25 END
2026-09-04 18:13:31.854253 SoundCore{scbody.dylib}[27259] <NOTICE>: SCBODY MODIFY 130 -> 130 bytes
2026-09-04 18:13:31.935191 SoundCore{scbody.dylib}[27259] <NOTICE>: SCBODY CAPTURE #26 src=resp url=(none) len=129 score=5 BEGIN
2026-09-04 18:13:31.935208 SoundCore{scbody.dylib}[27259] <NOTICE>: SCBODY #26 seg 1/1 {"firmware_list":[{"product_code":"A3949","product_component":"ALL","relation_sn":"","version":"14.43","sn":"3949E7BDE52DB6F4"}]}
2026-09-04 18:13:31.935234 SoundCore{scbody.dylib}[27259] <NOTICE>: SCBODY CAPTURE #26 END
2026-09-04 18:13:31.935243 SoundCore{scbody.dylib}[27259] <NOTICE>: SCBODY HDR sys_version: 26.5.1
2026-09-04 18:13:31.935253 SoundCore{scbody.dylib}[27259] <NOTICE>: SCBODY HDR timezone: America/Los_Angeles
2026-09-04 18:13:31.935261 SoundCore{scbody.dylib}[27259] <NOTICE>: SCBODY HDR X-App-Key: soundcore
2026-09-04 18:13:31.935269 SoundCore{scbody.dylib}[27259] <NOTICE>: SCBODY HDR X-Request-Ts: 1788570811
2026-09-04 18:13:31.935281 SoundCore{scbody.dylib}[27259] <NOTICE>: SCBODY HDR User-Agent: Soundcore-iOS-5.0.02
2026-09-04 18:13:31.935290 SoundCore{scbody.dylib}[27259] <NOTICE>: SCBODY HDR token: 5a2f983136f4b2551d9ba57534df517d
2026-09-04 18:13:31.935297 SoundCore{scbody.dylib}[27259] <NOTICE>: SCBODY HDR AnkerBG: SPEAKER
2026-09-04 18:13:31.935304 SoundCore{scbody.dylib}[27259] <NOTICE>: SCBODY HDR country: US
2026-09-04 18:13:31.935316 SoundCore{scbody.dylib}[27259] <NOTICE>: SCBODY HDR terminal-id: 31B01C63-15A4-4C25-A7D5-D2D9AD219090
2026-09-04 18:13:31.935323 SoundCore{scbody.dylib}[27259] <NOTICE>: SCBODY HDR language: en
2026-09-04 18:13:31.935330 SoundCore{scbody.dylib}[27259] <NOTICE>: SCBODY HDR Gtoken: aa4bd12c0afce18a24501982cb8e2dd0
2026-09-04 18:13:31.935337 SoundCore{scbody.dylib}[27259] <NOTICE>: SCBODY HDR phone_virtual_id: 31B01C63-15A4-4C25-A7D5-D2D9AD219090
2026-09-04 18:13:31.935345 SoundCore{scbody.dylib}[27259] <NOTICE>: SCBODY HDR Openudid: 31B01C63-15A4-4C25-A7D5-D2D9AD219090
2026-09-04 18:13:31.935352 SoundCore{scbody.dylib}[27259] <NOTICE>: SCBODY HDR X-Request-Once: 4E60510A-E5A3-4C08-AF6F-F18005639D49
2026-09-04 18:13:31.935362 SoundCore{scbody.dylib}[27259] <NOTICE>: SCBODY HDR unique-sign: 1ccb3fcc407b331e72f1cd83aa49760b
2026-09-04 18:13:31.935369 SoundCore{scbody.dylib}[27259] <NOTICE>: SCBODY CAPTURE #27 src=json url=(none) len=129 score=5 BEGIN
2026-09-04 18:13:31.935377 SoundCore{scbody.dylib}[27259] <NOTICE>: SCBODY #27 seg 1/1 {"firmware_list":[{"version":"14.43","relation_sn":"","sn":"3949E7BDE52DB6F4","product_component":"ALL","product_code":"A3949"}]}
2026-09-04 18:13:31.935384 SoundCore{scbody.dylib}[27259] <NOTICE>: SCBODY CAPTURE #27 END
2026-09-04 18:13:31.935392 SoundCore{scbody.dylib}[27259] <NOTICE>: SCBODY MODIFY 129 -> 129 bytes
2026-09-04 18:13:31.935399 SoundCore{scbody.dylib}[27259] <NOTICE>: SCBODY CAPTURE #28 src=json-mod url=(none) len=129 score=5 BEGIN
2026-09-04 18:13:31.935407 SoundCore{scbody.dylib}[27259] <NOTICE>: SCBODY #28 seg 1/1 {"firmware_list":[{"version":"14.42","relation_sn":"","sn":"3949000000000000","product_component":"ALL","product_code":"A3949"}]}
2026-09-04 18:13:31.935418 SoundCore{scbody.dylib}[27259] <NOTICE>: SCBODY CAPTURE #28 END
2026-09-04 18:13:31.935426 SoundCore{scbody.dylib}[27259] <NOTICE>: SCBODY HDR Content-Type: application/json
2026-09-04 18:13:31.935432 SoundCore{scbody.dylib}[27259] <NOTICE>: SCBODY HDRSNAP Content-Type: application/json
2026-09-04 18:13:31.935439 SoundCore{scbody.dylib}[27259] <NOTICE>: SCBODY HDRSNAP Gtoken: aa4bd12c0afce18a24501982cb8e2dd0
2026-09-04 18:13:31.935448 SoundCore{scbody.dylib}[27259] <NOTICE>: SCBODY HDRSNAP X-Request-Ts: 1788570811
2026-09-04 18:13:31.935454 SoundCore{scbody.dylib}[27259] <NOTICE>: SCBODY HDRSNAP sys_version: 26.5.1
2026-09-04 18:13:31.935460 SoundCore{scbody.dylib}[27259] <NOTICE>: SCBODY HDRSNAP Openudid: 31B01C63-15A4-4C25-A7D5-D2D9AD219090
2026-09-04 18:13:31.935467 SoundCore{scbody.dylib}[27259] <NOTICE>: SCBODY HDRSNAP X-Request-Once: 4E60510A-E5A3-4C08-AF6F-F18005639D49
2026-09-04 18:13:31.935473 SoundCore{scbody.dylib}[27259] <NOTICE>: SCBODY HDRSNAP unique-sign: 1ccb3fcc407b331e72f1cd83aa49760b
2026-09-04 18:13:31.935480 SoundCore{scbody.dylib}[27259] <NOTICE>: SCBODY HDRSNAP token: 5a2f983136f4b2551d9ba57534df517d
2026-09-04 18:13:31.935486 SoundCore{scbody.dylib}[27259] <NOTICE>: SCBODY HDRSNAP language: en
2026-09-04 18:13:31.935493 SoundCore{scbody.dylib}[27259] <NOTICE>: SCBODY HDRSNAP terminal-id: 31B01C63-15A4-4C25-A7D5-D2D9AD219090
2026-09-04 18:13:31.935500 SoundCore{scbody.dylib}[27259] <NOTICE>: SCBODY HDRSNAP User-Agent: Soundcore-iOS-5.0.02
2026-09-04 18:13:31.935507 SoundCore{scbody.dylib}[27259] <NOTICE>: SCBODY HDRSNAP timezone: America/Los_Angeles
2026-09-04 18:13:31.935514 SoundCore{scbody.dylib}[27259] <NOTICE>: SCBODY HDRSNAP phone_virtual_id: 31B01C63-15A4-4C25-A7D5-D2D9AD219090
2026-09-04 18:13:31.935521 SoundCore{scbody.dylib}[27259] <NOTICE>: SCBODY HDRSNAP country: US
2026-09-04 18:13:31.935538 SoundCore{scbody.dylib}[27259] <NOTICE>: SCBODY HDRSNAP X-App-Key: soundcore
2026-09-04 18:13:31.935548 SoundCore{scbody.dylib}[27259] <NOTICE>: SCBODY HDRSNAP AnkerBG: SPEAKER
2026-09-04 18:13:31.935555 SoundCore{scbody.dylib}[27259] <NOTICE>: SCBODY MODIFY 129 -> 129 bytes
2026-09-04 18:13:31.935753 SoundCore{scbody.dylib}[27259] <NOTICE>: SCBODY CAPTURE #29 src=httpBody url=https://speaker.eufylife.com/api/v2/speaker/firmware/upgrade_check/batch len=196 score=0 BEGIN
2026-09-04 18:13:31.935786 SoundCore{scbody.dylib}[27259] <NOTICE>: SCBODY #29 seg 1/2 MTc4ODU3MDgxMTkzNTYwN9m69fehNAbNE7hjbD9yvNJQtaY3OQ3JuOy48Pzr7Ee98Q/IcZB5XXNTXUUj1w5iiyGKAwf/nB04lZiFxBUjoAfS4Frp8YH7mJwnxrgOMBCSfmPOMuGqPuYV/veIuA2GEXKK9lcM5qry
2026-09-04 18:13:31.935802 SoundCore{scbody.dylib}[27259] <NOTICE>: SCBODY #29 seg 2/2 mxTdqDP+V0VAD/7RsgKWVvi8RovVByhZbg==
2026-09-04 18:13:31.935810 SoundCore{scbody.dylib}[27259] <NOTICE>: SCBODY CAPTURE #29 END
2026-09-04 18:13:31.935817 SoundCore{scbody.dylib}[27259] <NOTICE>: SCBODY HDRSNAP Content-Type: application/json
2026-09-04 18:13:31.935823 SoundCore{scbody.dylib}[27259] <NOTICE>: SCBODY HDRSNAP Gtoken: aa4bd12c0afce18a24501982cb8e2dd0
2026-09-04 18:13:31.935830 SoundCore{scbody.dylib}[27259] <NOTICE>: SCBODY HDRSNAP X-Request-Ts: 1788570811
2026-09-04 18:13:31.935837 SoundCore{scbody.dylib}[27259] <NOTICE>: SCBODY HDRSNAP sys_version: 26.5.1
2026-09-04 18:13:31.935843 SoundCore{scbody.dylib}[27259] <NOTICE>: SCBODY HDRSNAP Openudid: 31B01C63-15A4-4C25-A7D5-D2D9AD219090
2026-09-04 18:13:31.935853 SoundCore{scbody.dylib}[27259] <NOTICE>: SCBODY HDRSNAP X-Request-Once: 4E60510A-E5A3-4C08-AF6F-F18005639D49
2026-09-04 18:13:31.935861 SoundCore{scbody.dylib}[27259] <NOTICE>: SCBODY HDRSNAP unique-sign: 1ccb3fcc407b331e72f1cd83aa49760b
2026-09-04 18:13:31.935883 SoundCore{scbody.dylib}[27259] <NOTICE>: SCBODY HDRSNAP token: 5a2f983136f4b2551d9ba57534df517d
2026-09-04 18:13:31.935892 SoundCore{scbody.dylib}[27259] <NOTICE>: SCBODY HDRSNAP language: en
2026-09-04 18:13:31.935910 SoundCore{scbody.dylib}[27259] <NOTICE>: SCBODY HDRSNAP terminal-id: 31B01C63-15A4-4C25-A7D5-D2D9AD219090
2026-09-04 18:13:31.935919 SoundCore{scbody.dylib}[27259] <NOTICE>: SCBODY HDRSNAP User-Agent: Soundcore-iOS-5.0.02
2026-09-04 18:13:31.935929 SoundCore{scbody.dylib}[27259] <NOTICE>: SCBODY HDRSNAP timezone: America/Los_Angeles
2026-09-04 18:13:31.935935 SoundCore{scbody.dylib}[27259] <NOTICE>: SCBODY HDRSNAP phone_virtual_id: 31B01C63-15A4-4C25-A7D5-D2D9AD219090
2026-09-04 18:13:31.935942 SoundCore{scbody.dylib}[27259] <NOTICE>: SCBODY HDRSNAP country: US
2026-09-04 18:13:31.935951 SoundCore{scbody.dylib}[27259] <NOTICE>: SCBODY HDRSNAP X-App-Key: soundcore
2026-09-04 18:13:31.935957 SoundCore{scbody.dylib}[27259] <NOTICE>: SCBODY HDRSNAP AnkerBG: SPEAKER
2026-09-04 18:13:31.936051 SoundCore{scbody.dylib}[27259] <NOTICE>: SCBODY HDRSNAP Content-Type: application/json
2026-09-04 18:13:31.936057 SoundCore{scbody.dylib}[27259] <NOTICE>: SCBODY HDRSNAP Gtoken: aa4bd12c0afce18a24501982cb8e2dd0
2026-09-04 18:13:31.936064 SoundCore{scbody.dylib}[27259] <NOTICE>: SCBODY HDRSNAP X-Request-Ts: 1788570811
2026-09-04 18:13:31.936070 SoundCore{scbody.dylib}[27259] <NOTICE>: SCBODY HDRSNAP sys_version: 26.5.1
2026-09-04 18:13:31.936080 SoundCore{scbody.dylib}[27259] <NOTICE>: SCBODY HDRSNAP Openudid: 31B01C63-15A4-4C25-A7D5-D2D9AD219090
2026-09-04 18:13:31.936101 SoundCore{scbody.dylib}[27259] <NOTICE>: SCBODY HDRSNAP X-Request-Once: 4E60510A-E5A3-4C08-AF6F-F18005639D49
2026-09-04 18:13:31.936109 SoundCore{scbody.dylib}[27259] <NOTICE>: SCBODY HDRSNAP unique-sign: 1ccb3fcc407b331e72f1cd83aa49760b
2026-09-04 18:13:31.936121 SoundCore{scbody.dylib}[27259] <NOTICE>: SCBODY HDRSNAP token: 5a2f983136f4b2551d9ba57534df517d
2026-09-04 18:13:31.936129 SoundCore{scbody.dylib}[27259] <NOTICE>: SCBODY HDRSNAP language: en
2026-09-04 18:13:31.936135 SoundCore{scbody.dylib}[27259] <NOTICE>: SCBODY HDRSNAP terminal-id: 31B01C63-15A4-4C25-A7D5-D2D9AD219090
2026-09-04 18:13:31.936141 SoundCore{scbody.dylib}[27259] <NOTICE>: SCBODY HDRSNAP User-Agent: Soundcore-iOS-5.0.02
2026-09-04 18:13:31.936148 SoundCore{scbody.dylib}[27259] <NOTICE>: SCBODY HDRSNAP timezone: America/Los_Angeles
2026-09-04 18:13:31.936154 SoundCore{scbody.dylib}[27259] <NOTICE>: SCBODY HDRSNAP phone_virtual_id: 31B01C63-15A4-4C25-A7D5-D2D9AD219090
2026-09-04 18:13:31.936160 SoundCore{scbody.dylib}[27259] <NOTICE>: SCBODY HDRSNAP country: US
2026-09-04 18:13:31.936166 SoundCore{scbody.dylib}[27259] <NOTICE>: SCBODY HDRSNAP X-App-Key: soundcore
2026-09-04 18:13:31.936172 SoundCore{scbody.dylib}[27259] <NOTICE>: SCBODY HDRSNAP AnkerBG: SPEAKER
2026-09-04 18:13:31.936184 SoundCore{scbody.dylib}[27259] <NOTICE>: SCBODY HDR Transfer-Encoding:
2026-09-04 18:13:31.937766 SoundCore{scbody.dylib}[27259] <NOTICE>: SCBODY CAPTURE #30 src=json url=(none) len=646 score=2 BEGIN
2026-09-04 18:13:31.937781 SoundCore{scbody.dylib}[27259] <NOTICE>: SCBODY #30 seg 1/5 {"events":[{"value_string":"{\"res_code\":1,\"content\":{\"num\":0,\"state\":\"\",\"delay\":0},\"product_code\":\"\",\"id\":0,\"open_browser\":0,\"message\":\"S
2026-09-04 18:13:31.937788 SoundCore{scbody.dylib}[27259] <NOTICE>: SCBODY #30 seg 2/5 UCCESS\",\"is_need\":false,\"type\":\"\",\"url\":{\"web\":\"\",\"app\":\"\",\"share\":\"\"}}","module":"POP","time":"1788570811","mac":"F4:B6:2D:E5:BD:E7","devi
2026-09-04 18:13:31.937797 SoundCore{scbody.dylib}[27259] <NOTICE>: SCBODY #30 seg 3/5 ce_id":"","product_code":"A3949","sn":"3949E7BDE52DB6F4","type":"1","name":"APP_POP_REQUEST_FAIL"}],"country":"US","sys_type":"iOS","http_user_agent":"soundcore
2026-09-04 18:13:31.937822 SoundCore{scbody.dylib}[27259] <NOTICE>: SCBODY #30 seg 4/5 -iOS-5.0.02","phone_model":"iPhone18,5","uuid":"31B01C63-15A4-4C25-A7D5-D2D9AD219090","user_id":"","phone_name":"iPhone","sys_version":"26.5.1","phone_brand":"A
2026-09-04 18:13:31.937832 SoundCore{scbody.dylib}[27259] <NOTICE>: SCBODY #30 seg 5/5 pple"}
2026-09-04 18:13:31.937861 SoundCore{scbody.dylib}[27259] <NOTICE>: SCBODY CAPTURE #30 END
2026-09-04 18:13:31.937885 SoundCore{scbody.dylib}[27259] <NOTICE>: SCBODY MODIFY 646 -> 646 bytes
2026-09-04 18:13:31.937894 SoundCore{scbody.dylib}[27259] <NOTICE>: SCBODY CAPTURE #31 src=json-mod url=(none) len=646 score=2 BEGIN
2026-09-04 18:13:31.937905 SoundCore{scbody.dylib}[27259] <NOTICE>: SCBODY #31 seg 1/5 {"events":[{"value_string":"{\"res_code\":1,\"content\":{\"num\":0,\"state\":\"\",\"delay\":0},\"product_code\":\"\",\"id\":0,\"open_browser\":0,\"message\":\"S
2026-09-04 18:13:31.937912 SoundCore{scbody.dylib}[27259] <NOTICE>: SCBODY #31 seg 2/5 UCCESS\",\"is_need\":false,\"type\":\"\",\"url\":{\"web\":\"\",\"app\":\"\",\"share\":\"\"}}","module":"POP","time":"1788570811","mac":"F4:B6:2D:E5:BD:E7","devi
2026-09-04 18:13:31.937919 SoundCore{scbody.dylib}[27259] <NOTICE>: SCBODY #31 seg 3/5 ce_id":"","product_code":"A3949","sn":"3949000000000000","type":"1","name":"APP_POP_REQUEST_FAIL"}],"country":"US","sys_type":"iOS","http_user_agent":"soundcore
2026-09-04 18:13:31.937926 SoundCore{scbody.dylib}[27259] <NOTICE>: SCBODY #31 seg 4/5 -iOS-5.0.02","phone_model":"iPhone18,5","uuid":"31B01C63-15A4-4C25-A7D5-D2D9AD219090","user_id":"","phone_name":"iPhone","sys_version":"26.5.1","phone_brand":"A
2026-09-04 18:13:31.937933 SoundCore{scbody.dylib}[27259] <NOTICE>: SCBODY #31 seg 5/5 pple"}
2026-09-04 18:13:31.937939 SoundCore{scbody.dylib}[27259] <NOTICE>: SCBODY CAPTURE #31 END
2026-09-04 18:13:31.975910 SoundCore{scbody.dylib}[27259] <NOTICE>: SCBODY CAPTURE #32 src=json url=(none) len=551 score=2 BEGIN
2026-09-04 18:13:31.975921 SoundCore{scbody.dylib}[27259] <NOTICE>: SCBODY #32 seg 1/4 {"events":[{"value_string":"0200000003039a00110900000100a6000000d900000017000000000000000100000000000000010000008900000000000000000000000a0000001300000000000000
2026-09-04 18:13:31.975929 SoundCore{scbody.dylib}[27259] <NOTICE>: SCBODY #32 seg 2/4 56","module":"COMMON","time":"1788570811","mac":"F4:B6:2D:E5:BD:E7","device_id":"","product_code":"A3949","sn":"3949E7BDE52DB6F4","type":"1","name":"DEV_USE_INF
2026-09-04 18:13:31.975937 SoundCore{scbody.dylib}[27259] <NOTICE>: SCBODY #32 seg 3/4 O"}],"country":"US","sys_type":"iOS","http_user_agent":"soundcore-iOS-5.0.02","phone_model":"iPhone18,5","uuid":"31B01C63-15A4-4C25-A7D5-D2D9AD219090","user_id"
2026-09-04 18:13:31.975946 SoundCore{scbody.dylib}[27259] <NOTICE>: SCBODY #32 seg 4/4 :"","phone_name":"iPhone","sys_version":"26.5.1","phone_brand":"Apple"}
2026-09-04 18:13:31.975953 SoundCore{scbody.dylib}[27259] <NOTICE>: SCBODY CAPTURE #32 END
2026-09-04 18:13:31.975960 SoundCore{scbody.dylib}[27259] <NOTICE>: SCBODY MODIFY 551 -> 551 bytes
2026-09-04 18:13:31.975971 SoundCore{scbody.dylib}[27259] <NOTICE>: SCBODY CAPTURE #33 src=json-mod url=(none) len=551 score=2 BEGIN
2026-09-04 18:13:31.975979 SoundCore{scbody.dylib}[27259] <NOTICE>: SCBODY #33 seg 1/4 {"events":[{"value_string":"0200000003039a00110900000100a6000000d900000017000000000000000100000000000000010000008900000000000000000000000a0000001300000000000000
2026-09-04 18:13:31.975985 SoundCore{scbody.dylib}[27259] <NOTICE>: SCBODY #33 seg 2/4 56","module":"COMMON","time":"1788570811","mac":"F4:B6:2D:E5:BD:E7","device_id":"","product_code":"A3949","sn":"3949000000000000","type":"1","name":"DEV_USE_INF
2026-09-04 18:13:31.975992 SoundCore{scbody.dylib}[27259] <NOTICE>: SCBODY #33 seg 3/4 O"}],"country":"US","sys_type":"iOS","http_user_agent":"soundcore-iOS-5.0.02","phone_model":"iPhone18,5","uuid":"31B01C63-15A4-4C25-A7D5-D2D9AD219090","user_id"
2026-09-04 18:13:31.975998 SoundCore{scbody.dylib}[27259] <NOTICE>: SCBODY #33 seg 4/4 :"","phone_name":"iPhone","sys_version":"26.5.1","phone_brand":"Apple"}
2026-09-04 18:13:31.976004 SoundCore{scbody.dylib}[27259] <NOTICE>: SCBODY CAPTURE #33 END
2026-09-04 18:13:32.022664 SoundCore{scbody.dylib}[27259] <NOTICE>: SCBODY CAPTURE #34 src=json url=(none) len=1395 score=2 BEGIN
2026-09-04 18:13:32.022690 SoundCore{scbody.dylib}[27259] <NOTICE>: SCBODY #34 seg 1/9 {"anonymous_id":"25175005-856F-4AAB-A276-01988F6459F5","_track_id":4173283502,"event":"$AppViewScreen","time":1788570812021,"identities":{"$identity_idfv":"34E7
2026-09-04 18:13:32.022700 SoundCore{scbody.dylib}[27259] <NOTICE>: SCBODY #34 seg 2/9 5E6C-D52A-428F-877D-1AD51BED73EF","identity_deviceid_sn":"7F4065C3-DF90-4738-8FA5-6BA6B4C35B86||3949E7BDE52DB6F4","$identity_anonymous_id":"25175005-856F-4AAB-A
2026-09-04 18:13:32.022707 SoundCore{scbody.dylib}[27259] <NOTICE>: SCBODY #34 seg 3/9 276-01988F6459F5"},"lib":{"$lib_method":"autoTrack","$lib_version":"4.8.3","$lib":"iOS","$lib_detail":"SoundCore.SCA3948MainViewController######","$app_version"
2026-09-04 18:13:32.022714 SoundCore{scbody.dylib}[27259] <NOTICE>: SCBODY #34 seg 4/9 :"5.0.02"},"properties":{"$os":"iOS","$screen_width":390,"$app_version":"5.0.02","country":"US","sn":"3949E7BDE52DB6F4","is_secret":false,"$is_first_day":true,"
2026-09-04 18:13:32.022720 SoundCore{scbody.dylib}[27259] <NOTICE>: SCBODY #34 seg 5/9 $model":"iPhone18,5","$device_id":"34E75E6C-D52A-428F-877D-1AD51BED73EF","uuid":"7F4065C3-DF90-4738-8FA5-6BA6B4C35B86","$network_type":"WIFI","firmware_version"
2026-09-04 18:13:32.022727 SoundCore{scbody.dylib}[27259] <NOTICE>: SCBODY #34 seg 6/9 :"14.43","device_id":"7F4065C3-DF90-4738-8FA5-6BA6B4C35B86","$app_name":"soundcore","$wifi":true,"$timezone_offset":420,"$url":"SoundCore.SCA3948MainViewControl
2026-09-04 18:13:32.022734 SoundCore{scbody.dylib}[27259] <NOTICE>: SCBODY #34 seg 7/9 ler","mac":"F4:B6:2D:E5:BD:E7","app_line":"SoundCore","$screen_height":844,"$referrer":"ModuleConnect.SCRePairingRightViewController","$lib_method":"autoTrack",
2026-09-04 18:13:32.022740 SoundCore{scbody.dylib}[27259] <NOTICE>: SCBODY #34 seg 8/9 "$screen_name":"SoundCore.SCA3948MainViewController","$lib_version":"4.8.3","$os_version":"26.5.1","$lib":"iOS","$manufacturer":"Apple","product_code":"A3949","
2026-09-04 18:13:32.022747 SoundCore{scbody.dylib}[27259] <NOTICE>: SCBODY #34 seg 9/9 $app_id":"com.oceanwing.SoundCore.G8AW4BQ7RV"},"distinct_id":"25175005-856F-4AAB-A276-01988F6459F5","type":"track"}
2026-09-04 18:13:32.022761 SoundCore{scbody.dylib}[27259] <NOTICE>: SCBODY CAPTURE #34 END
2026-09-04 18:13:32.022772 SoundCore{scbody.dylib}[27259] <NOTICE>: SCBODY MODIFY 1395 -> 1395 bytes
2026-09-04 18:13:32.022796 SoundCore{scbody.dylib}[27259] <NOTICE>: SCBODY CAPTURE #35 src=json-mod url=(none) len=1395 score=2 BEGIN
2026-09-04 18:13:32.022807 SoundCore{scbody.dylib}[27259] <NOTICE>: SCBODY #35 seg 1/9 {"anonymous_id":"25175005-856F-4AAB-A276-01988F6459F5","_track_id":4173283502,"event":"$AppViewScreen","time":1788570812021,"identities":{"$identity_idfv":"34E7
2026-09-04 18:13:32.022815 SoundCore{scbody.dylib}[27259] <NOTICE>: SCBODY #35 seg 2/9 5E6C-D52A-428F-877D-1AD51BED73EF","identity_deviceid_sn":"7F4065C3-DF90-4738-8FA5-6BA6B4C35B86||3949E7BDE52DB6F4","$identity_anonymous_id":"25175005-856F-4AAB-A
2026-09-04 18:13:32.022828 SoundCore{scbody.dylib}[27259] <NOTICE>: SCBODY #35 seg 3/9 276-01988F6459F5"},"lib":{"$lib_method":"autoTrack","$lib_version":"4.8.3","$lib":"iOS","$lib_detail":"SoundCore.SCA3948MainViewController######","$app_version"
2026-09-04 18:13:32.022835 SoundCore{scbody.dylib}[27259] <NOTICE>: SCBODY #35 seg 4/9 :"5.0.02"},"properties":{"$os":"iOS","$screen_width":390,"$app_version":"5.0.02","country":"US","sn":"3949000000000000","is_secret":false,"$is_first_day":true,"
2026-09-04 18:13:32.022842 SoundCore{scbody.dylib}[27259] <NOTICE>: SCBODY #35 seg 5/9 $model":"iPhone18,5","$device_id":"34E75E6C-D52A-428F-877D-1AD51BED73EF","uuid":"7F4065C3-DF90-4738-8FA5-6BA6B4C35B86","$network_type":"WIFI","firmware_version"
2026-09-04 18:13:32.022849 SoundCore{scbody.dylib}[27259] <NOTICE>: SCBODY #35 seg 6/9 :"14.42","device_id":"7F4065C3-DF90-4738-8FA5-6BA6B4C35B86","$app_name":"soundcore","$wifi":true,"$timezone_offset":420,"$url":"SoundCore.SCA3948MainViewControl
2026-09-04 18:13:32.022855 SoundCore{scbody.dylib}[27259] <NOTICE>: SCBODY #35 seg 7/9 ler","mac":"F4:B6:2D:E5:BD:E7","app_line":"SoundCore","$screen_height":844,"$referrer":"ModuleConnect.SCRePairingRightViewController","$lib_method":"autoTrack",
2026-09-04 18:13:32.022862 SoundCore{scbody.dylib}[27259] <NOTICE>: SCBODY #35 seg 8/9 "$screen_name":"SoundCore.SCA3948MainViewController","$lib_version":"4.8.3","$os_version":"26.5.1","$lib":"iOS","$manufacturer":"Apple","product_code":"A3949","
2026-09-04 18:13:32.022869 SoundCore{scbody.dylib}[27259] <NOTICE>: SCBODY #35 seg 9/9 $app_id":"com.oceanwing.SoundCore.G8AW4BQ7RV"},"distinct_id":"25175005-856F-4AAB-A276-01988F6459F5","type":"track"}
2026-09-04 18:13:32.022878 SoundCore{scbody.dylib}[27259] <NOTICE>: SCBODY CAPTURE #35 END
2026-09-04 18:13:32.023788 SoundCore{scbody.dylib}[27259] <NOTICE>: SCBODY CAPTURE #36 src=json url=(none) len=1342 score=2 BEGIN
2026-09-04 18:13:32.023802 SoundCore{scbody.dylib}[27259] <NOTICE>: SCBODY #36 seg 1/9 {"anonymous_id":"25175005-856F-4AAB-A276-01988F6459F5","_track_id":3951024226,"event":"$AppPageLeave","time":1788570812022,"identities":{"$identity_idfv":"34E75
2026-09-04 18:13:32.023811 SoundCore{scbody.dylib}[27259] <NOTICE>: SCBODY #36 seg 2/9 E6C-D52A-428F-877D-1AD51BED73EF","identity_deviceid_sn":"7F4065C3-DF90-4738-8FA5-6BA6B4C35B86||3949E7BDE52DB6F4","$identity_anonymous_id":"25175005-856F-4AAB-A2
2026-09-04 18:13:32.023819 SoundCore{scbody.dylib}[27259] <NOTICE>: SCBODY #36 seg 3/9 76-01988F6459F5"},"lib":{"$lib_version":"4.8.3","$lib":"iOS","$app_version":"5.0.02","$lib_method":"code"},"properties":{"$os":"iOS","$screen_width":390,"$app_v
2026-09-04 18:13:32.023826 SoundCore{scbody.dylib}[27259] <NOTICE>: SCBODY #36 seg 4/9 ersion":"5.0.02","country":"US","sn":"3949E7BDE52DB6F4","is_secret":false,"$is_first_day":true,"$model":"iPhone18,5","$device_id":"34E75E6C-D52A-428F-877D-1AD51
2026-09-04 18:13:32.023838 SoundCore{scbody.dylib}[27259] <NOTICE>: SCBODY #36 seg 5/9 BED73EF","uuid":"7F4065C3-DF90-4738-8FA5-6BA6B4C35B86","$network_type":"WIFI","firmware_version":"14.43","device_id":"7F4065C3-DF90-4738-8FA5-6BA6B4C35B86","$ap
2026-09-04 18:13:32.023845 SoundCore{scbody.dylib}[27259] <NOTICE>: SCBODY #36 seg 6/9 p_name":"soundcore","$wifi":true,"$timezone_offset":420,"$url":"ModuleConnect.SCRootViewController","mac":"F4:B6:2D:E5:BD:E7","app_line":"SoundCore","$screen_he
2026-09-04 18:13:32.023852 SoundCore{scbody.dylib}[27259] <NOTICE>: SCBODY #36 seg 7/9 ight":844,"$referrer":"ModuleUserCenter.SCLoginViewController","$lib_method":"code","$screen_name":"ModuleConnect.SCRootViewController","$lib_version":"4.8.3","
2026-09-04 18:13:32.023859 SoundCore{scbody.dylib}[27259] <NOTICE>: SCBODY #36 seg 8/9 $os_version":"26.5.1","$lib":"iOS","$manufacturer":"Apple","product_code":"A3949","event_duration":35.611,"$app_id":"com.oceanwing.SoundCore.G8AW4BQ7RV"},"disti
2026-09-04 18:13:32.023867 SoundCore{scbody.dylib}[27259] <NOTICE>: SCBODY #36 seg 9/9 nct_id":"25175005-856F-4AAB-A276-01988F6459F5","type":"track"}
2026-09-04 18:13:32.023881 SoundCore{scbody.dylib}[27259] <NOTICE>: SCBODY CAPTURE #36 END
2026-09-04 18:13:32.023892 SoundCore{scbody.dylib}[27259] <NOTICE>: SCBODY MODIFY 1342 -> 1342 bytes
2026-09-04 18:13:32.023902 SoundCore{scbody.dylib}[27259] <NOTICE>: SCBODY CAPTURE #37 src=json-mod url=(none) len=1342 score=2 BEGIN
2026-09-04 18:13:32.023912 SoundCore{scbody.dylib}[27259] <NOTICE>: SCBODY #37 seg 1/9 {"anonymous_id":"25175005-856F-4AAB-A276-01988F6459F5","_track_id":3951024226,"event":"$AppPageLeave","time":1788570812022,"identities":{"$identity_idfv":"34E75
2026-09-04 18:13:32.023920 SoundCore{scbody.dylib}[27259] <NOTICE>: SCBODY #37 seg 2/9 E6C-D52A-428F-877D-1AD51BED73EF","identity_deviceid_sn":"7F4065C3-DF90-4738-8FA5-6BA6B4C35B86||3949E7BDE52DB6F4","$identity_anonymous_id":"25175005-856F-4AAB-A2
2026-09-04 18:13:32.023927 SoundCore{scbody.dylib}[27259] <NOTICE>: SCBODY #37 seg 3/9 76-01988F6459F5"},"lib":{"$lib_version":"4.8.3","$lib":"iOS","$app_version":"5.0.02","$lib_method":"code"},"properties":{"$os":"iOS","$screen_width":390,"$app_v
2026-09-04 18:13:32.023933 SoundCore{scbody.dylib}[27259] <NOTICE>: SCBODY #37 seg 4/9 ersion":"5.0.02","country":"US","sn":"3949000000000000","is_secret":false,"$is_first_day":true,"$model":"iPhone18,5","$device_id":"34E75E6C-D52A-428F-877D-1AD51
2026-09-04 18:13:32.023940 SoundCore{scbody.dylib}[27259] <NOTICE>: SCBODY #37 seg 5/9 BED73EF","uuid":"7F4065C3-DF90-4738-8FA5-6BA6B4C35B86","$network_type":"WIFI","firmware_version":"14.42","device_id":"7F4065C3-DF90-4738-8FA5-6BA6B4C35B86","$ap
2026-09-04 18:13:32.023946 SoundCore{scbody.dylib}[27259] <NOTICE>: SCBODY #37 seg 6/9 p_name":"soundcore","$wifi":true,"$timezone_offset":420,"$url":"ModuleConnect.SCRootViewController","mac":"F4:B6:2D:E5:BD:E7","app_line":"SoundCore","$screen_he
2026-09-04 18:13:32.023953 SoundCore{scbody.dylib}[27259] <NOTICE>: SCBODY #37 seg 7/9 ight":844,"$referrer":"ModuleUserCenter.SCLoginViewController","$lib_method":"code","$screen_name":"ModuleConnect.SCRootViewController","$lib_version":"4.8.3","
2026-09-04 18:13:32.023973 SoundCore{scbody.dylib}[27259] <NOTICE>: SCBODY #37 seg 8/9 $os_version":"26.5.1","$lib":"iOS","$manufacturer":"Apple","product_code":"A3949","event_duration":35.611,"$app_id":"com.oceanwing.SoundCore.G8AW4BQ7RV"},"disti
2026-09-04 18:13:32.023995 SoundCore{scbody.dylib}[27259] <NOTICE>: SCBODY #37 seg 9/9 nct_id":"25175005-856F-4AAB-A276-01988F6459F5","type":"track"}
2026-09-04 18:13:32.024019 SoundCore{scbody.dylib}[27259] <NOTICE>: SCBODY CAPTURE #37 END
2026-09-04 18:13:32.027830 SoundCore{scbody.dylib}[27259] <NOTICE>: SCBODY CAPTURE #38 src=resp url=(none) len=91 score=2 BEGIN
2026-09-04 18:13:32.027842 SoundCore{scbody.dylib}[27259] <NOTICE>: SCBODY #38 seg 1/1 {"res_code":1,"message":"SUCCESS","upgrade_list":[{"needUpdate":false,"lastPackage":null}]}
2026-09-04 18:13:32.027850 SoundCore{scbody.dylib}[27259] <NOTICE>: SCBODY CAPTURE #38 END
2026-09-04 18:13:32.027857 SoundCore{scbody.dylib}[27259] <NOTICE>: SCBODY CAPTURE #39 src=json url=(none) len=133 score=2 BEGIN
2026-09-04 18:13:32.027864 SoundCore{scbody.dylib}[27259] <NOTICE>: SCBODY #39 seg 1/1 {"message":"SUCCESS","res_code":1,"data":{"upgrade_list":[{"needUpdate":false,"lastPackage":null}],"res_code":1,"message":"SUCCESS"}}
2026-09-04 18:13:32.027873 SoundCore{scbody.dylib}[27259] <NOTICE>: SCBODY CAPTURE #39 END
2026-09-04 18:13:32.031391 SoundCore{scbody.dylib}[27259] <NOTICE>: SCBODY CAPTURE #40 src=json url=(none) len=435 score=2 BEGIN
2026-09-04 18:13:32.031429 SoundCore{scbody.dylib}[27259] <NOTICE>: SCBODY #40 seg 1/3 {"events":[{"value_string":"{\"type\":\"all\"}","module":"POP","time":"1788570812","device_id":"","mac":"F4:B6:2D:E5:BD:E7","product_code":"A3949","sn":"3949E7B
2026-09-04 18:13:32.031445 SoundCore{scbody.dylib}[27259] <NOTICE>: SCBODY #40 seg 2/3 DE52DB6F4","type":"1","name":"APP_POP_REQUEST"}],"country":"US","sys_type":"iOS","http_user_agent":"soundcore-iOS-5.0.02","phone_model":"iPhone18,5","uuid":"31B
2026-09-04 18:13:32.031452 SoundCore{scbody.dylib}[27259] <NOTICE>: SCBODY #40 seg 3/3 01C63-15A4-4C25-A7D5-D2D9AD219090","user_id":"","phone_name":"iPhone","sys_version":"26.5.1","phone_brand":"Apple"}
2026-09-04 18:13:32.031461 SoundCore{scbody.dylib}[27259] <NOTICE>: SCBODY CAPTURE #40 END
2026-09-04 18:13:32.031469 SoundCore{scbody.dylib}[27259] <NOTICE>: SCBODY MODIFY 435 -> 435 bytes
2026-09-04 18:13:32.031476 SoundCore{scbody.dylib}[27259] <NOTICE>: SCBODY CAPTURE #41 src=json-mod url=(none) len=435 score=2 BEGIN
2026-09-04 18:13:32.031492 SoundCore{scbody.dylib}[27259] <NOTICE>: SCBODY #41 seg 1/3 {"events":[{"value_string":"{\"type\":\"all\"}","module":"POP","time":"1788570812","device_id":"","mac":"F4:B6:2D:E5:BD:E7","product_code":"A3949","sn":"3949000
2026-09-04 18:13:32.031499 SoundCore{scbody.dylib}[27259] <NOTICE>: SCBODY #41 seg 2/3 000000000","type":"1","name":"APP_POP_REQUEST"}],"country":"US","sys_type":"iOS","http_user_agent":"soundcore-iOS-5.0.02","phone_model":"iPhone18,5","uuid":"31B
2026-09-04 18:13:32.031505 SoundCore{scbody.dylib}[27259] <NOTICE>: SCBODY #41 seg 3/3 01C63-15A4-4C25-A7D5-D2D9AD219090","user_id":"","phone_name":"iPhone","sys_version":"26.5.1","phone_brand":"Apple"}
2026-09-04 18:13:32.031511 SoundCore{scbody.dylib}[27259] <NOTICE>: SCBODY CAPTURE #41 END
2026-09-04 18:13:32.225687 SoundCore{scbody.dylib}[27259] <NOTICE>: SCBODY CAPTURE #42 src=json url=(none) len=2170 score=2 BEGIN
2026-09-04 18:13:32.226046 SoundCore{scbody.dylib}[27259] <NOTICE>: SCBODY #42 seg 1/14 {"events":[{"value_string":"{\"res_code\":1,\"content\":{\"num\":1,\"state\":\"3051163_init\",\"delay\":0,\"pop_ups\":[{\"floating_window\":{},\"state\":\"30511
2026-09-04 18:13:32.226196 SoundCore{scbody.dylib}[27259] <NOTICE>: SCBODY #42 seg 2/14 63_init\",\"title\":\"\",\"content\":\"\",\"img\":{\"type\":\"\",\"is_zoom\":false,\"width\":912,\"url\":\"https:\\\/\\\/d2htfo7ft368vg.cloudfront.net\\\/pop_up
2026-09-04 18:13:32.226436 SoundCore{scbody.dylib}[27259] <NOTICE>: SCBODY #42 seg 3/14 \\\/prod\\\/1788252317165203_20260901-160348.png\",\"height\":1170}}]},\"product_code\":\"A3004,A3004311,A3004C,A3005,A3012,A3025,A3027,A3028,A3028CC,A3029,A302
2026-09-04 18:13:32.226524 SoundCore{scbody.dylib}[27259] <NOTICE>: SCBODY #42 seg 4/14 9XR,A3030,A3033,A3033EU,A3035,A3035CS,A3040,A3045,A3045ZA1,A3062,A3116,A3117,A3118,A3119,A3123,A3125,A3126,A3127,A3129,A3130,A3131,A3133,A3134,A3134Z11,A3135,A3
2026-09-04 18:13:32.226605 SoundCore{scbody.dylib}[27259] <NOTICE>: SCBODY #42 seg 5/14 136,A3138,A3138J11,A3145,A3148,A3161,A3162,A3163,A3165,A3166,A3167,A3171,A3172,A31A3,A31A3012,A31X1,A3201,A3300,A3301,A3302,A3330,A3331,A3372,A3388,A3388P42,A33
2026-09-04 18:13:32.226627 SoundCore{scbody.dylib}[27259] <NOTICE>: SCBODY #42 seg 6/14 90,A3390E,A3390J,A3391,A3391E,A3392,A3393,A3395,A3396,A3399,A33A0,A33A1,A33A1J11,A3561,A3600,A3850,A3850Dongle,A3871,A3872,A3873,A3874,A3874X,A3875,A3876,A3878,
2026-09-04 18:13:32.226651 SoundCore{scbody.dylib}[27259] <NOTICE>: SCBODY #42 seg 7/14 A3909,A3910,A3913,A3926,A3926Z11,A3927,A3927EU,A3930,A3931,A3931XR,A3933,A3935,A3935W,A3936,A3937,A3939,A3939WEU,A3943,A3944,A3944EU,A3945,A3947,A3948,A3948A25,
2026-09-04 18:13:32.226662 SoundCore{scbody.dylib}[27259] <NOTICE>: SCBODY #42 seg 8/14 A3949,A3949P25,A3949R50,A3951,A3952,A3953,A3954,A3955,A3957,A3958,A3959,A3959R50,A3961,A3968,A3969,A3982,A3982EU,A3983,A3983EU,A3992,A3992EU,A3993,A3993EU,A3994
2026-09-04 18:13:32.226672 SoundCore{scbody.dylib}[27259] <NOTICE>: SCBODY #42 seg 9/14 ,D1101,D1105,D1200,D1202,D1202C,D1203,D1204,D1204-Box,D1205,D1206,D1402,D1404,D1406,D3200,D5100,D5103,Z2010,Z5180,Z6010 ,Z6110,Z6111\",\"id\":3051163,\"open_bro
2026-09-04 18:13:32.226682 SoundCore{scbody.dylib}[27259] <NOTICE>: SCBODY #42 seg 10/14 wser\":1,\"message\":\"SUCCESS\",\"is_need\":true,\"type\":\"img\",\"url\":{\"web\":\"https:\\\/\\\/service.soundcore.com\\\/article-description\\\/How-to-Regis
2026-09-04 18:13:32.226691 SoundCore{scbody.dylib}[27259] <NOTICE>: SCBODY #42 seg 11/14 ter-Your-E-Warranty-Card-in-the-Soundcore-App?device_sn=3949E7BDE52DB6F4&ref=search&terminal_id=31B01C63-15A4-4C25-A7D5-D2D9AD219090&user_id=\",\"app\":\"\",\"s
2026-09-04 18:13:32.226702 SoundCore{scbody.dylib}[27259] <NOTICE>: SCBODY #42 seg 12/14 hare\":\"\"}}","module":"POP","time":"1788570812","mac":"F4:B6:2D:E5:BD:E7","device_id":"","product_code":"A3949","sn":"3949E7BDE52DB6F4","type":"1","name":"APP
2026-09-04 18:13:32.226711 SoundCore{scbody.dylib}[27259] <NOTICE>: SCBODY #42 seg 13/14 _POP_REQUEST_SUCCESS"}],"country":"US","sys_type":"iOS","http_user_agent":"soundcore-iOS-5.0.02","phone_model":"iPhone18,5","uuid":"31B01C63-15A4-4C25-A7D5-D2D9
2026-09-04 18:13:32.226740 SoundCore{scbody.dylib}[27259] <NOTICE>: SCBODY #42 seg 14/14 AD219090","user_id":"","phone_name":"iPhone","sys_version":"26.5.1","phone_brand":"Apple"}
2026-09-04 18:13:32.226754 SoundCore{scbody.dylib}[27259] <NOTICE>: SCBODY CAPTURE #42 END
2026-09-04 18:13:32.226765 SoundCore{scbody.dylib}[27259] <NOTICE>: SCBODY MODIFY 2170 -> 2170 bytes
2026-09-04 18:13:32.226918 SoundCore{scbody.dylib}[27259] <NOTICE>: SCBODY CAPTURE #43 src=json-mod url=(none) len=2170 score=2 BEGIN
2026-09-04 18:13:32.226937 SoundCore{scbody.dylib}[27259] <NOTICE>: SCBODY #43 seg 1/14 {"events":[{"value_string":"{\"res_code\":1,\"content\":{\"num\":1,\"state\":\"3051163_init\",\"delay\":0,\"pop_ups\":[{\"floating_window\":{},\"state\":\"30511
2026-09-04 18:13:32.226948 SoundCore{scbody.dylib}[27259] <NOTICE>: SCBODY #43 seg 2/14 63_init\",\"title\":\"\",\"content\":\"\",\"img\":{\"type\":\"\",\"is_zoom\":false,\"width\":912,\"url\":\"https:\\\/\\\/d2htfo7ft368vg.cloudfront.net\\\/pop_up
2026-09-04 18:13:32.226958 SoundCore{scbody.dylib}[27259] <NOTICE>: SCBODY #43 seg 3/14 \\\/prod\\\/1788252317165203_20260901-160348.png\",\"height\":1170}}]},\"product_code\":\"A3004,A3004311,A3004C,A3005,A3012,A3025,A3027,A3028,A3028CC,A3029,A302
2026-09-04 18:13:32.226968 SoundCore{scbody.dylib}[27259] <NOTICE>: SCBODY #43 seg 4/14 9XR,A3030,A3033,A3033EU,A3035,A3035CS,A3040,A3045,A3045ZA1,A3062,A3116,A3117,A3118,A3119,A3123,A3125,A3126,A3127,A3129,A3130,A3131,A3133,A3134,A3134Z11,A3135,A3
2026-09-04 18:13:32.226995 SoundCore{scbody.dylib}[27259] <NOTICE>: SCBODY #43 seg 5/14 136,A3138,A3138J11,A3145,A3148,A3161,A3162,A3163,A3165,A3166,A3167,A3171,A3172,A31A3,A31A3012,A31X1,A3201,A3300,A3301,A3302,A3330,A3331,A3372,A3388,A3388P42,A33
2026-09-04 18:13:32.227006 SoundCore{scbody.dylib}[27259] <NOTICE>: SCBODY #43 seg 6/14 90,A3390E,A3390J,A3391,A3391E,A3392,A3393,A3395,A3396,A3399,A33A0,A33A1,A33A1J11,A3561,A3600,A3850,A3850Dongle,A3871,A3872,A3873,A3874,A3874X,A3875,A3876,A3878,
2026-09-04 18:13:32.227034 SoundCore{scbody.dylib}[27259] <NOTICE>: SCBODY #43 seg 7/14 A3909,A3910,A3913,A3926,A3926Z11,A3927,A3927EU,A3930,A3931,A3931XR,A3933,A3935,A3935W,A3936,A3937,A3939,A3939WEU,A3943,A3944,A3944EU,A3945,A3947,A3948,A3948A25,
2026-09-04 18:13:32.227046 SoundCore{scbody.dylib}[27259] <NOTICE>: SCBODY #43 seg 8/14 A3949,A3949P25,A3949R50,A3951,A3952,A3953,A3954,A3955,A3957,A3958,A3959,A3959R50,A3961,A3968,A3969,A3982,A3982EU,A3983,A3983EU,A3992,A3992EU,A3993,A3993EU,A3994
2026-09-04 18:13:32.227057 SoundCore{scbody.dylib}[27259] <NOTICE>: SCBODY #43 seg 9/14 ,D1101,D1105,D1200,D1202,D1202C,D1203,D1204,D1204-Box,D1205,D1206,D1402,D1404,D1406,D3200,D5100,D5103,Z2010,Z5180,Z6010 ,Z6110,Z6111\",\"id\":3051163,\"open_bro
2026-09-04 18:13:32.227067 SoundCore{scbody.dylib}[27259] <NOTICE>: SCBODY #43 seg 10/14 wser\":1,\"message\":\"SUCCESS\",\"is_need\":true,\"type\":\"img\",\"url\":{\"web\":\"https:\\\/\\\/service.soundcore.com\\\/article-description\\\/How-to-Regis
2026-09-04 18:13:32.227076 SoundCore{scbody.dylib}[27259] <NOTICE>: SCBODY #43 seg 11/14 ter-Your-E-Warranty-Card-in-the-Soundcore-App?device_sn=3949E7BDE52DB6F4&ref=search&terminal_id=31B01C63-15A4-4C25-A7D5-D2D9AD219090&user_id=\",\"app\":\"\",\"s
2026-09-04 18:13:32.227086 SoundCore{scbody.dylib}[27259] <NOTICE>: SCBODY #43 seg 12/14 hare\":\"\"}}","module":"POP","time":"1788570812","mac":"F4:B6:2D:E5:BD:E7","device_id":"","product_code":"A3949","sn":"3949000000000000","type":"1","name":"APP
2026-09-04 18:13:32.227095 SoundCore{scbody.dylib}[27259] <NOTICE>: SCBODY #43 seg 13/14 _POP_REQUEST_SUCCESS"}],"country":"US","sys_type":"iOS","http_user_agent":"soundcore-iOS-5.0.02","phone_model":"iPhone18,5","uuid":"31B01C63-15A4-4C25-A7D5-D2D9
2026-09-04 18:13:32.227104 SoundCore{scbody.dylib}[27259] <NOTICE>: SCBODY #43 seg 14/14 AD219090","user_id":"","phone_name":"iPhone","sys_version":"26.5.1","phone_brand":"Apple"}
2026-09-04 18:13:32.227114 SoundCore{scbody.dylib}[27259] <NOTICE>: SCBODY CAPTURE #43 END
2026-09-04 18:13:32.230275 SoundCore{scbody.dylib}[27259] <NOTICE>: SCBODY CAPTURE #44 src=json url=(none) len=1308 score=2 BEGIN
2026-09-04 18:13:32.230285 SoundCore{scbody.dylib}[27259] <NOTICE>: SCBODY #44 seg 1/9 {"anonymous_id":"25175005-856F-4AAB-A276-01988F6459F5","_track_id":193200845,"event":"SC_MARKETING_EXPOSURE","time":1788570812226,"identities":{"$identity_idfv"
2026-09-04 18:13:32.230300 SoundCore{scbody.dylib}[27259] <NOTICE>: SCBODY #44 seg 2/9 :"34E75E6C-D52A-428F-877D-1AD51BED73EF","identity_deviceid_sn":"7F4065C3-DF90-4738-8FA5-6BA6B4C35B86||3949E7BDE52DB6F4","$identity_anonymous_id":"25175005-856F-
2026-09-04 18:13:32.230309 SoundCore{scbody.dylib}[27259] <NOTICE>: SCBODY #44 seg 3/9 4AAB-A276-01988F6459F5"},"lib":{"$lib_version":"4.8.3","$lib":"iOS","$app_version":"5.0.02","$lib_method":"code"},"properties":{"$os":"iOS","$screen_width":390,
2026-09-04 18:13:32.230347 SoundCore{scbody.dylib}[27259] <NOTICE>: SCBODY #44 seg 4/9 "button_name":"pop_up","$app_version":"5.0.02","task_id":3051163,"country":"US","is_secret":false,"sn":"3949E7BDE52DB6F4","$is_first_day":true,"$model":"iPhone1
2026-09-04 18:13:32.230366 SoundCore{scbody.dylib}[27259] <NOTICE>: SCBODY #44 seg 5/9 8,5","$device_id":"34E75E6C-D52A-428F-877D-1AD51BED73EF","uuid":"7F4065C3-DF90-4738-8FA5-6BA6B4C35B86","requirement_id":194,"$network_type":"WIFI","firmware_ver
2026-09-04 18:13:32.230375 SoundCore{scbody.dylib}[27259] <NOTICE>: SCBODY #44 seg 6/9 sion":"14.43","$app_name":"soundcore","$wifi":true,"device_id":"7F4065C3-DF90-4738-8FA5-6BA6B4C35B86","$timezone_offset":420,"mac":"F4:B6:2D:E5:BD:E7","app_line
2026-09-04 18:13:32.230385 SoundCore{scbody.dylib}[27259] <NOTICE>: SCBODY #44 seg 7/9 ":"SoundCore","$screen_height":844,"track_sign":"aSC_MARKETING.b483.d485.EXPOSURE.SC_MARKETING_EXPOSURE","$lib_method":"code","$lib_version":"4.8.3","$os_versio
2026-09-04 18:13:32.230396 SoundCore{scbody.dylib}[27259] <NOTICE>: SCBODY #44 seg 8/9 n":"26.5.1","$lib":"iOS","$manufacturer":"Apple","product_code":"A3949","$app_id":"com.oceanwing.SoundCore.G8AW4BQ7RV"},"distinct_id":"25175005-856F-4AAB-A276-0
2026-09-04 18:13:32.230408 SoundCore{scbody.dylib}[27259] <NOTICE>: SCBODY #44 seg 9/9 1988F6459F5","type":"track"}
2026-09-04 18:13:32.230418 SoundCore{scbody.dylib}[27259] <NOTICE>: SCBODY CAPTURE #44 END
2026-09-04 18:13:32.230438 SoundCore{scbody.dylib}[27259] <NOTICE>: SCBODY MODIFY 1308 -> 1308 bytes
2026-09-04 18:13:32.230530 SoundCore{scbody.dylib}[27259] <NOTICE>: SCBODY CAPTURE #45 src=json-mod url=(none) len=1308 score=2 BEGIN
2026-09-04 18:13:32.230540 SoundCore{scbody.dylib}[27259] <NOTICE>: SCBODY #45 seg 1/9 {"anonymous_id":"25175005-856F-4AAB-A276-01988F6459F5","_track_id":193200845,"event":"SC_MARKETING_EXPOSURE","time":1788570812226,"identities":{"$identity_idfv"
2026-09-04 18:13:32.230568 SoundCore{scbody.dylib}[27259] <NOTICE>: SCBODY #45 seg 2/9 :"34E75E6C-D52A-428F-877D-1AD51BED73EF","identity_deviceid_sn":"7F4065C3-DF90-4738-8FA5-6BA6B4C35B86||3949E7BDE52DB6F4","$identity_anonymous_id":"25175005-856F-
2026-09-04 18:13:32.230582 SoundCore{scbody.dylib}[27259] <NOTICE>: SCBODY #45 seg 3/9 4AAB-A276-01988F6459F5"},"lib":{"$lib_version":"4.8.3","$lib":"iOS","$app_version":"5.0.02","$lib_method":"code"},"properties":{"$os":"iOS","$screen_width":390,
2026-09-04 18:13:32.230647 SoundCore{scbody.dylib}[27259] <NOTICE>: SCBODY #45 seg 4/9 "button_name":"pop_up","$app_version":"5.0.02","task_id":3051163,"country":"US","is_secret":false,"sn":"3949000000000000","$is_first_day":true,"$model":"iPhone1
2026-09-04 18:13:32.230657 SoundCore{scbody.dylib}[27259] <NOTICE>: SCBODY #45 seg 5/9 8,5","$device_id":"34E75E6C-D52A-428F-877D-1AD51BED73EF","uuid":"7F4065C3-DF90-4738-8FA5-6BA6B4C35B86","requirement_id":194,"$network_type":"WIFI","firmware_ver
2026-09-04 18:13:32.230666 SoundCore{scbody.dylib}[27259] <NOTICE>: SCBODY #45 seg 6/9 sion":"14.42","$app_name":"soundcore","$wifi":true,"device_id":"7F4065C3-DF90-4738-8FA5-6BA6B4C35B86","$timezone_offset":420,"mac":"F4:B6:2D:E5:BD:E7","app_line
2026-09-04 18:13:32.230685 SoundCore{scbody.dylib}[27259] <NOTICE>: SCBODY #45 seg 7/9 ":"SoundCore","$screen_height":844,"track_sign":"aSC_MARKETING.b483.d485.EXPOSURE.SC_MARKETING_EXPOSURE","$lib_method":"code","$lib_version":"4.8.3","$os_versio
2026-09-04 18:13:32.230694 SoundCore{scbody.dylib}[27259] <NOTICE>: SCBODY #45 seg 8/9 n":"26.5.1","$lib":"iOS","$manufacturer":"Apple","product_code":"A3949","$app_id":"com.oceanwing.SoundCore.G8AW4BQ7RV"},"distinct_id":"25175005-856F-4AAB-A276-0
2026-09-04 18:13:32.230728 SoundCore{scbody.dylib}[27259] <NOTICE>: SCBODY #45 seg 9/9 1988F6459F5","type":"track"}
2026-09-04 18:13:32.230809 SoundCore{scbody.dylib}[27259] <NOTICE>: SCBODY CAPTURE #45 END
2026-09-04 18:13:32.370710 SoundCore{scbody.dylib}[27259] <NOTICE>: SCBODY CAPTURE #46 src=json url=(none) len=457 score=2 BEGIN
2026-09-04 18:13:32.370733 SoundCore{scbody.dylib}[27259] <NOTICE>: SCBODY #46 seg 1/3 {"events":[{"value_string":"{\"type\":\"img\",\"id\":\"3051163\"}","module":"POP","time":"1788570812","device_id":"","mac":"F4:B6:2D:E5:BD:E7","product_code":"A
2026-09-04 18:13:32.370773 SoundCore{scbody.dylib}[27259] <NOTICE>: SCBODY #46 seg 2/3 3949","sn":"3949E7BDE52DB6F4","type":"1","name":"APP_POP_UP_SUCCESS"}],"country":"US","sys_type":"iOS","http_user_agent":"soundcore-iOS-5.0.02","phone_model":"i
2026-09-04 18:13:32.370802 SoundCore{scbody.dylib}[27259] <NOTICE>: SCBODY #46 seg 3/3 Phone18,5","uuid":"31B01C63-15A4-4C25-A7D5-D2D9AD219090","user_id":"","phone_name":"iPhone","sys_version":"26.5.1","phone_brand":"Apple"}
2026-09-04 18:13:32.370816 SoundCore{scbody.dylib}[27259] <NOTICE>: SCBODY CAPTURE #46 END
2026-09-04 18:13:32.370827 SoundCore{scbody.dylib}[27259] <NOTICE>: SCBODY MODIFY 457 -> 457 bytes
2026-09-04 18:13:32.370938 SoundCore{scbody.dylib}[27259] <NOTICE>: SCBODY CAPTURE #47 src=json-mod url=(none) len=457 score=2 BEGIN
2026-09-04 18:13:32.370966 SoundCore{scbody.dylib}[27259] <NOTICE>: SCBODY #47 seg 1/3 {"events":[{"value_string":"{\"type\":\"img\",\"id\":\"3051163\"}","module":"POP","time":"1788570812","device_id":"","mac":"F4:B6:2D:E5:BD:E7","product_code":"A
2026-09-04 18:13:32.370980 SoundCore{scbody.dylib}[27259] <NOTICE>: SCBODY #47 seg 2/3 3949","sn":"3949000000000000","type":"1","name":"APP_POP_UP_SUCCESS"}],"country":"US","sys_type":"iOS","http_user_agent":"soundcore-iOS-5.0.02","phone_model":"i
2026-09-04 18:13:32.370990 SoundCore{scbody.dylib}[27259] <NOTICE>: SCBODY #47 seg 3/3 Phone18,5","uuid":"31B01C63-15A4-4C25-A7D5-D2D9AD219090","user_id":"","phone_name":"iPhone","sys_version":"26.5.1","phone_brand":"Apple"}
2026-09-04 18:13:32.371022 SoundCore{scbody.dylib}[27259] <NOTICE>: SCBODY CAPTURE #47 END
2026-09-04 18:13:33.972768 SoundCore{scbody.dylib}[27259] <NOTICE>: SCBODY CAPTURE #48 src=json url=(none) len=1313 score=2 BEGIN
2026-09-04 18:13:33.972782 SoundCore{scbody.dylib}[27259] <NOTICE>: SCBODY #48 seg 1/9 {"anonymous_id":"25175005-856F-4AAB-A276-01988F6459F5","_track_id":2285315808,"event":"$AppClick","time":1788570813971,"identities":{"$identity_idfv":"34E75E6C-
2026-09-04 18:13:33.972800 SoundCore{scbody.dylib}[27259] <NOTICE>: SCBODY #48 seg 2/9 D52A-428F-877D-1AD51BED73EF","identity_deviceid_sn":"7F4065C3-DF90-4738-8FA5-6BA6B4C35B86||3949E7BDE52DB6F4","$identity_anonymous_id":"25175005-856F-4AAB-A276-0
2026-09-04 18:13:33.972820 SoundCore{scbody.dylib}[27259] <NOTICE>: SCBODY #48 seg 3/9 1988F6459F5"},"lib":{"$lib_method":"autoTrack","$lib_version":"4.8.3","$lib":"iOS","$lib_detail":"SoundCore.SCA3948MainViewController######","$app_version":"5.0
2026-09-04 18:13:33.972846 SoundCore{scbody.dylib}[27259] <NOTICE>: SCBODY #48 seg 4/9 .02"},"properties":{"$os":"iOS","$screen_width":390,"$app_version":"5.0.02","country":"US","$element_type":"UIButton","sn":"3949E7BDE52DB6F4","is_secret":false,
2026-09-04 18:13:33.972857 SoundCore{scbody.dylib}[27259] <NOTICE>: SCBODY #48 seg 5/9 "$is_first_day":true,"$model":"iPhone18,5","$device_id":"34E75E6C-D52A-428F-877D-1AD51BED73EF","uuid":"7F4065C3-DF90-4738-8FA5-6BA6B4C35B86","$network_type":"WI
2026-09-04 18:13:33.972865 SoundCore{scbody.dylib}[27259] <NOTICE>: SCBODY #48 seg 6/9 FI","firmware_version":"14.43","device_id":"7F4065C3-DF90-4738-8FA5-6BA6B4C35B86","$app_name":"soundcore","$wifi":true,"$timezone_offset":420,"mac":"F4:B6:2D:E5
2026-09-04 18:13:33.972872 SoundCore{scbody.dylib}[27259] <NOTICE>: SCBODY #48 seg 7/9 :BD:E7","app_line":"SoundCore","$screen_height":844,"$lib_method":"autoTrack","$screen_name":"SoundCore.SCA3948MainViewController","$lib_version":"4.8.3","$os_v
2026-09-04 18:13:33.972883 SoundCore{scbody.dylib}[27259] <NOTICE>: SCBODY #48 seg 8/9 ersion":"26.5.1","$lib":"iOS","$manufacturer":"Apple","product_code":"A3949","$app_id":"com.oceanwing.SoundCore.G8AW4BQ7RV"},"distinct_id":"25175005-856F-4AAB-A
2026-09-04 18:13:33.972890 SoundCore{scbody.dylib}[27259] <NOTICE>: SCBODY #48 seg 9/9 276-01988F6459F5","type":"track"}
2026-09-04 18:13:33.972908 SoundCore{scbody.dylib}[27259] <NOTICE>: SCBODY CAPTURE #48 END
2026-09-04 18:13:33.972917 SoundCore{scbody.dylib}[27259] <NOTICE>: SCBODY MODIFY 1313 -> 1313 bytes
2026-09-04 18:13:33.972969 SoundCore{scbody.dylib}[27259] <NOTICE>: SCBODY CAPTURE #49 src=json-mod url=(none) len=1313 score=2 BEGIN
2026-09-04 18:13:33.972978 SoundCore{scbody.dylib}[27259] <NOTICE>: SCBODY #49 seg 1/9 {"anonymous_id":"25175005-856F-4AAB-A276-01988F6459F5","_track_id":2285315808,"event":"$AppClick","time":1788570813971,"identities":{"$identity_idfv":"34E75E6C-
2026-09-04 18:13:33.973000 SoundCore{scbody.dylib}[27259] <NOTICE>: SCBODY #49 seg 2/9 D52A-428F-877D-1AD51BED73EF","identity_deviceid_sn":"7F4065C3-DF90-4738-8FA5-6BA6B4C35B86||3949E7BDE52DB6F4","$identity_anonymous_id":"25175005-856F-4AAB-A276-0
2026-09-04 18:13:33.973020 SoundCore{scbody.dylib}[27259] <NOTICE>: SCBODY #49 seg 3/9 1988F6459F5"},"lib":{"$lib_method":"autoTrack","$lib_version":"4.8.3","$lib":"iOS","$lib_detail":"SoundCore.SCA3948MainViewController######","$app_version":"5.0
2026-09-04 18:13:33.973028 SoundCore{scbody.dylib}[27259] <NOTICE>: SCBODY #49 seg 4/9 .02"},"properties":{"$os":"iOS","$screen_width":390,"$app_version":"5.0.02","country":"US","$element_type":"UIButton","sn":"3949000000000000","is_secret":false,
2026-09-04 18:13:33.973034 SoundCore{scbody.dylib}[27259] <NOTICE>: SCBODY #49 seg 5/9 "$is_first_day":true,"$model":"iPhone18,5","$device_id":"34E75E6C-D52A-428F-877D-1AD51BED73EF","uuid":"7F4065C3-DF90-4738-8FA5-6BA6B4C35B86","$network_type":"WI
2026-09-04 18:13:33.973041 SoundCore{scbody.dylib}[27259] <NOTICE>: SCBODY #49 seg 6/9 FI","firmware_version":"14.42","device_id":"7F4065C3-DF90-4738-8FA5-6BA6B4C35B86","$app_name":"soundcore","$wifi":true,"$timezone_offset":420,"mac":"F4:B6:2D:E5
2026-09-04 18:13:33.973048 SoundCore{scbody.dylib}[27259] <NOTICE>: SCBODY #49 seg 7/9 :BD:E7","app_line":"SoundCore","$screen_height":844,"$lib_method":"autoTrack","$screen_name":"SoundCore.SCA3948MainViewController","$lib_version":"4.8.3","$os_v
2026-09-04 18:13:33.973055 SoundCore{scbody.dylib}[27259] <NOTICE>: SCBODY #49 seg 8/9 ersion":"26.5.1","$lib":"iOS","$manufacturer":"Apple","product_code":"A3949","$app_id":"com.oceanwing.SoundCore.G8AW4BQ7RV"},"distinct_id":"25175005-856F-4AAB-A
2026-09-04 18:13:33.973062 SoundCore{scbody.dylib}[27259] <NOTICE>: SCBODY #49 seg 9/9 276-01988F6459F5","type":"track"}
2026-09-04 18:13:33.973069 SoundCore{scbody.dylib}[27259] <NOTICE>: SCBODY CAPTURE #49 END
2026-09-04 18:13:33.974412 SoundCore{scbody.dylib}[27259] <NOTICE>: SCBODY CAPTURE #50 src=json url=(none) len=1299 score=2 BEGIN
2026-09-04 18:13:33.974436 SoundCore{scbody.dylib}[27259] <NOTICE>: SCBODY #50 seg 1/9 {"anonymous_id":"25175005-856F-4AAB-A276-01988F6459F5","_track_id":2665628710,"event":"SC_MARKETING_CLICK","time":1788570813972,"identities":{"$identity_idfv":"
2026-09-04 18:13:33.974444 SoundCore{scbody.dylib}[27259] <NOTICE>: SCBODY #50 seg 2/9 34E75E6C-D52A-428F-877D-1AD51BED73EF","identity_deviceid_sn":"7F4065C3-DF90-4738-8FA5-6BA6B4C35B86||3949E7BDE52DB6F4","$identity_anonymous_id":"25175005-856F-4A
2026-09-04 18:13:33.974456 SoundCore{scbody.dylib}[27259] <NOTICE>: SCBODY #50 seg 3/9 AB-A276-01988F6459F5"},"lib":{"$lib_version":"4.8.3","$lib":"iOS","$app_version":"5.0.02","$lib_method":"code"},"properties":{"$os":"iOS","$screen_width":390,"b
2026-09-04 18:13:33.974463 SoundCore{scbody.dylib}[27259] <NOTICE>: SCBODY #50 seg 4/9 utton_name":"close","$app_version":"5.0.02","task_id":3051163,"country":"US","is_secret":false,"sn":"3949E7BDE52DB6F4","$is_first_day":true,"$model":"iPhone18,5
2026-09-04 18:13:33.974476 SoundCore{scbody.dylib}[27259] <NOTICE>: SCBODY #50 seg 5/9 ","$device_id":"34E75E6C-D52A-428F-877D-1AD51BED73EF","uuid":"7F4065C3-DF90-4738-8FA5-6BA6B4C35B86","requirement_id":194,"$network_type":"WIFI","firmware_versio
2026-09-04 18:13:33.974484 SoundCore{scbody.dylib}[27259] <NOTICE>: SCBODY #50 seg 6/9 n":"14.43","$app_name":"soundcore","$wifi":true,"device_id":"7F4065C3-DF90-4738-8FA5-6BA6B4C35B86","$timezone_offset":420,"mac":"F4:B6:2D:E5:BD:E7","app_line":"
2026-09-04 18:13:33.974491 SoundCore{scbody.dylib}[27259] <NOTICE>: SCBODY #50 seg 7/9 SoundCore","$screen_height":844,"track_sign":"aSC_MARKETING.b483.d485.CLICK.SC_MARKETING_CLICK","$lib_method":"code","$lib_version":"4.8.3","$os_version":"26.5.
2026-09-04 18:13:33.974502 SoundCore{scbody.dylib}[27259] <NOTICE>: SCBODY #50 seg 8/9 1","$lib":"iOS","$manufacturer":"Apple","product_code":"A3949","$app_id":"com.oceanwing.SoundCore.G8AW4BQ7RV"},"distinct_id":"25175005-856F-4AAB-A276-01988F6459
2026-09-04 18:13:33.974520 SoundCore{scbody.dylib}[27259] <NOTICE>: SCBODY #50 seg 9/9 F5","type":"track"}
2026-09-04 18:13:33.974531 SoundCore{scbody.dylib}[27259] <NOTICE>: SCBODY CAPTURE #50 END
2026-09-04 18:13:33.974540 SoundCore{scbody.dylib}[27259] <NOTICE>: SCBODY CAPTURE #51 src=json url=(none) len=423 score=2 BEGIN
2026-09-04 18:13:33.974561 SoundCore{scbody.dylib}[27259] <NOTICE>: SCBODY #51 seg 1/3 {"events":[{"value_string":"3051163","module":"POP","time":"1788570813","device_id":"","mac":"F4:B6:2D:E5:BD:E7","product_code":"A3949","sn":"3949E7BDE52DB6F4",
2026-09-04 18:13:33.974580 SoundCore{scbody.dylib}[27259] <NOTICE>: SCBODY MODIFY 1299 -> 1299 bytes
2026-09-04 18:13:33.974605 SoundCore{scbody.dylib}[27259] <NOTICE>: SCBODY #51 seg 2/3 "type":"1","name":"APP_POP_IMG_NO"}],"country":"US","sys_type":"iOS","http_user_agent":"soundcore-iOS-5.0.02","phone_model":"iPhone18,5","uuid":"31B01C63-15A4-4
2026-09-04 18:13:33.974617 SoundCore{scbody.dylib}[27259] <NOTICE>: SCBODY #51 seg 3/3 C25-A7D5-D2D9AD219090","user_id":"","phone_name":"iPhone","sys_version":"26.5.1","phone_brand":"Apple"}
2026-09-04 18:13:33.974628 SoundCore{scbody.dylib}[27259] <NOTICE>: SCBODY CAPTURE #51 END
2026-09-04 18:13:33.974651 SoundCore{scbody.dylib}[27259] <NOTICE>: SCBODY MODIFY 423 -> 423 bytes
2026-09-04 18:13:33.974673 SoundCore{scbody.dylib}[27259] <NOTICE>: SCBODY CAPTURE #52 src=json-mod url=(none) len=1299 score=2 BEGIN
2026-09-04 18:13:33.974682 SoundCore{scbody.dylib}[27259] <NOTICE>: SCBODY #52 seg 1/9 {"anonymous_id":"25175005-856F-4AAB-A276-01988F6459F5","_track_id":2665628710,"event":"SC_MARKETING_CLICK","time":1788570813972,"identities":{"$identity_idfv":"
2026-09-04 18:13:33.974690 SoundCore{scbody.dylib}[27259] <NOTICE>: SCBODY #52 seg 2/9 34E75E6C-D52A-428F-877D-1AD51BED73EF","identity_deviceid_sn":"7F4065C3-DF90-4738-8FA5-6BA6B4C35B86||3949E7BDE52DB6F4","$identity_anonymous_id":"25175005-856F-4A
2026-09-04 18:13:33.974696 SoundCore{scbody.dylib}[27259] <NOTICE>: SCBODY #52 seg 3/9 AB-A276-01988F6459F5"},"lib":{"$lib_version":"4.8.3","$lib":"iOS","$app_version":"5.0.02","$lib_method":"code"},"properties":{"$os":"iOS","$screen_width":390,"b
2026-09-04 18:13:33.974703 SoundCore{scbody.dylib}[27259] <NOTICE>: SCBODY #52 seg 4/9 utton_name":"close","$app_version":"5.0.02","task_id":3051163,"country":"US","is_secret":false,"sn":"3949000000000000","$is_first_day":true,"$model":"iPhone18,5
2026-09-04 18:13:33.974710 SoundCore{scbody.dylib}[27259] <NOTICE>: SCBODY #52 seg 5/9 ","$device_id":"34E75E6C-D52A-428F-877D-1AD51BED73EF","uuid":"7F4065C3-DF90-4738-8FA5-6BA6B4C35B86","requirement_id":194,"$network_type":"WIFI","firmware_versio
2026-09-04 18:13:33.974721 SoundCore{scbody.dylib}[27259] <NOTICE>: SCBODY #52 seg 6/9 n":"14.42","$app_name":"soundcore","$wifi":true,"device_id":"7F4065C3-DF90-4738-8FA5-6BA6B4C35B86","$timezone_offset":420,"mac":"F4:B6:2D:E5:BD:E7","app_line":"
2026-09-04 18:13:33.974728 SoundCore{scbody.dylib}[27259] <NOTICE>: SCBODY #52 seg 7/9 SoundCore","$screen_height":844,"track_sign":"aSC_MARKETING.b483.d485.CLICK.SC_MARKETING_CLICK","$lib_method":"code","$lib_version":"4.8.3","$os_version":"26.5.
2026-09-04 18:13:33.974735 SoundCore{scbody.dylib}[27259] <NOTICE>: SCBODY #52 seg 8/9 1","$lib":"iOS","$manufacturer":"Apple","product_code":"A3949","$app_id":"com.oceanwing.SoundCore.G8AW4BQ7RV"},"distinct_id":"25175005-856F-4AAB-A276-01988F6459
2026-09-04 18:13:33.974742 SoundCore{scbody.dylib}[27259] <NOTICE>: SCBODY #52 seg 9/9 F5","type":"track"}
2026-09-04 18:13:33.974749 SoundCore{scbody.dylib}[27259] <NOTICE>: SCBODY CAPTURE #52 END
2026-09-04 18:13:33.974756 SoundCore{scbody.dylib}[27259] <NOTICE>: SCBODY CAPTURE #53 src=json-mod url=(none) len=423 score=2 BEGIN
2026-09-04 18:13:33.974763 SoundCore{scbody.dylib}[27259] <NOTICE>: SCBODY #53 seg 1/3 {"events":[{"value_string":"3051163","module":"POP","time":"1788570813","device_id":"","mac":"F4:B6:2D:E5:BD:E7","product_code":"A3949","sn":"3949000000000000",
2026-09-04 18:13:33.974770 SoundCore{scbody.dylib}[27259] <NOTICE>: SCBODY #53 seg 2/3 "type":"1","name":"APP_POP_IMG_NO"}],"country":"US","sys_type":"iOS","http_user_agent":"soundcore-iOS-5.0.02","phone_model":"iPhone18,5","uuid":"31B01C63-15A4-4
2026-09-04 18:13:33.974777 SoundCore{scbody.dylib}[27259] <NOTICE>: SCBODY #53 seg 3/3 C25-A7D5-D2D9AD219090","user_id":"","phone_name":"iPhone","sys_version":"26.5.1","phone_brand":"Apple"}
2026-09-04 18:13:33.974784 SoundCore{scbody.dylib}[27259] <NOTICE>: SCBODY CAPTURE #53 END
2026-09-04 18:13:36.548862 SoundCore{scbody.dylib}[27259] <NOTICE>: SCBODY CAPTURE #54 src=json url=(none) len=1312 score=2 BEGIN
2026-09-04 18:13:36.548912 SoundCore{scbody.dylib}[27259] <NOTICE>: SCBODY #54 seg 1/9 {"anonymous_id":"25175005-856F-4AAB-A276-01988F6459F5","_track_id":207037613,"event":"$AppClick","time":1788570816541,"identities":{"$identity_idfv":"34E75E6C-D
2026-09-04 18:13:36.548987 SoundCore{scbody.dylib}[27259] <NOTICE>: SCBODY #54 seg 2/9 52A-428F-877D-1AD51BED73EF","identity_deviceid_sn":"7F4065C3-DF90-4738-8FA5-6BA6B4C35B86||3949E7BDE52DB6F4","$identity_anonymous_id":"25175005-856F-4AAB-A276-01
2026-09-04 18:13:36.549021 SoundCore{scbody.dylib}[27259] <NOTICE>: SCBODY #54 seg 3/9 988F6459F5"},"lib":{"$lib_method":"autoTrack","$lib_version":"4.8.3","$lib":"iOS","$lib_detail":"SoundCore.SCA3948MainViewController######","$app_version":"5.0.
2026-09-04 18:13:36.549056 SoundCore{scbody.dylib}[27259] <NOTICE>: SCBODY #54 seg 4/9 02"},"properties":{"$os":"iOS","$screen_width":390,"$app_version":"5.0.02","country":"US","$element_type":"UIButton","sn":"3949E7BDE52DB6F4","is_secret":false,"
2026-09-04 18:13:36.549179 SoundCore{scbody.dylib}[27259] <NOTICE>: SCBODY #54 seg 5/9 $is_first_day":true,"$model":"iPhone18,5","$device_id":"34E75E6C-D52A-428F-877D-1AD51BED73EF","uuid":"7F4065C3-DF90-4738-8FA5-6BA6B4C35B86","$network_type":"WIF
2026-09-04 18:13:36.549395 SoundCore{scbody.dylib}[27259] <NOTICE>: SCBODY #54 seg 6/9 I","firmware_version":"14.43","device_id":"7F4065C3-DF90-4738-8FA5-6BA6B4C35B86","$app_name":"soundcore","$wifi":true,"$timezone_offset":420,"mac":"F4:B6:2D:E5:
2026-09-04 18:13:36.549441 SoundCore{scbody.dylib}[27259] <NOTICE>: SCBODY #54 seg 7/9 BD:E7","app_line":"SoundCore","$screen_height":844,"$lib_method":"autoTrack","$screen_name":"SoundCore.SCA3948MainViewController","$lib_version":"4.8.3","$os_ve
2026-09-04 18:13:36.549465 SoundCore{scbody.dylib}[27259] <NOTICE>: SCBODY #54 seg 8/9 rsion":"26.5.1","$lib":"iOS","$manufacturer":"Apple","product_code":"A3949","$app_id":"com.oceanwing.SoundCore.G8AW4BQ7RV"},"distinct_id":"25175005-856F-4AAB-A2
2026-09-04 18:13:36.549509 SoundCore{scbody.dylib}[27259] <NOTICE>: SCBODY #54 seg 9/9 76-01988F6459F5","type":"track"}
2026-09-04 18:13:36.549543 SoundCore{scbody.dylib}[27259] <NOTICE>: SCBODY CAPTURE #54 END
2026-09-04 18:13:36.549561 SoundCore{scbody.dylib}[27259] <NOTICE>: SCBODY MODIFY 1312 -> 1312 bytes
2026-09-04 18:13:36.549597 SoundCore{scbody.dylib}[27259] <NOTICE>: SCBODY CAPTURE #55 src=json-mod url=(none) len=1312 score=2 BEGIN
2026-09-04 18:13:36.549611 SoundCore{scbody.dylib}[27259] <NOTICE>: SCBODY #55 seg 1/9 {"anonymous_id":"25175005-856F-4AAB-A276-01988F6459F5","_track_id":207037613,"event":"$AppClick","time":1788570816541,"identities":{"$identity_idfv":"34E75E6C-D
2026-09-04 18:13:36.549623 SoundCore{scbody.dylib}[27259] <NOTICE>: SCBODY #55 seg 2/9 52A-428F-877D-1AD51BED73EF","identity_deviceid_sn":"7F4065C3-DF90-4738-8FA5-6BA6B4C35B86||3949E7BDE52DB6F4","$identity_anonymous_id":"25175005-856F-4AAB-A276-01
2026-09-04 18:13:36.549636 SoundCore{scbody.dylib}[27259] <NOTICE>: SCBODY #55 seg 3/9 988F6459F5"},"lib":{"$lib_method":"autoTrack","$lib_version":"4.8.3","$lib":"iOS","$lib_detail":"SoundCore.SCA3948MainViewController######","$app_version":"5.0.
2026-09-04 18:13:36.549648 SoundCore{scbody.dylib}[27259] <NOTICE>: SCBODY #55 seg 4/9 02"},"properties":{"$os":"iOS","$screen_width":390,"$app_version":"5.0.02","country":"US","$element_type":"UIButton","sn":"3949000000000000","is_secret":false,"
2026-09-04 18:13:36.549660 SoundCore{scbody.dylib}[27259] <NOTICE>: SCBODY #55 seg 5/9 $is_first_day":true,"$model":"iPhone18,5","$device_id":"34E75E6C-D52A-428F-877D-1AD51BED73EF","uuid":"7F4065C3-DF90-4738-8FA5-6BA6B4C35B86","$network_type":"WIF
2026-09-04 18:13:36.549693 SoundCore{scbody.dylib}[27259] <NOTICE>: SCBODY #55 seg 6/9 I","firmware_version":"14.42","device_id":"7F4065C3-DF90-4738-8FA5-6BA6B4C35B86","$app_name":"soundcore","$wifi":true,"$timezone_offset":420,"mac":"F4:B6:2D:E5:
2026-09-04 18:13:36.549706 SoundCore{scbody.dylib}[27259] <NOTICE>: SCBODY #55 seg 7/9 BD:E7","app_line":"SoundCore","$screen_height":844,"$lib_method":"autoTrack","$screen_name":"SoundCore.SCA3948MainViewController","$lib_version":"4.8.3","$os_ve
2026-09-04 18:13:36.549718 SoundCore{scbody.dylib}[27259] <NOTICE>: SCBODY #55 seg 8/9 rsion":"26.5.1","$lib":"iOS","$manufacturer":"Apple","product_code":"A3949","$app_id":"com.oceanwing.SoundCore.G8AW4BQ7RV"},"distinct_id":"25175005-856F-4AAB-A2
2026-09-04 18:13:36.549730 SoundCore{scbody.dylib}[27259] <NOTICE>: SCBODY #55 seg 9/9 76-01988F6459F5","type":"track"}
2026-09-04 18:13:36.549791 SoundCore{scbody.dylib}[27259] <NOTICE>: SCBODY CAPTURE #55 END
2026-09-04 18:13:36.550812 SoundCore{scbody.dylib}[27259] <NOTICE>: SCBODY CAPTURE #56 src=resp url=(none) len=252 score=2 BEGIN
2026-09-04 18:13:36.550830 SoundCore{scbody.dylib}[27259] <NOTICE>: SCBODY #56 seg 1/2 [{"sn":"3949E7BDE52DB6F4","country":"US","app_language":"en","events":[{"type":"APP_MORE_INFO","value":1}],"firmware_version":"14.43","mac":"F4:B6:2D:E5:BD:E7",
2026-09-04 18:13:36.550842 SoundCore{scbody.dylib}[27259] <NOTICE>: SCBODY #56 seg 2/2 "product_code":"A3949","u_id":"","phone_virtual_id":"31B01C63-15A4-4C25-A7D5-D2D9AD219090"}]
2026-09-04 18:13:36.550859 SoundCore{scbody.dylib}[27259] <NOTICE>: SCBODY CAPTURE #56 END
2026-09-04 18:13:36.552348 SoundCore{scbody.dylib}[27259] <NOTICE>: SCBODY CAPTURE #57 src=json url=(none) len=295 score=2 BEGIN
2026-09-04 18:13:36.552372 SoundCore{scbody.dylib}[27259] <NOTICE>: SCBODY #57 seg 1/2 {"details":[{"events":[{"type":"APP_MORE_INFO","value":1}],"firmware_version":"14.43","country":"US","mac":"F4:B6:2D:E5:BD:E7","product_code":"A3949","sn":"3949
2026-09-04 18:13:36.552398 SoundCore{scbody.dylib}[27259] <NOTICE>: SCBODY #57 seg 2/2 E7BDE52DB6F4","u_id":"","app_language":"en","phone_virtual_id":"31B01C63-15A4-4C25-A7D5-D2D9AD219090"}],"endpoint":"03012651050020001"}
2026-09-04 18:13:36.552418 SoundCore{scbody.dylib}[27259] <NOTICE>: SCBODY CAPTURE #57 END
2026-09-04 18:13:36.552435 SoundCore{scbody.dylib}[27259] <NOTICE>: SCBODY MODIFY 295 -> 295 bytes
2026-09-04 18:13:36.552470 SoundCore{scbody.dylib}[27259] <NOTICE>: SCBODY CAPTURE #58 src=json-mod url=(none) len=295 score=2 BEGIN
2026-09-04 18:13:36.552487 SoundCore{scbody.dylib}[27259] <NOTICE>: SCBODY #58 seg 1/2 {"details":[{"events":[{"type":"APP_MORE_INFO","value":1}],"firmware_version":"14.42","country":"US","mac":"F4:B6:2D:E5:BD:E7","product_code":"A3949","sn":"3949
2026-09-04 18:13:36.552499 SoundCore{scbody.dylib}[27259] <NOTICE>: SCBODY #58 seg 2/2 000000000000","u_id":"","app_language":"en","phone_virtual_id":"31B01C63-15A4-4C25-A7D5-D2D9AD219090"}],"endpoint":"03012651050020001"}
2026-09-04 18:13:36.552514 SoundCore{scbody.dylib}[27259] <NOTICE>: SCBODY CAPTURE #58 END
2026-09-04 18:13:36.558324 SoundCore{scbody.dylib}[27259] <NOTICE>: SCBODY CAPTURE #59 src=json url=(none) len=1288 score=2 BEGIN
2026-09-04 18:13:36.558351 SoundCore{scbody.dylib}[27259] <NOTICE>: SCBODY #59 seg 1/9 {"anonymous_id":"25175005-856F-4AAB-A276-01988F6459F5","_track_id":595414021,"event":"SC_HOME_DEVICE_CLICK","time":1788570816554,"identities":{"$identity_idfv":
2026-09-04 18:13:36.558428 SoundCore{scbody.dylib}[27259] <NOTICE>: SCBODY #59 seg 2/9 "34E75E6C-D52A-428F-877D-1AD51BED73EF","identity_deviceid_sn":"7F4065C3-DF90-4738-8FA5-6BA6B4C35B86||3949E7BDE52DB6F4","$identity_anonymous_id":"25175005-856F-4
2026-09-04 18:13:36.558565 SoundCore{scbody.dylib}[27259] <NOTICE>: SCBODY #59 seg 3/9 AAB-A276-01988F6459F5"},"lib":{"$lib_version":"4.8.3","$lib":"iOS","$app_version":"5.0.02","$lib_method":"code"},"properties":{"$os":"iOS","$screen_width":390,"
2026-09-04 18:13:36.558614 SoundCore{scbody.dylib}[27259] <NOTICE>: SCBODY #59 seg 4/9 button_name":"setting","$app_version":"5.0.02","country":"US","sn":"3949E7BDE52DB6F4","is_secret":false,"$is_first_day":true,"$model":"iPhone18,5","$device_id":
2026-09-04 18:13:36.558644 SoundCore{scbody.dylib}[27259] <NOTICE>: SCBODY #59 seg 5/9 "34E75E6C-D52A-428F-877D-1AD51BED73EF","uuid":"7F4065C3-DF90-4738-8FA5-6BA6B4C35B86","requirement_id":602,"$network_type":"WIFI","firmware_version":"14.43","$ap
2026-09-04 18:13:36.558655 SoundCore{scbody.dylib}[27259] <NOTICE>: SCBODY #59 seg 6/9 p_name":"soundcore","$wifi":true,"device_id":"7F4065C3-DF90-4738-8FA5-6BA6B4C35B86","$timezone_offset":420,"mac":"F4:B6:2D:E5:BD:E7","app_line":"SoundCore","$sc
2026-09-04 18:13:36.558681 SoundCore{scbody.dylib}[27259] <NOTICE>: SCBODY #59 seg 7/9 reen_height":844,"track_sign":"aSC_HOME_DEVICE.b621.d622.CLICK.SC_HOME_DEVICE_CLICK","$lib_method":"code","$lib_version":"4.8.3","$os_version":"26.5.1","$lib":"
2026-09-04 18:13:36.558694 SoundCore{scbody.dylib}[27259] <NOTICE>: SCBODY #59 seg 8/9 iOS","$manufacturer":"Apple","product_code":"A3949","$app_id":"com.oceanwing.SoundCore.G8AW4BQ7RV"},"distinct_id":"25175005-856F-4AAB-A276-01988F6459F5","type":
2026-09-04 18:13:36.558705 SoundCore{scbody.dylib}[27259] <NOTICE>: SCBODY #59 seg 9/9 "track"}
2026-09-04 18:13:36.558801 SoundCore{scbody.dylib}[27259] <NOTICE>: SCBODY CAPTURE #59 END
2026-09-04 18:13:36.558907 SoundCore{scbody.dylib}[27259] <NOTICE>: SCBODY MODIFY 1288 -> 1288 bytes
2026-09-04 18:13:36.558920 SoundCore{scbody.dylib}[27259] <NOTICE>: SCBODY CAPTURE #60 src=json-mod url=(none) len=1288 score=2 BEGIN
2026-09-04 18:13:36.558949 SoundCore{scbody.dylib}[27259] <NOTICE>: SCBODY #60 seg 1/9 {"anonymous_id":"25175005-856F-4AAB-A276-01988F6459F5","_track_id":595414021,"event":"SC_HOME_DEVICE_CLICK","time":1788570816554,"identities":{"$identity_idfv":
2026-09-04 18:13:36.558977 SoundCore{scbody.dylib}[27259] <NOTICE>: SCBODY #60 seg 2/9 "34E75E6C-D52A-428F-877D-1AD51BED73EF","identity_deviceid_sn":"7F4065C3-DF90-4738-8FA5-6BA6B4C35B86||3949E7BDE52DB6F4","$identity_anonymous_id":"25175005-856F-4
2026-09-04 18:13:36.558988 SoundCore{scbody.dylib}[27259] <NOTICE>: SCBODY #60 seg 3/9 AAB-A276-01988F6459F5"},"lib":{"$lib_version":"4.8.3","$lib":"iOS","$app_version":"5.0.02","$lib_method":"code"},"properties":{"$os":"iOS","$screen_width":390,"
2026-09-04 18:13:36.558998 SoundCore{scbody.dylib}[27259] <NOTICE>: SCBODY #60 seg 4/9 button_name":"setting","$app_version":"5.0.02","country":"US","sn":"3949000000000000","is_secret":false,"$is_first_day":true,"$model":"iPhone18,5","$device_id":
2026-09-04 18:13:36.559008 SoundCore{scbody.dylib}[27259] <NOTICE>: SCBODY #60 seg 5/9 "34E75E6C-D52A-428F-877D-1AD51BED73EF","uuid":"7F4065C3-DF90-4738-8FA5-6BA6B4C35B86","requirement_id":602,"$network_type":"WIFI","firmware_version":"14.42","$ap
2026-09-04 18:13:36.559018 SoundCore{scbody.dylib}[27259] <NOTICE>: SCBODY #60 seg 6/9 p_name":"soundcore","$wifi":true,"device_id":"7F4065C3-DF90-4738-8FA5-6BA6B4C35B86","$timezone_offset":420,"mac":"F4:B6:2D:E5:BD:E7","app_line":"SoundCore","$sc
2026-09-04 18:13:36.559046 SoundCore{scbody.dylib}[27259] <NOTICE>: SCBODY #60 seg 7/9 reen_height":844,"track_sign":"aSC_HOME_DEVICE.b621.d622.CLICK.SC_HOME_DEVICE_CLICK","$lib_method":"code","$lib_version":"4.8.3","$os_version":"26.5.1","$lib":"
2026-09-04 18:13:36.559058 SoundCore{scbody.dylib}[27259] <NOTICE>: SCBODY #60 seg 8/9 iOS","$manufacturer":"Apple","product_code":"A3949","$app_id":"com.oceanwing.SoundCore.G8AW4BQ7RV"},"distinct_id":"25175005-856F-4AAB-A276-01988F6459F5","type":
2026-09-04 18:13:36.559086 SoundCore{scbody.dylib}[27259] <NOTICE>: SCBODY #60 seg 9/9 "track"}
2026-09-04 18:13:36.559099 SoundCore{scbody.dylib}[27259] <NOTICE>: SCBODY CAPTURE #60 END
2026-09-04 18:13:37.124562 SoundCore{scbody.dylib}[27259] <NOTICE>: SCBODY CAPTURE #61 src=json url=(none) len=1347 score=2 BEGIN
2026-09-04 18:13:37.124635 SoundCore{scbody.dylib}[27259] <NOTICE>: SCBODY #61 seg 1/9 {"anonymous_id":"25175005-856F-4AAB-A276-01988F6459F5","_track_id":3813240176,"event":"$AppPageLeave","time":1788570817121,"identities":{"$identity_idfv":"34E75
2026-09-04 18:13:37.124666 SoundCore{scbody.dylib}[27259] <NOTICE>: SCBODY #61 seg 2/9 E6C-D52A-428F-877D-1AD51BED73EF","identity_deviceid_sn":"7F4065C3-DF90-4738-8FA5-6BA6B4C35B86||3949E7BDE52DB6F4","$identity_anonymous_id":"25175005-856F-4AAB-A2
2026-09-04 18:13:37.124680 SoundCore{scbody.dylib}[27259] <NOTICE>: SCBODY #61 seg 3/9 76-01988F6459F5"},"lib":{"$lib_version":"4.8.3","$lib":"iOS","$app_version":"5.0.02","$lib_method":"code"},"properties":{"$os":"iOS","$screen_width":390,"$app_v
2026-09-04 18:13:37.124693 SoundCore{scbody.dylib}[27259] <NOTICE>: SCBODY #61 seg 4/9 ersion":"5.0.02","country":"US","sn":"3949E7BDE52DB6F4","is_secret":false,"$is_first_day":true,"$model":"iPhone18,5","$device_id":"34E75E6C-D52A-428F-877D-1AD51
2026-09-04 18:13:37.124768 SoundCore{scbody.dylib}[27259] <NOTICE>: SCBODY #61 seg 5/9 BED73EF","uuid":"7F4065C3-DF90-4738-8FA5-6BA6B4C35B86","$network_type":"WIFI","firmware_version":"14.43","device_id":"7F4065C3-DF90-4738-8FA5-6BA6B4C35B86","$ap
2026-09-04 18:13:37.124811 SoundCore{scbody.dylib}[27259] <NOTICE>: SCBODY #61 seg 6/9 p_name":"soundcore","$wifi":true,"$timezone_offset":420,"$url":"SoundCore.SCA3948MainViewController","mac":"F4:B6:2D:E5:BD:E7","app_line":"SoundCore","$screen_h
2026-09-04 18:13:37.124890 SoundCore{scbody.dylib}[27259] <NOTICE>: SCBODY #61 seg 7/9 eight":844,"$referrer":"ModuleConnect.SCRePairingRightViewController","$lib_method":"code","$screen_name":"SoundCore.SCA3948MainViewController","$lib_version":"
2026-09-04 18:13:37.124925 SoundCore{scbody.dylib}[27259] <NOTICE>: SCBODY #61 seg 8/9 4.8.3","$os_version":"26.5.1","$lib":"iOS","$manufacturer":"Apple","product_code":"A3949","event_duration":5.1,"$app_id":"com.oceanwing.SoundCore.G8AW4BQ7RV"},"
2026-09-04 18:13:37.124944 SoundCore{scbody.dylib}[27259] <NOTICE>: SCBODY #61 seg 9/9 distinct_id":"25175005-856F-4AAB-A276-01988F6459F5","type":"track"}
2026-09-04 18:13:37.124960 SoundCore{scbody.dylib}[27259] <NOTICE>: SCBODY CAPTURE #61 END
2026-09-04 18:13:37.124974 SoundCore{scbody.dylib}[27259] <NOTICE>: SCBODY MODIFY 1347 -> 1347 bytes
2026-09-04 18:13:37.125007 SoundCore{scbody.dylib}[27259] <NOTICE>: SCBODY CAPTURE #62 src=json-mod url=(none) len=1347 score=2 BEGIN
2026-09-04 18:13:37.125039 SoundCore{scbody.dylib}[27259] <NOTICE>: SCBODY #62 seg 1/9 {"anonymous_id":"25175005-856F-4AAB-A276-01988F6459F5","_track_id":3813240176,"event":"$AppPageLeave","time":1788570817121,"identities":{"$identity_idfv":"34E75
2026-09-04 18:13:37.125052 SoundCore{scbody.dylib}[27259] <NOTICE>: SCBODY #62 seg 2/9 E6C-D52A-428F-877D-1AD51BED73EF","identity_deviceid_sn":"7F4065C3-DF90-4738-8FA5-6BA6B4C35B86||3949E7BDE52DB6F4","$identity_anonymous_id":"25175005-856F-4AAB-A2
2026-09-04 18:13:37.125064 SoundCore{scbody.dylib}[27259] <NOTICE>: SCBODY #62 seg 3/9 76-01988F6459F5"},"lib":{"$lib_version":"4.8.3","$lib":"iOS","$app_version":"5.0.02","$lib_method":"code"},"properties":{"$os":"iOS","$screen_width":390,"$app_v
2026-09-04 18:13:37.125076 SoundCore{scbody.dylib}[27259] <NOTICE>: SCBODY #62 seg 4/9 ersion":"5.0.02","country":"US","sn":"3949000000000000","is_secret":false,"$is_first_day":true,"$model":"iPhone18,5","$device_id":"34E75E6C-D52A-428F-877D-1AD51
2026-09-04 18:13:37.125087 SoundCore{scbody.dylib}[27259] <NOTICE>: SCBODY #62 seg 5/9 BED73EF","uuid":"7F4065C3-DF90-4738-8FA5-6BA6B4C35B86","$network_type":"WIFI","firmware_version":"14.42","device_id":"7F4065C3-DF90-4738-8FA5-6BA6B4C35B86","$ap
2026-09-04 18:13:37.125099 SoundCore{scbody.dylib}[27259] <NOTICE>: SCBODY #62 seg 6/9 p_name":"soundcore","$wifi":true,"$timezone_offset":420,"$url":"SoundCore.SCA3948MainViewController","mac":"F4:B6:2D:E5:BD:E7","app_line":"SoundCore","$screen_h
2026-09-04 18:13:37.125112 SoundCore{scbody.dylib}[27259] <NOTICE>: SCBODY #62 seg 7/9 eight":844,"$referrer":"ModuleConnect.SCRePairingRightViewController","$lib_method":"code","$screen_name":"SoundCore.SCA3948MainViewController","$lib_version":"
2026-09-04 18:13:37.125124 SoundCore{scbody.dylib}[27259] <NOTICE>: SCBODY #62 seg 8/9 4.8.3","$os_version":"26.5.1","$lib":"iOS","$manufacturer":"Apple","product_code":"A3949","event_duration":5.1,"$app_id":"com.oceanwing.SoundCore.G8AW4BQ7RV"},"
2026-09-04 18:13:37.125137 SoundCore{scbody.dylib}[27259] <NOTICE>: SCBODY #62 seg 9/9 distinct_id":"25175005-856F-4AAB-A276-01988F6459F5","type":"track"}
2026-09-04 18:13:37.125155 SoundCore{scbody.dylib}[27259] <NOTICE>: SCBODY CAPTURE #62 END
2026-09-04 18:13:37.135231 SoundCore{scbody.dylib}[27259] <NOTICE>: SCBODY CAPTURE #63 src=json url=(none) len=1411 score=2 BEGIN
2026-09-04 18:13:37.135302 SoundCore{scbody.dylib}[27259] <NOTICE>: SCBODY #63 seg 1/9 {"anonymous_id":"25175005-856F-4AAB-A276-01988F6459F5","_track_id":2002678029,"event":"$AppViewScreen","time":1788570817124,"identities":{"$identity_idfv":"34E7
2026-09-04 18:13:37.135350 SoundCore{scbody.dylib}[27259] <NOTICE>: SCBODY #63 seg 2/9 5E6C-D52A-428F-877D-1AD51BED73EF","identity_deviceid_sn":"7F4065C3-DF90-4738-8FA5-6BA6B4C35B86||3949E7BDE52DB6F4","$identity_anonymous_id":"25175005-856F-4AAB-A
2026-09-04 18:13:37.135373 SoundCore{scbody.dylib}[27259] <NOTICE>: SCBODY #63 seg 3/9 276-01988F6459F5"},"lib":{"$lib_method":"autoTrack","$lib_version":"4.8.3","$lib":"iOS","$lib_detail":"SoundCore.SCA3948MoreViewController######","$app_version"
2026-09-04 18:13:37.135402 SoundCore{scbody.dylib}[27259] <NOTICE>: SCBODY #63 seg 4/9 :"5.0.02"},"properties":{"$os":"iOS","$app_version":"5.0.02","$screen_width":390,"country":"US","$title":"More Settings","sn":"3949E7BDE52DB6F4","is_secret":fal
2026-09-04 18:13:37.135412 SoundCore{scbody.dylib}[27259] <NOTICE>: SCBODY #63 seg 5/9 se,"$is_first_day":true,"$model":"iPhone18,5","$device_id":"34E75E6C-D52A-428F-877D-1AD51BED73EF","uuid":"7F4065C3-DF90-4738-8FA5-6BA6B4C35B86","$network_type":
2026-09-04 18:13:37.135507 SoundCore{scbody.dylib}[27259] <NOTICE>: SCBODY #63 seg 6/9 "WIFI","firmware_version":"14.43","device_id":"7F4065C3-DF90-4738-8FA5-6BA6B4C35B86","$app_name":"soundcore","$wifi":true,"$timezone_offset":420,"$url":"SoundCo
2026-09-04 18:13:37.136000 SoundCore{scbody.dylib}[27259] <NOTICE>: SCBODY #63 seg 7/9 re.SCA3948MoreViewController","mac":"F4:B6:2D:E5:BD:E7","app_line":"SoundCore","$screen_height":844,"$referrer":"SoundCore.SCA3948MainViewController","$lib_meth
2026-09-04 18:13:37.136010 SoundCore{scbody.dylib}[27259] <NOTICE>: SCBODY #63 seg 8/9 od":"autoTrack","$screen_name":"SoundCore.SCA3948MoreViewController","$lib_version":"4.8.3","$os_version":"26.5.1","$lib":"iOS","$manufacturer":"Apple","product
2026-09-04 18:13:37.136021 SoundCore{scbody.dylib}[27259] <NOTICE>: SCBODY #63 seg 9/9 _code":"A3949","$app_id":"com.oceanwing.SoundCore.G8AW4BQ7RV"},"distinct_id":"25175005-856F-4AAB-A276-01988F6459F5","type":"track"}
2026-09-04 18:13:37.136030 SoundCore{scbody.dylib}[27259] <NOTICE>: SCBODY CAPTURE #63 END
2026-09-04 18:13:37.136041 SoundCore{scbody.dylib}[27259] <NOTICE>: SCBODY MODIFY 1411 -> 1411 bytes
2026-09-04 18:13:37.136161 SoundCore{scbody.dylib}[27259] <NOTICE>: SCBODY CAPTURE #64 src=json-mod url=(none) len=1411 score=2 BEGIN
2026-09-04 18:13:37.136171 SoundCore{scbody.dylib}[27259] <NOTICE>: SCBODY #64 seg 1/9 {"anonymous_id":"25175005-856F-4AAB-A276-01988F6459F5","_track_id":2002678029,"event":"$AppViewScreen","time":1788570817124,"identities":{"$identity_idfv":"34E7
2026-09-04 18:13:37.136181 SoundCore{scbody.dylib}[27259] <NOTICE>: SCBODY #64 seg 2/9 5E6C-D52A-428F-877D-1AD51BED73EF","identity_deviceid_sn":"7F4065C3-DF90-4738-8FA5-6BA6B4C35B86||3949E7BDE52DB6F4","$identity_anonymous_id":"25175005-856F-4AAB-A
2026-09-04 18:13:37.136194 SoundCore{scbody.dylib}[27259] <NOTICE>: SCBODY #64 seg 3/9 276-01988F6459F5"},"lib":{"$lib_method":"autoTrack","$lib_version":"4.8.3","$lib":"iOS","$lib_detail":"SoundCore.SCA3948MoreViewController######","$app_version"
2026-09-04 18:13:37.136232 SoundCore{scbody.dylib}[27259] <NOTICE>: SCBODY #64 seg 4/9 :"5.0.02"},"properties":{"$os":"iOS","$app_version":"5.0.02","$screen_width":390,"country":"US","$title":"More Settings","sn":"3949000000000000","is_secret":fal
2026-09-04 18:13:37.136244 SoundCore{scbody.dylib}[27259] <NOTICE>: SCBODY #64 seg 5/9 se,"$is_first_day":true,"$model":"iPhone18,5","$device_id":"34E75E6C-D52A-428F-877D-1AD51BED73EF","uuid":"7F4065C3-DF90-4738-8FA5-6BA6B4C35B86","$network_type":
2026-09-04 18:13:37.136255 SoundCore{scbody.dylib}[27259] <NOTICE>: SCBODY #64 seg 6/9 "WIFI","firmware_version":"14.42","device_id":"7F4065C3-DF90-4738-8FA5-6BA6B4C35B86","$app_name":"soundcore","$wifi":true,"$timezone_offset":420,"$url":"SoundCo
2026-09-04 18:13:37.136391 SoundCore{scbody.dylib}[27259] <NOTICE>: SCBODY #64 seg 7/9 re.SCA3948MoreViewController","mac":"F4:B6:2D:E5:BD:E7","app_line":"SoundCore","$screen_height":844,"$referrer":"SoundCore.SCA3948MainViewController","$lib_meth
2026-09-04 18:13:37.136401 SoundCore{scbody.dylib}[27259] <NOTICE>: SCBODY #64 seg 8/9 od":"autoTrack","$screen_name":"SoundCore.SCA3948MoreViewController","$lib_version":"4.8.3","$os_version":"26.5.1","$lib":"iOS","$manufacturer":"Apple","product
2026-09-04 18:13:37.136410 SoundCore{scbody.dylib}[27259] <NOTICE>: SCBODY #64 seg 9/9 _code":"A3949","$app_id":"com.oceanwing.SoundCore.G8AW4BQ7RV"},"distinct_id":"25175005-856F-4AAB-A276-01988F6459F5","type":"track"}
2026-09-04 18:13:37.136429 SoundCore{scbody.dylib}[27259] <NOTICE>: SCBODY CAPTURE #64 END
2026-09-04 18:13:39.031234 SoundCore{scbody.dylib}[27259] <NOTICE>: SCBODY CAPTURE #65 src=json url=(none) len=1404 score=2 BEGIN
2026-09-04 18:13:39.031248 SoundCore{scbody.dylib}[27259] <NOTICE>: SCBODY #65 seg 1/9 {"anonymous_id":"25175005-856F-4AAB-A276-01988F6459F5","_track_id":1592297302,"event":"$AppClick","time":1788570819027,"identities":{"$identity_idfv":"34E75E6C-
2026-09-04 18:13:39.031317 SoundCore{scbody.dylib}[27259] <NOTICE>: SCBODY #65 seg 2/9 D52A-428F-877D-1AD51BED73EF","identity_deviceid_sn":"7F4065C3-DF90-4738-8FA5-6BA6B4C35B86||3949E7BDE52DB6F4","$identity_anonymous_id":"25175005-856F-4AAB-A276-0
2026-09-04 18:13:39.031333 SoundCore{scbody.dylib}[27259] <NOTICE>: SCBODY #65 seg 3/9 1988F6459F5"},"lib":{"$lib_method":"autoTrack","$lib_version":"4.8.3","$lib":"iOS","$lib_detail":"SoundCore.SCA3948MoreViewController######","$app_version":"5.0
2026-09-04 18:13:39.032378 SoundCore{scbody.dylib}[27259] <NOTICE>: SCBODY #65 seg 4/9 .02"},"properties":{"$os":"iOS","$screen_width":390,"$app_version":"5.0.02","country":"US","$title":"More Settings","sn":"3949E7BDE52DB6F4","$element_content":"
2026-09-04 18:13:39.032501 SoundCore{scbody.dylib}[27259] <NOTICE>: SCBODY #65 seg 5/9 Update Firmware","is_secret":false,"$is_first_day":true,"$model":"iPhone18,5","$device_id":"34E75E6C-D52A-428F-877D-1AD51BED73EF","uuid":"7F4065C3-DF90-4738-8FA
2026-09-04 18:13:39.032710 SoundCore{scbody.dylib}[27259] <NOTICE>: SCBODY #65 seg 6/9 5-6BA6B4C35B86","$timezone_offset":420,"$network_type":"WIFI","$element_type":"UITableView","firmware_version":"14.43","device_id":"7F4065C3-DF90-4738-8FA5-6BA6
2026-09-04 18:13:39.032744 SoundCore{scbody.dylib}[27259] <NOTICE>: SCBODY #65 seg 7/9 B4C35B86","$app_name":"soundcore","$element_position":"2:0","$wifi":true,"mac":"F4:B6:2D:E5:BD:E7","app_line":"SoundCore","$screen_height":844,"$lib_method":"au
2026-09-04 18:13:39.032758 SoundCore{scbody.dylib}[27259] <NOTICE>: SCBODY #65 seg 8/9 toTrack","$screen_name":"SoundCore.SCA3948MoreViewController","$lib_version":"4.8.3","$os_version":"26.5.1","$lib":"iOS","$manufacturer":"Apple","product_code":
2026-09-04 18:13:39.032770 SoundCore{scbody.dylib}[27259] <NOTICE>: SCBODY #65 seg 9/9 "A3949","$app_id":"com.oceanwing.SoundCore.G8AW4BQ7RV"},"distinct_id":"25175005-856F-4AAB-A276-01988F6459F5","type":"track"}
2026-09-04 18:13:39.032791 SoundCore{scbody.dylib}[27259] <NOTICE>: SCBODY CAPTURE #65 END
2026-09-04 18:13:39.032826 SoundCore{scbody.dylib}[27259] <NOTICE>: SCBODY MODIFY 1404 -> 1404 bytes
2026-09-04 18:13:39.032875 SoundCore{scbody.dylib}[27259] <NOTICE>: SCBODY CAPTURE #66 src=json-mod url=(none) len=1404 score=2 BEGIN
2026-09-04 18:13:39.032908 SoundCore{scbody.dylib}[27259] <NOTICE>: SCBODY #66 seg 1/9 {"anonymous_id":"25175005-856F-4AAB-A276-01988F6459F5","_track_id":1592297302,"event":"$AppClick","time":1788570819027,"identities":{"$identity_idfv":"34E75E6C-
2026-09-04 18:13:39.032932 SoundCore{scbody.dylib}[27259] <NOTICE>: SCBODY #66 seg 2/9 D52A-428F-877D-1AD51BED73EF","identity_deviceid_sn":"7F4065C3-DF90-4738-8FA5-6BA6B4C35B86||3949E7BDE52DB6F4","$identity_anonymous_id":"25175005-856F-4AAB-A276-0
2026-09-04 18:13:39.032961 SoundCore{scbody.dylib}[27259] <NOTICE>: SCBODY #66 seg 3/9 1988F6459F5"},"lib":{"$lib_method":"autoTrack","$lib_version":"4.8.3","$lib":"iOS","$lib_detail":"SoundCore.SCA3948MoreViewController######","$app_version":"5.0
2026-09-04 18:13:39.033016 SoundCore{scbody.dylib}[27259] <NOTICE>: SCBODY #66 seg 4/9 .02"},"properties":{"$os":"iOS","$screen_width":390,"$app_version":"5.0.02","country":"US","$title":"More Settings","sn":"3949000000000000","$element_content":"
2026-09-04 18:13:39.033030 SoundCore{scbody.dylib}[27259] <NOTICE>: SCBODY #66 seg 5/9 Update Firmware","is_secret":false,"$is_first_day":true,"$model":"iPhone18,5","$device_id":"34E75E6C-D52A-428F-877D-1AD51BED73EF","uuid":"7F4065C3-DF90-4738-8FA
2026-09-04 18:13:39.033057 SoundCore{scbody.dylib}[27259] <NOTICE>: SCBODY #66 seg 6/9 5-6BA6B4C35B86","$timezone_offset":420,"$network_type":"WIFI","$element_type":"UITableView","firmware_version":"14.42","device_id":"7F4065C3-DF90-4738-8FA5-6BA6
2026-09-04 18:13:39.033092 SoundCore{scbody.dylib}[27259] <NOTICE>: SCBODY #66 seg 7/9 B4C35B86","$app_name":"soundcore","$element_position":"2:0","$wifi":true,"mac":"F4:B6:2D:E5:BD:E7","app_line":"SoundCore","$screen_height":844,"$lib_method":"au
2026-09-04 18:13:39.033122 SoundCore{scbody.dylib}[27259] <NOTICE>: SCBODY #66 seg 8/9 toTrack","$screen_name":"SoundCore.SCA3948MoreViewController","$lib_version":"4.8.3","$os_version":"26.5.1","$lib":"iOS","$manufacturer":"Apple","product_code":
2026-09-04 18:13:39.033145 SoundCore{scbody.dylib}[27259] <NOTICE>: SCBODY #66 seg 9/9 "A3949","$app_id":"com.oceanwing.SoundCore.G8AW4BQ7RV"},"distinct_id":"25175005-856F-4AAB-A276-01988F6459F5","type":"track"}
2026-09-04 18:13:39.033174 SoundCore{scbody.dylib}[27259] <NOTICE>: SCBODY CAPTURE #66 END
2026-09-04 18:13:39.049437 SoundCore{scbody.dylib}[27259] <NOTICE>: SCBODY CAPTURE #67 src=json url=(none) len=416 score=2 BEGIN
2026-09-04 18:13:39.049456 SoundCore{scbody.dylib}[27259] <NOTICE>: SCBODY #67 seg 1/3 {"events":[{"value_string":"1","module":"OTA","time":"1788570819","device_id":"","mac":"F4:B6:2D:E5:BD:E7","product_code":"A3949","sn":"3949E7BDE52DB6F4","type"
2026-09-04 18:13:39.049473 SoundCore{scbody.dylib}[27259] <NOTICE>: SCBODY #67 seg 2/3 :"0","name":"APP_OTA_ENTER"}],"country":"US","sys_type":"iOS","http_user_agent":"soundcore-iOS-5.0.02","phone_model":"iPhone18,5","uuid":"31B01C63-15A4-4C25-A7D
2026-09-04 18:13:39.049488 SoundCore{scbody.dylib}[27259] <NOTICE>: SCBODY #67 seg 3/3 5-D2D9AD219090","user_id":"","phone_name":"iPhone","sys_version":"26.5.1","phone_brand":"Apple"}
2026-09-04 18:13:39.049498 SoundCore{scbody.dylib}[27259] <NOTICE>: SCBODY CAPTURE #67 END
2026-09-04 18:13:39.049516 SoundCore{scbody.dylib}[27259] <NOTICE>: SCBODY MODIFY 416 -> 416 bytes
2026-09-04 18:13:39.049536 SoundCore{scbody.dylib}[27259] <NOTICE>: SCBODY CAPTURE #68 src=json-mod url=(none) len=416 score=2 BEGIN
2026-09-04 18:13:39.049559 SoundCore{scbody.dylib}[27259] <NOTICE>: SCBODY #68 seg 1/3 {"events":[{"value_string":"1","module":"OTA","time":"1788570819","device_id":"","mac":"F4:B6:2D:E5:BD:E7","product_code":"A3949","sn":"3949000000000000","type"
2026-09-04 18:13:39.049567 SoundCore{scbody.dylib}[27259] <NOTICE>: SCBODY #68 seg 2/3 :"0","name":"APP_OTA_ENTER"}],"country":"US","sys_type":"iOS","http_user_agent":"soundcore-iOS-5.0.02","phone_model":"iPhone18,5","uuid":"31B01C63-15A4-4C25-A7D
2026-09-04 18:13:39.049576 SoundCore{scbody.dylib}[27259] <NOTICE>: SCBODY #68 seg 3/3 5-D2D9AD219090","user_id":"","phone_name":"iPhone","sys_version":"26.5.1","phone_brand":"Apple"}
2026-09-04 18:13:39.049593 SoundCore{scbody.dylib}[27259] <NOTICE>: SCBODY CAPTURE #68 END
2026-09-04 18:13:39.059730 SoundCore{scbody.dylib}[27259] <NOTICE>: SCBODY CAPTURE #69 src=json url=(none) len=1275 score=2 BEGIN
2026-09-04 18:13:39.059757 SoundCore{scbody.dylib}[27259] <NOTICE>: SCBODY #69 seg 1/8 {"anonymous_id":"25175005-856F-4AAB-A276-01988F6459F5","_track_id":1728571876,"event":"SC_OTA_PAGEVIEW","time":1788570819058,"identities":{"$identity_idfv":"34E
2026-09-04 18:13:39.059778 SoundCore{scbody.dylib}[27259] <NOTICE>: SCBODY #69 seg 2/8 75E6C-D52A-428F-877D-1AD51BED73EF","identity_deviceid_sn":"7F4065C3-DF90-4738-8FA5-6BA6B4C35B86||3949E7BDE52DB6F4","$identity_anonymous_id":"25175005-856F-4AAB-
2026-09-04 18:13:39.059789 SoundCore{scbody.dylib}[27259] <NOTICE>: SCBODY #69 seg 3/8 A276-01988F6459F5"},"lib":{"$lib_version":"4.8.3","$lib":"iOS","$app_version":"5.0.02","$lib_method":"code"},"properties":{"$os":"iOS","$screen_width":390,"$app
2026-09-04 18:13:39.059801 SoundCore{scbody.dylib}[27259] <NOTICE>: SCBODY #69 seg 4/8 _version":"5.0.02","country":"US","sn":"3949E7BDE52DB6F4","is_secret":false,"$is_first_day":true,"$model":"iPhone18,5","$device_id":"34E75E6C-D52A-428F-877D-1AD
2026-09-04 18:13:39.059811 SoundCore{scbody.dylib}[27259] <NOTICE>: SCBODY #69 seg 5/8 51BED73EF","uuid":"7F4065C3-DF90-4738-8FA5-6BA6B4C35B86","requirement_id":478,"$network_type":"WIFI","page_name":"firmware_update","$wifi":true,"firmware_versio
2026-09-04 18:13:39.059819 SoundCore{scbody.dylib}[27259] <NOTICE>: SCBODY #69 seg 6/8 n":"14.43","$app_name":"soundcore","device_id":"7F4065C3-DF90-4738-8FA5-6BA6B4C35B86","$timezone_offset":420,"mac":"F4:B6:2D:E5:BD:E7","app_line":"SoundCore","$
2026-09-04 18:13:39.059829 SoundCore{scbody.dylib}[27259] <NOTICE>: SCBODY #69 seg 7/8 screen_height":844,"track_sign":"aSC_OTA.b130.PAGEVIEW.SC_OTA_PAGEVIEW","$lib_method":"code","$lib_version":"4.8.3","$os_version":"26.5.1","$lib":"iOS","$manufa
2026-09-04 18:13:39.059843 SoundCore{scbody.dylib}[27259] <NOTICE>: SCBODY #69 seg 8/8 cturer":"Apple","product_code":"A3949","$app_id":"com.oceanwing.SoundCore.G8AW4BQ7RV"},"distinct_id":"25175005-856F-4AAB-A276-01988F6459F5","type":"track"}
2026-09-04 18:13:39.059855 SoundCore{scbody.dylib}[27259] <NOTICE>: SCBODY CAPTURE #69 END
2026-09-04 18:13:39.059869 SoundCore{scbody.dylib}[27259] <NOTICE>: SCBODY MODIFY 1275 -> 1275 bytes
2026-09-04 18:13:39.059997 SoundCore{scbody.dylib}[27259] <NOTICE>: SCBODY CAPTURE #70 src=json-mod url=(none) len=1275 score=2 BEGIN
2026-09-04 18:13:39.060032 SoundCore{scbody.dylib}[27259] <NOTICE>: SCBODY #70 seg 1/8 {"anonymous_id":"25175005-856F-4AAB-A276-01988F6459F5","_track_id":1728571876,"event":"SC_OTA_PAGEVIEW","time":1788570819058,"identities":{"$identity_idfv":"34E
2026-09-04 18:13:39.060043 SoundCore{scbody.dylib}[27259] <NOTICE>: SCBODY #70 seg 2/8 75E6C-D52A-428F-877D-1AD51BED73EF","identity_deviceid_sn":"7F4065C3-DF90-4738-8FA5-6BA6B4C35B86||3949E7BDE52DB6F4","$identity_anonymous_id":"25175005-856F-4AAB-
2026-09-04 18:13:39.060056 SoundCore{scbody.dylib}[27259] <NOTICE>: SCBODY #70 seg 3/8 A276-01988F6459F5"},"lib":{"$lib_version":"4.8.3","$lib":"iOS","$app_version":"5.0.02","$lib_method":"code"},"properties":{"$os":"iOS","$screen_width":390,"$app
2026-09-04 18:13:39.060065 SoundCore{scbody.dylib}[27259] <NOTICE>: SCBODY #70 seg 4/8 _version":"5.0.02","country":"US","sn":"3949000000000000","is_secret":false,"$is_first_day":true,"$model":"iPhone18,5","$device_id":"34E75E6C-D52A-428F-877D-1AD
2026-09-04 18:13:39.060074 SoundCore{scbody.dylib}[27259] <NOTICE>: SCBODY #70 seg 5/8 51BED73EF","uuid":"7F4065C3-DF90-4738-8FA5-6BA6B4C35B86","requirement_id":478,"$network_type":"WIFI","page_name":"firmware_update","$wifi":true,"firmware_versio
2026-09-04 18:13:39.060082 SoundCore{scbody.dylib}[27259] <NOTICE>: SCBODY #70 seg 6/8 n":"14.42","$app_name":"soundcore","device_id":"7F4065C3-DF90-4738-8FA5-6BA6B4C35B86","$timezone_offset":420,"mac":"F4:B6:2D:E5:BD:E7","app_line":"SoundCore","$
2026-09-04 18:13:39.060108 SoundCore{scbody.dylib}[27259] <NOTICE>: SCBODY #70 seg 7/8 screen_height":844,"track_sign":"aSC_OTA.b130.PAGEVIEW.SC_OTA_PAGEVIEW","$lib_method":"code","$lib_version":"4.8.3","$os_version":"26.5.1","$lib":"iOS","$manufa
2026-09-04 18:13:39.060116 SoundCore{scbody.dylib}[27259] <NOTICE>: SCBODY #70 seg 8/8 cturer":"Apple","product_code":"A3949","$app_id":"com.oceanwing.SoundCore.G8AW4BQ7RV"},"distinct_id":"25175005-856F-4AAB-A276-01988F6459F5","type":"track"}
2026-09-04 18:13:39.060126 SoundCore{scbody.dylib}[27259] <NOTICE>: SCBODY CAPTURE #70 END
2026-09-04 18:13:39.071033 SoundCore{scbody.dylib}[27259] <NOTICE>: SCBODY CAPTURE #71 src=resp url=(none) len=129 score=5 BEGIN
2026-09-04 18:13:39.071052 SoundCore{scbody.dylib}[27259] <NOTICE>: SCBODY #71 seg 1/1 {"firmware_list":[{"product_code":"A3949","sn":"3949E7BDE52DB6F4","relation_sn":"","product_component":"ALL","version":"14.43"}]}
2026-09-04 18:13:39.071070 SoundCore{scbody.dylib}[27259] <NOTICE>: SCBODY CAPTURE #71 END
2026-09-04 18:13:39.071123 SoundCore{scbody.dylib}[27259] <NOTICE>: SCBODY HDR terminal-id: 31B01C63-15A4-4C25-A7D5-D2D9AD219090
2026-09-04 18:13:39.071133 SoundCore{scbody.dylib}[27259] <NOTICE>: SCBODY HDR Gtoken: aa4bd12c0afce18a24501982cb8e2dd0
2026-09-04 18:13:39.071147 SoundCore{scbody.dylib}[27259] <NOTICE>: SCBODY HDR sys_version: 26.5.1
2026-09-04 18:13:39.071156 SoundCore{scbody.dylib}[27259] <NOTICE>: SCBODY HDR token: dae30b60dca32ad118cd4cef8e14f990
2026-09-04 18:13:39.071172 SoundCore{scbody.dylib}[27259] <NOTICE>: SCBODY HDR User-Agent: Soundcore-iOS-5.0.02
2026-09-04 18:13:39.071182 SoundCore{scbody.dylib}[27259] <NOTICE>: SCBODY HDR X-Request-Ts: 1788570819
2026-09-04 18:13:39.071193 SoundCore{scbody.dylib}[27259] <NOTICE>: SCBODY HDR X-App-Key: soundcore
2026-09-04 18:13:39.071201 SoundCore{scbody.dylib}[27259] <NOTICE>: SCBODY HDR AnkerBG: SPEAKER
2026-09-04 18:13:39.071209 SoundCore{scbody.dylib}[27259] <NOTICE>: SCBODY HDR phone_virtual_id: 31B01C63-15A4-4C25-A7D5-D2D9AD219090
2026-09-04 18:13:39.071227 SoundCore{scbody.dylib}[27259] <NOTICE>: SCBODY HDR language: en
2026-09-04 18:13:39.071238 SoundCore{scbody.dylib}[27259] <NOTICE>: SCBODY HDR country: US
2026-09-04 18:13:39.071249 SoundCore{scbody.dylib}[27259] <NOTICE>: SCBODY HDR timezone: America/Los_Angeles
2026-09-04 18:13:39.071257 SoundCore{scbody.dylib}[27259] <NOTICE>: SCBODY HDR unique-sign: 0a43a5c5958e1e16aab5c875f56cbcfe
2026-09-04 18:13:39.071266 SoundCore{scbody.dylib}[27259] <NOTICE>: SCBODY HDR Openudid: 31B01C63-15A4-4C25-A7D5-D2D9AD219090
2026-09-04 18:13:39.071283 SoundCore{scbody.dylib}[27259] <NOTICE>: SCBODY HDR X-Request-Once: 44C2927B-1966-4E1D-B299-FD286D95341F
2026-09-04 18:13:39.071335 SoundCore{scbody.dylib}[27259] <NOTICE>: SCBODY CAPTURE #72 src=json url=(none) len=129 score=5 BEGIN
2026-09-04 18:13:39.071350 SoundCore{scbody.dylib}[27259] <NOTICE>: SCBODY #72 seg 1/1 {"firmware_list":[{"sn":"3949E7BDE52DB6F4","relation_sn":"","version":"14.43","product_component":"ALL","product_code":"A3949"}]}
2026-09-04 18:13:39.071363 SoundCore{scbody.dylib}[27259] <NOTICE>: SCBODY CAPTURE #72 END
2026-09-04 18:13:39.071374 SoundCore{scbody.dylib}[27259] <NOTICE>: SCBODY MODIFY 129 -> 129 bytes
2026-09-04 18:13:39.071385 SoundCore{scbody.dylib}[27259] <NOTICE>: SCBODY CAPTURE #73 src=json-mod url=(none) len=129 score=5 BEGIN
2026-09-04 18:13:39.071396 SoundCore{scbody.dylib}[27259] <NOTICE>: SCBODY #73 seg 1/1 {"firmware_list":[{"sn":"3949000000000000","relation_sn":"","version":"14.42","product_component":"ALL","product_code":"A3949"}]}
2026-09-04 18:13:39.071405 SoundCore{scbody.dylib}[27259] <NOTICE>: SCBODY CAPTURE #73 END
2026-09-04 18:13:39.071413 SoundCore{scbody.dylib}[27259] <NOTICE>: SCBODY HDR Content-Type: application/json
2026-09-04 18:13:39.071442 SoundCore{scbody.dylib}[27259] <NOTICE>: SCBODY HDRSNAP Content-Type: application/json
2026-09-04 18:13:39.071454 SoundCore{scbody.dylib}[27259] <NOTICE>: SCBODY HDRSNAP Gtoken: aa4bd12c0afce18a24501982cb8e2dd0
2026-09-04 18:13:39.071465 SoundCore{scbody.dylib}[27259] <NOTICE>: SCBODY HDRSNAP X-Request-Ts: 1788570819
2026-09-04 18:13:39.071479 SoundCore{scbody.dylib}[27259] <NOTICE>: SCBODY HDRSNAP sys_version: 26.5.1
2026-09-04 18:13:39.071490 SoundCore{scbody.dylib}[27259] <NOTICE>: SCBODY HDRSNAP Openudid: 31B01C63-15A4-4C25-A7D5-D2D9AD219090
2026-09-04 18:13:39.071501 SoundCore{scbody.dylib}[27259] <NOTICE>: SCBODY HDRSNAP X-Request-Once: 44C2927B-1966-4E1D-B299-FD286D95341F
2026-09-04 18:13:39.071516 SoundCore{scbody.dylib}[27259] <NOTICE>: SCBODY HDRSNAP unique-sign: 0a43a5c5958e1e16aab5c875f56cbcfe
2026-09-04 18:13:39.071530 SoundCore{scbody.dylib}[27259] <NOTICE>: SCBODY HDRSNAP token: dae30b60dca32ad118cd4cef8e14f990
2026-09-04 18:13:39.071540 SoundCore{scbody.dylib}[27259] <NOTICE>: SCBODY HDRSNAP language: en
2026-09-04 18:13:39.071550 SoundCore{scbody.dylib}[27259] <NOTICE>: SCBODY HDRSNAP terminal-id: 31B01C63-15A4-4C25-A7D5-D2D9AD219090
2026-09-04 18:13:39.071558 SoundCore{scbody.dylib}[27259] <NOTICE>: SCBODY HDRSNAP User-Agent: Soundcore-iOS-5.0.02
2026-09-04 18:13:39.071568 SoundCore{scbody.dylib}[27259] <NOTICE>: SCBODY HDRSNAP timezone: America/Los_Angeles
2026-09-04 18:13:39.071577 SoundCore{scbody.dylib}[27259] <NOTICE>: SCBODY HDRSNAP phone_virtual_id: 31B01C63-15A4-4C25-A7D5-D2D9AD219090
2026-09-04 18:13:39.071586 SoundCore{scbody.dylib}[27259] <NOTICE>: SCBODY HDRSNAP AnkerBG: SPEAKER
2026-09-04 18:13:39.071599 SoundCore{scbody.dylib}[27259] <NOTICE>: SCBODY HDRSNAP X-App-Key: soundcore
2026-09-04 18:13:39.071610 SoundCore{scbody.dylib}[27259] <NOTICE>: SCBODY HDRSNAP country: US
2026-09-04 18:13:39.071695 SoundCore{scbody.dylib}[27259] <NOTICE>: SCBODY MODIFY 129 -> 129 bytes
2026-09-04 18:13:39.072172 SoundCore{scbody.dylib}[27259] <NOTICE>: SCBODY CAPTURE #74 src=httpBody url=https://speaker.eufylife.com/api/v2/speaker/firmware/upgrade_check/batch len=196 score=0 BEGIN
2026-09-04 18:13:39.072197 SoundCore{scbody.dylib}[27259] <NOTICE>: SCBODY #74 seg 1/2 MTc4ODU3MDgxOTA3MTg2OOfNc63olBcUeYkcRURRNcI2scIGEqSn65hG1kNSMpj6vS/MCQjdp+7pfCW3facJGcI0d8zyN44d0WM25TkxCuZv1hJcsVBJ7gj3bHzxBtXMXE7A/ZyQUY3CKkJRdnffT5YkO6KJe5ZN
2026-09-04 18:13:39.072210 SoundCore{scbody.dylib}[27259] <NOTICE>: SCBODY #74 seg 2/2 7s1bTXHM6YJmQkC5oifCWr3mV7X1eGBCtw==
2026-09-04 18:13:39.072219 SoundCore{scbody.dylib}[27259] <NOTICE>: SCBODY CAPTURE #74 END
2026-09-04 18:13:39.072228 SoundCore{scbody.dylib}[27259] <NOTICE>: SCBODY HDRSNAP Content-Type: application/json
2026-09-04 18:13:39.072239 SoundCore{scbody.dylib}[27259] <NOTICE>: SCBODY HDRSNAP Gtoken: aa4bd12c0afce18a24501982cb8e2dd0
2026-09-04 18:13:39.072247 SoundCore{scbody.dylib}[27259] <NOTICE>: SCBODY HDRSNAP X-Request-Ts: 1788570819
2026-09-04 18:13:39.072255 SoundCore{scbody.dylib}[27259] <NOTICE>: SCBODY HDRSNAP sys_version: 26.5.1
2026-09-04 18:13:39.072281 SoundCore{scbody.dylib}[27259] <NOTICE>: SCBODY HDRSNAP Openudid: 31B01C63-15A4-4C25-A7D5-D2D9AD219090
2026-09-04 18:13:39.072304 SoundCore{scbody.dylib}[27259] <NOTICE>: SCBODY HDRSNAP X-Request-Once: 44C2927B-1966-4E1D-B299-FD286D95341F
2026-09-04 18:13:39.072323 SoundCore{scbody.dylib}[27259] <NOTICE>: SCBODY HDRSNAP unique-sign: 0a43a5c5958e1e16aab5c875f56cbcfe
2026-09-04 18:13:39.072349 SoundCore{scbody.dylib}[27259] <NOTICE>: SCBODY HDRSNAP token: dae30b60dca32ad118cd4cef8e14f990
2026-09-04 18:13:39.072360 SoundCore{scbody.dylib}[27259] <NOTICE>: SCBODY HDRSNAP language: en
2026-09-04 18:13:39.072368 SoundCore{scbody.dylib}[27259] <NOTICE>: SCBODY HDRSNAP terminal-id: 31B01C63-15A4-4C25-A7D5-D2D9AD219090
2026-09-04 18:13:39.072377 SoundCore{scbody.dylib}[27259] <NOTICE>: SCBODY HDRSNAP User-Agent: Soundcore-iOS-5.0.02
2026-09-04 18:13:39.072390 SoundCore{scbody.dylib}[27259] <NOTICE>: SCBODY HDRSNAP timezone: America/Los_Angeles
2026-09-04 18:13:39.072398 SoundCore{scbody.dylib}[27259] <NOTICE>: SCBODY HDRSNAP phone_virtual_id: 31B01C63-15A4-4C25-A7D5-D2D9AD219090
2026-09-04 18:13:39.072406 SoundCore{scbody.dylib}[27259] <NOTICE>: SCBODY HDRSNAP AnkerBG: SPEAKER
2026-09-04 18:13:39.072414 SoundCore{scbody.dylib}[27259] <NOTICE>: SCBODY HDRSNAP X-App-Key: soundcore
2026-09-04 18:13:39.072425 SoundCore{scbody.dylib}[27259] <NOTICE>: SCBODY HDRSNAP country: US
2026-09-04 18:13:39.072644 SoundCore{scbody.dylib}[27259] <NOTICE>: SCBODY HDRSNAP Content-Type: application/json
2026-09-04 18:13:39.072652 SoundCore{scbody.dylib}[27259] <NOTICE>: SCBODY HDRSNAP Gtoken: aa4bd12c0afce18a24501982cb8e2dd0
2026-09-04 18:13:39.072661 SoundCore{scbody.dylib}[27259] <NOTICE>: SCBODY HDRSNAP X-Request-Ts: 1788570819
2026-09-04 18:13:39.072669 SoundCore{scbody.dylib}[27259] <NOTICE>: SCBODY HDRSNAP sys_version: 26.5.1
2026-09-04 18:13:39.072677 SoundCore{scbody.dylib}[27259] <NOTICE>: SCBODY HDRSNAP Openudid: 31B01C63-15A4-4C25-A7D5-D2D9AD219090
2026-09-04 18:13:39.072697 SoundCore{scbody.dylib}[27259] <NOTICE>: SCBODY HDRSNAP X-Request-Once: 44C2927B-1966-4E1D-B299-FD286D95341F
2026-09-04 18:13:39.072706 SoundCore{scbody.dylib}[27259] <NOTICE>: SCBODY HDRSNAP unique-sign: 0a43a5c5958e1e16aab5c875f56cbcfe
2026-09-04 18:13:39.072730 SoundCore{scbody.dylib}[27259] <NOTICE>: SCBODY HDRSNAP token: dae30b60dca32ad118cd4cef8e14f990
2026-09-04 18:13:39.072740 SoundCore{scbody.dylib}[27259] <NOTICE>: SCBODY HDRSNAP language: en
2026-09-04 18:13:39.072748 SoundCore{scbody.dylib}[27259] <NOTICE>: SCBODY HDRSNAP terminal-id: 31B01C63-15A4-4C25-A7D5-D2D9AD219090
2026-09-04 18:13:39.072757 SoundCore{scbody.dylib}[27259] <NOTICE>: SCBODY HDRSNAP User-Agent: Soundcore-iOS-5.0.02
2026-09-04 18:13:39.072765 SoundCore{scbody.dylib}[27259] <NOTICE>: SCBODY HDRSNAP timezone: America/Los_Angeles
2026-09-04 18:13:39.072780 SoundCore{scbody.dylib}[27259] <NOTICE>: SCBODY HDRSNAP phone_virtual_id: 31B01C63-15A4-4C25-A7D5-D2D9AD219090
2026-09-04 18:13:39.072814 SoundCore{scbody.dylib}[27259] <NOTICE>: SCBODY HDRSNAP AnkerBG: SPEAKER
2026-09-04 18:13:39.072824 SoundCore{scbody.dylib}[27259] <NOTICE>: SCBODY HDRSNAP X-App-Key: soundcore
2026-09-04 18:13:39.072832 SoundCore{scbody.dylib}[27259] <NOTICE>: SCBODY HDRSNAP country: US
2026-09-04 18:13:39.072845 SoundCore{scbody.dylib}[27259] <NOTICE>: SCBODY HDR Transfer-Encoding:
2026-09-04 18:13:39.173150 SoundCore{scbody.dylib}[27259] <NOTICE>: SCBODY CAPTURE #75 src=json url=(none) len=133 score=2 BEGIN
2026-09-04 18:13:39.173166 SoundCore{scbody.dylib}[27259] <NOTICE>: SCBODY #75 seg 1/1 {"res_code":1,"data":{"upgrade_list":[{"needUpdate":false,"lastPackage":null}],"res_code":1,"message":"SUCCESS"},"message":"SUCCESS"}
2026-09-04 18:13:39.173178 SoundCore{scbody.dylib}[27259] <NOTICE>: SCBODY CAPTURE #75 END
2026-09-04 18:13:39.179141 SoundCore{scbody.dylib}[27259] <NOTICE>: SCBODY MODIFY 28 -> 28 bytes
2026-09-04 18:13:39.179160 SoundCore{scbody.dylib}[27259] <NOTICE>: SCBODY CAPTURE #76 src=json-mod url=(none) len=28 score=0 BEGIN
2026-09-04 18:13:39.179184 SoundCore{scbody.dylib}[27259] <NOTICE>: SCBODY #76 seg 1/1 {"firmware_version":"14.42"}
2026-09-04 18:13:39.179214 SoundCore{scbody.dylib}[27259] <NOTICE>: SCBODY CAPTURE #76 END
2026-09-04 18:13:39.181813 SoundCore{scbody.dylib}[27259] <NOTICE>: SCBODY CAPTURE #77 src=json url=(none) len=467 score=2 BEGIN
2026-09-04 18:13:39.181829 SoundCore{scbody.dylib}[27259] <NOTICE>: SCBODY #77 seg 1/3 {"events":[{"value_string":"{\"firmware_version\":\"14.42\"}","module":"OTA","time":"1788570819","mac":"F4:B6:2D:E5:BD:E7","device_id":"","product_code":"A3949"
2026-09-04 18:13:39.181841 SoundCore{scbody.dylib}[27259] <NOTICE>: SCBODY #77 seg 2/3 ,"sn":"3949E7BDE52DB6F4","type":"1","name":"APP_ENTER_OTA_WITHOUT_NEED_UPDATE"}],"country":"US","sys_type":"iOS","http_user_agent":"soundcore-iOS-5.0.02","phone
2026-09-04 18:13:39.181849 SoundCore{scbody.dylib}[27259] <NOTICE>: SCBODY #77 seg 3/3 _model":"iPhone18,5","uuid":"31B01C63-15A4-4C25-A7D5-D2D9AD219090","user_id":"","phone_name":"iPhone","sys_version":"26.5.1","phone_brand":"Apple"}
2026-09-04 18:13:39.181856 SoundCore{scbody.dylib}[27259] <NOTICE>: SCBODY CAPTURE #77 END
2026-09-04 18:13:39.181865 SoundCore{scbody.dylib}[27259] <NOTICE>: SCBODY MODIFY 467 -> 467 bytes
2026-09-04 18:13:39.181874 SoundCore{scbody.dylib}[27259] <NOTICE>: SCBODY CAPTURE #78 src=json-mod url=(none) len=467 score=2 BEGIN
2026-09-04 18:13:39.181883 SoundCore{scbody.dylib}[27259] <NOTICE>: SCBODY #78 seg 1/3 {"events":[{"value_string":"{\"firmware_version\":\"14.42\"}","module":"OTA","time":"1788570819","mac":"F4:B6:2D:E5:BD:E7","device_id":"","product_code":"A3949"
2026-09-04 18:13:39.181905 SoundCore{scbody.dylib}[27259] <NOTICE>: SCBODY #78 seg 2/3 ,"sn":"3949000000000000","type":"1","name":"APP_ENTER_OTA_WITHOUT_NEED_UPDATE"}],"country":"US","sys_type":"iOS","http_user_agent":"soundcore-iOS-5.0.02","phone
2026-09-04 18:13:39.181914 SoundCore{scbody.dylib}[27259] <NOTICE>: SCBODY #78 seg 3/3 _model":"iPhone18,5","uuid":"31B01C63-15A4-4C25-A7D5-D2D9AD219090","user_id":"","phone_name":"iPhone","sys_version":"26.5.1","phone_brand":"Apple"}
2026-09-04 18:13:39.181927 SoundCore{scbody.dylib}[27259] <NOTICE>: SCBODY CAPTURE #78 END
2026-09-04 18:13:39.182073 SoundCore{scbody.dylib}[27259] <NOTICE>: SCBODY CAPTURE #79 src=json url=(none) len=1309 score=2 BEGIN
2026-09-04 18:13:39.182104 SoundCore{scbody.dylib}[27259] <NOTICE>: SCBODY #79 seg 1/9 {"anonymous_id":"25175005-856F-4AAB-A276-01988F6459F5","_track_id":1035725564,"event":"SC_OTA_RESULT","time":1788570819180,"identities":{"$identity_idfv":"34E75
2026-09-04 18:13:39.182115 SoundCore{scbody.dylib}[27259] <NOTICE>: SCBODY #79 seg 2/9 E6C-D52A-428F-877D-1AD51BED73EF","identity_deviceid_sn":"7F4065C3-DF90-4738-8FA5-6BA6B4C35B86||3949E7BDE52DB6F4","$identity_anonymous_id":"25175005-856F-4AAB-A2
2026-09-04 18:13:39.182125 SoundCore{scbody.dylib}[27259] <NOTICE>: SCBODY #79 seg 3/9 76-01988F6459F5"},"lib":{"$lib_version":"4.8.3","$lib":"iOS","$app_version":"5.0.02","$lib_method":"code"},"properties":{"$app_id":"com.oceanwing.SoundCore.G8AW
2026-09-04 18:13:39.182134 SoundCore{scbody.dylib}[27259] <NOTICE>: SCBODY #79 seg 4/9 4BQ7RV","$os":"iOS","$screen_width":390,"$app_version":"5.0.02","country":"US","sn":"3949E7BDE52DB6F4","is_secret":false,"$is_first_day":true,"$model":"iPhone18
2026-09-04 18:13:39.182143 SoundCore{scbody.dylib}[27259] <NOTICE>: SCBODY #79 seg 5/9 ,5","$device_id":"34E75E6C-D52A-428F-877D-1AD51BED73EF","uuid":"7F4065C3-DF90-4738-8FA5-6BA6B4C35B86","requirement_id":478,"$network_type":"WIFI","firmware_vers
2026-09-04 18:13:39.182154 SoundCore{scbody.dylib}[27259] <NOTICE>: SCBODY #79 seg 6/9 ion":"14.43","$app_name":"soundcore","device_id":"7F4065C3-DF90-4738-8FA5-6BA6B4C35B86","$timezone_offset":420,"$wifi":true,"mac":"F4:B6:2D:E5:BD:E7","app_line"
2026-09-04 18:13:39.182164 SoundCore{scbody.dylib}[27259] <NOTICE>: SCBODY #79 seg 7/9 :"SoundCore","$screen_height":844,"track_sign":"aSC_OTA.b130.d133.RESULT.SC_OTA_RESULT","update_version":"","$lib_method":"code","update_type":"headphone","$lib
2026-09-04 18:13:39.182173 SoundCore{scbody.dylib}[27259] <NOTICE>: SCBODY #79 seg 8/9 _version":"4.8.3","$os_version":"26.5.1","$lib":"iOS","$manufacturer":"Apple","product_code":"A3949","is_success":false},"distinct_id":"25175005-856F-4AAB-A276-
2026-09-04 18:13:39.182183 SoundCore{scbody.dylib}[27259] <NOTICE>: SCBODY #79 seg 9/9 01988F6459F5","type":"track"}
2026-09-04 18:13:39.182191 SoundCore{scbody.dylib}[27259] <NOTICE>: SCBODY CAPTURE #79 END
2026-09-04 18:13:39.182200 SoundCore{scbody.dylib}[27259] <NOTICE>: SCBODY MODIFY 1309 -> 1309 bytes
2026-09-04 18:13:39.182376 SoundCore{scbody.dylib}[27259] <NOTICE>: SCBODY CAPTURE #80 src=json-mod url=(none) len=1309 score=2 BEGIN
2026-09-04 18:13:39.182394 SoundCore{scbody.dylib}[27259] <NOTICE>: SCBODY #80 seg 1/9 {"anonymous_id":"25175005-856F-4AAB-A276-01988F6459F5","_track_id":1035725564,"event":"SC_OTA_RESULT","time":1788570819180,"identities":{"$identity_idfv":"34E75
2026-09-04 18:13:39.182404 SoundCore{scbody.dylib}[27259] <NOTICE>: SCBODY #80 seg 2/9 E6C-D52A-428F-877D-1AD51BED73EF","identity_deviceid_sn":"7F4065C3-DF90-4738-8FA5-6BA6B4C35B86||3949E7BDE52DB6F4","$identity_anonymous_id":"25175005-856F-4AAB-A2
2026-09-04 18:13:39.182416 SoundCore{scbody.dylib}[27259] <NOTICE>: SCBODY #80 seg 3/9 76-01988F6459F5"},"lib":{"$lib_version":"4.8.3","$lib":"iOS","$app_version":"5.0.02","$lib_method":"code"},"properties":{"$app_id":"com.oceanwing.SoundCore.G8AW
2026-09-04 18:13:39.182430 SoundCore{scbody.dylib}[27259] <NOTICE>: SCBODY #80 seg 4/9 4BQ7RV","$os":"iOS","$screen_width":390,"$app_version":"5.0.02","country":"US","sn":"3949000000000000","is_secret":false,"$is_first_day":true,"$model":"iPhone18
2026-09-04 18:13:39.182477 SoundCore{scbody.dylib}[27259] <NOTICE>: SCBODY #80 seg 5/9 ,5","$device_id":"34E75E6C-D52A-428F-877D-1AD51BED73EF","uuid":"7F4065C3-DF90-4738-8FA5-6BA6B4C35B86","requirement_id":478,"$network_type":"WIFI","firmware_vers
2026-09-04 18:13:39.182489 SoundCore{scbody.dylib}[27259] <NOTICE>: SCBODY #80 seg 6/9 ion":"14.42","$app_name":"soundcore","device_id":"7F4065C3-DF90-4738-8FA5-6BA6B4C35B86","$timezone_offset":420,"$wifi":true,"mac":"F4:B6:2D:E5:BD:E7","app_line"
2026-09-04 18:13:39.182508 SoundCore{scbody.dylib}[27259] <NOTICE>: SCBODY #80 seg 7/9 :"SoundCore","$screen_height":844,"track_sign":"aSC_OTA.b130.d133.RESULT.SC_OTA_RESULT","update_version":"","$lib_method":"code","update_type":"headphone","$lib
2026-09-04 18:13:39.182516 SoundCore{scbody.dylib}[27259] <NOTICE>: SCBODY #80 seg 8/9 _version":"4.8.3","$os_version":"26.5.1","$lib":"iOS","$manufacturer":"Apple","product_code":"A3949","is_success":false},"distinct_id":"25175005-856F-4AAB-A276-
2026-09-04 18:13:39.182525 SoundCore{scbody.dylib}[27259] <NOTICE>: SCBODY #80 seg 9/9 01988F6459F5","type":"track"}
2026-09-04 18:13:39.182607 SoundCore{scbody.dylib}[27259] <NOTICE>: SCBODY CAPTURE #80 END
2026-09-04 18:13:39.601203 SoundCore{scbody.dylib}[27259] <NOTICE>: SCBODY CAPTURE #81 src=json url=(none) len=1365 score=2 BEGIN
2026-09-04 18:13:39.601217 SoundCore{scbody.dylib}[27259] <NOTICE>: SCBODY #81 seg 1/9 {"anonymous_id":"25175005-856F-4AAB-A276-01988F6459F5","_track_id":4113642250,"event":"$AppPageLeave","time":1788570819597,"identities":{"$identity_idfv":"34E75
2026-09-04 18:13:39.601229 SoundCore{scbody.dylib}[27259] <NOTICE>: SCBODY #81 seg 2/9 E6C-D52A-428F-877D-1AD51BED73EF","identity_deviceid_sn":"7F4065C3-DF90-4738-8FA5-6BA6B4C35B86||3949E7BDE52DB6F4","$identity_anonymous_id":"25175005-856F-4AAB-A2
2026-09-04 18:13:39.601240 SoundCore{scbody.dylib}[27259] <NOTICE>: SCBODY #81 seg 3/9 76-01988F6459F5"},"lib":{"$lib_version":"4.8.3","$lib":"iOS","$app_version":"5.0.02","$lib_method":"code"},"properties":{"$os":"iOS","$app_version":"5.0.02","$s
2026-09-04 18:13:39.601251 SoundCore{scbody.dylib}[27259] <NOTICE>: SCBODY #81 seg 4/9 creen_width":390,"country":"US","$title":"More Settings","sn":"3949E7BDE52DB6F4","is_secret":false,"$is_first_day":true,"$model":"iPhone18,5","$device_id":"34E7
2026-09-04 18:13:39.601263 SoundCore{scbody.dylib}[27259] <NOTICE>: SCBODY #81 seg 5/9 5E6C-D52A-428F-877D-1AD51BED73EF","uuid":"7F4065C3-DF90-4738-8FA5-6BA6B4C35B86","$network_type":"WIFI","firmware_version":"14.43","device_id":"7F4065C3-DF90-473
2026-09-04 18:13:39.601274 SoundCore{scbody.dylib}[27259] <NOTICE>: SCBODY #81 seg 6/9 8-8FA5-6BA6B4C35B86","$app_name":"soundcore","$wifi":true,"$timezone_offset":420,"$url":"SoundCore.SCA3948MoreViewController","mac":"F4:B6:2D:E5:BD:E7","app_lin
2026-09-04 18:13:39.601307 SoundCore{scbody.dylib}[27259] <NOTICE>: SCBODY #81 seg 7/9 e":"SoundCore","$screen_height":844,"$referrer":"SoundCore.SCA3948MainViewController","$lib_method":"code","$screen_name":"SoundCore.SCA3948MoreViewController",
2026-09-04 18:13:39.601320 SoundCore{scbody.dylib}[27259] <NOTICE>: SCBODY #81 seg 8/9 "$lib_version":"4.8.3","$os_version":"26.5.1","$lib":"iOS","$manufacturer":"Apple","product_code":"A3949","event_duration":2.473,"$app_id":"com.oceanwing.SoundC
2026-09-04 18:13:39.601355 SoundCore{scbody.dylib}[27259] <NOTICE>: SCBODY #81 seg 9/9 ore.G8AW4BQ7RV"},"distinct_id":"25175005-856F-4AAB-A276-01988F6459F5","type":"track"}
2026-09-04 18:13:39.601368 SoundCore{scbody.dylib}[27259] <NOTICE>: SCBODY CAPTURE #81 END
2026-09-04 18:13:39.601379 SoundCore{scbody.dylib}[27259] <NOTICE>: SCBODY MODIFY 1365 -> 1365 bytes
2026-09-04 18:13:39.601429 SoundCore{scbody.dylib}[27259] <NOTICE>: SCBODY CAPTURE #82 src=json-mod url=(none) len=1365 score=2 BEGIN
2026-09-04 18:13:39.601466 SoundCore{scbody.dylib}[27259] <NOTICE>: SCBODY #82 seg 1/9 {"anonymous_id":"25175005-856F-4AAB-A276-01988F6459F5","_track_id":4113642250,"event":"$AppPageLeave","time":1788570819597,"identities":{"$identity_idfv":"34E75
2026-09-04 18:13:39.601479 SoundCore{scbody.dylib}[27259] <NOTICE>: SCBODY #82 seg 2/9 E6C-D52A-428F-877D-1AD51BED73EF","identity_deviceid_sn":"7F4065C3-DF90-4738-8FA5-6BA6B4C35B86||3949E7BDE52DB6F4","$identity_anonymous_id":"25175005-856F-4AAB-A2
2026-09-04 18:13:39.601490 SoundCore{scbody.dylib}[27259] <NOTICE>: SCBODY #82 seg 3/9 76-01988F6459F5"},"lib":{"$lib_version":"4.8.3","$lib":"iOS","$app_version":"5.0.02","$lib_method":"code"},"properties":{"$os":"iOS","$app_version":"5.0.02","$s
2026-09-04 18:13:39.601523 SoundCore{scbody.dylib}[27259] <NOTICE>: SCBODY #82 seg 4/9 creen_width":390,"country":"US","$title":"More Settings","sn":"3949000000000000","is_secret":false,"$is_first_day":true,"$model":"iPhone18,5","$device_id":"34E7
2026-09-04 18:13:39.601537 SoundCore{scbody.dylib}[27259] <NOTICE>: SCBODY #82 seg 5/9 5E6C-D52A-428F-877D-1AD51BED73EF","uuid":"7F4065C3-DF90-4738-8FA5-6BA6B4C35B86","$network_type":"WIFI","firmware_version":"14.42","device_id":"7F4065C3-DF90-473
2026-09-04 18:13:39.601553 SoundCore{scbody.dylib}[27259] <NOTICE>: SCBODY #82 seg 6/9 8-8FA5-6BA6B4C35B86","$app_name":"soundcore","$wifi":true,"$timezone_offset":420,"$url":"SoundCore.SCA3948MoreViewController","mac":"F4:B6:2D:E5:BD:E7","app_lin
2026-09-04 18:13:39.601565 SoundCore{scbody.dylib}[27259] <NOTICE>: SCBODY #82 seg 7/9 e":"SoundCore","$screen_height":844,"$referrer":"SoundCore.SCA3948MainViewController","$lib_method":"code","$screen_name":"SoundCore.SCA3948MoreViewController",
2026-09-04 18:13:39.601579 SoundCore{scbody.dylib}[27259] <NOTICE>: SCBODY #82 seg 8/9 "$lib_version":"4.8.3","$os_version":"26.5.1","$lib":"iOS","$manufacturer":"Apple","product_code":"A3949","event_duration":2.473,"$app_id":"com.oceanwing.SoundC
2026-09-04 18:13:39.601591 SoundCore{scbody.dylib}[27259] <NOTICE>: SCBODY #82 seg 9/9 ore.G8AW4BQ7RV"},"distinct_id":"25175005-856F-4AAB-A276-01988F6459F5","type":"track"}
2026-09-04 18:13:39.601603 SoundCore{scbody.dylib}[27259] <NOTICE>: SCBODY CAPTURE #82 END
2026-09-04 18:13:39.610207 SoundCore{scbody.dylib}[27259] <NOTICE>: SCBODY CAPTURE #83 src=json url=(none) len=1453 score=2 BEGIN
2026-09-04 18:13:39.610240 SoundCore{scbody.dylib}[27259] <NOTICE>: SCBODY #83 seg 1/10 {"anonymous_id":"25175005-856F-4AAB-A276-01988F6459F5","_track_id":3753389901,"event":"$AppViewScreen","time":1788570819599,"identities":{"$identity_idfv":"34E7
2026-09-04 18:13:39.610284 SoundCore{scbody.dylib}[27259] <NOTICE>: SCBODY #83 seg 2/10 5E6C-D52A-428F-877D-1AD51BED73EF","identity_deviceid_sn":"7F4065C3-DF90-4738-8FA5-6BA6B4C35B86||3949E7BDE52DB6F4","$identity_anonymous_id":"25175005-856F-4AAB-A
2026-09-04 18:13:39.610312 SoundCore{scbody.dylib}[27259] <NOTICE>: SCBODY #83 seg 3/10 276-01988F6459F5"},"lib":{"$lib_method":"autoTrack","$lib_version":"4.8.3","$lib":"iOS","$lib_detail":"ModuleOTA.SCUpdateCheckViewController######","$app_versio
2026-09-04 18:13:39.610324 SoundCore{scbody.dylib}[27259] <NOTICE>: SCBODY #83 seg 4/10 n":"5.0.02"},"properties":{"$os":"iOS","$app_version":"5.0.02","$screen_width":390,"country":"US","$title":"Update Firmware","sn":"3949E7BDE52DB6F4","is_secret"
2026-09-04 18:13:39.610338 SoundCore{scbody.dylib}[27259] <NOTICE>: SCBODY #83 seg 5/10 :false,"$is_first_day":true,"$model":"iPhone18,5","$device_id":"34E75E6C-D52A-428F-877D-1AD51BED73EF","uuid":"7F4065C3-DF90-4738-8FA5-6BA6B4C35B86","$network_ty
2026-09-04 18:13:39.610349 SoundCore{scbody.dylib}[27259] <NOTICE>: SCBODY #83 seg 6/10 pe":"WIFI","firmware_version":"14.43","device_id":"7F4065C3-DF90-4738-8FA5-6BA6B4C35B86","$app_name":"soundcore","$wifi":true,"$timezone_offset":420,"$url":"Mod
2026-09-04 18:13:39.610358 SoundCore{scbody.dylib}[27259] <NOTICE>: SCBODY #83 seg 7/10 uleOTA.SCUpdateCheckViewController","mac":"F4:B6:2D:E5:BD:E7","app_line":"SoundCore","$referrer_title":"More Settings","$screen_height":844,"$referrer":"SoundCo
2026-09-04 18:13:39.610389 SoundCore{scbody.dylib}[27259] <NOTICE>: SCBODY #83 seg 8/10 re.SCA3948MoreViewController","$lib_method":"autoTrack","$screen_name":"ModuleOTA.SCUpdateCheckViewController","$lib_version":"4.8.3","$os_version":"26.5.1","$l
2026-09-04 18:13:39.610400 SoundCore{scbody.dylib}[27259] <NOTICE>: SCBODY #83 seg 9/10 ib":"iOS","$manufacturer":"Apple","product_code":"A3949","$app_id":"com.oceanwing.SoundCore.G8AW4BQ7RV"},"distinct_id":"25175005-856F-4AAB-A276-01988F6459F5","t
2026-09-04 18:13:39.610417 SoundCore{scbody.dylib}[27259] <NOTICE>: SCBODY #83 seg 10/10 ype":"track"}
2026-09-04 18:13:39.610427 SoundCore{scbody.dylib}[27259] <NOTICE>: SCBODY CAPTURE #83 END
2026-09-04 18:13:39.610448 SoundCore{scbody.dylib}[27259] <NOTICE>: SCBODY MODIFY 1453 -> 1453 bytes
2026-09-04 18:13:39.610526 SoundCore{scbody.dylib}[27259] <NOTICE>: SCBODY CAPTURE #84 src=json-mod url=(none) len=1453 score=2 BEGIN
2026-09-04 18:13:39.610539 SoundCore{scbody.dylib}[27259] <NOTICE>: SCBODY #84 seg 1/10 {"anonymous_id":"25175005-856F-4AAB-A276-01988F6459F5","_track_id":3753389901,"event":"$AppViewScreen","time":1788570819599,"identities":{"$identity_idfv":"34E7
2026-09-04 18:13:39.610551 SoundCore{scbody.dylib}[27259] <NOTICE>: SCBODY #84 seg 2/10 5E6C-D52A-428F-877D-1AD51BED73EF","identity_deviceid_sn":"7F4065C3-DF90-4738-8FA5-6BA6B4C35B86||3949E7BDE52DB6F4","$identity_anonymous_id":"25175005-856F-4AAB-A
2026-09-04 18:13:39.610561 SoundCore{scbody.dylib}[27259] <NOTICE>: SCBODY #84 seg 3/10 276-01988F6459F5"},"lib":{"$lib_method":"autoTrack","$lib_version":"4.8.3","$lib":"iOS","$lib_detail":"ModuleOTA.SCUpdateCheckViewController######","$app_versio
2026-09-04 18:13:39.610573 SoundCore{scbody.dylib}[27259] <NOTICE>: SCBODY #84 seg 4/10 n":"5.0.02"},"properties":{"$os":"iOS","$app_version":"5.0.02","$screen_width":390,"country":"US","$title":"Update Firmware","sn":"3949000000000000","is_secret"
2026-09-04 18:13:39.610584 SoundCore{scbody.dylib}[27259] <NOTICE>: SCBODY #84 seg 5/10 :false,"$is_first_day":true,"$model":"iPhone18,5","$device_id":"34E75E6C-D52A-428F-877D-1AD51BED73EF","uuid":"7F4065C3-DF90-4738-8FA5-6BA6B4C35B86","$network_ty
2026-09-04 18:13:39.610618 SoundCore{scbody.dylib}[27259] <NOTICE>: SCBODY #84 seg 6/10 pe":"WIFI","firmware_version":"14.42","device_id":"7F4065C3-DF90-4738-8FA5-6BA6B4C35B86","$app_name":"soundcore","$wifi":true,"$timezone_offset":420,"$url":"Mod
2026-09-04 18:13:39.610631 SoundCore{scbody.dylib}[27259] <NOTICE>: SCBODY #84 seg 7/10 uleOTA.SCUpdateCheckViewController","mac":"F4:B6:2D:E5:BD:E7","app_line":"SoundCore","$referrer_title":"More Settings","$screen_height":844,"$referrer":"SoundCo
2026-09-04 18:13:39.610641 SoundCore{scbody.dylib}[27259] <NOTICE>: SCBODY #84 seg 8/10 re.SCA3948MoreViewController","$lib_method":"autoTrack","$screen_name":"ModuleOTA.SCUpdateCheckViewController","$lib_version":"4.8.3","$os_version":"26.5.1","$l
2026-09-04 18:13:39.610651 SoundCore{scbody.dylib}[27259] <NOTICE>: SCBODY #84 seg 9/10 ib":"iOS","$manufacturer":"Apple","product_code":"A3949","$app_id":"com.oceanwing.SoundCore.G8AW4BQ7RV"},"distinct_id":"25175005-856F-4AAB-A276-01988F6459F5","t
2026-09-04 18:13:39.610661 SoundCore{scbody.dylib}[27259] <NOTICE>: SCBODY #84 seg 10/10 ype":"track"}
2026-09-04 18:13:39.610673 SoundCore{scbody.dylib}[27259] <NOTICE>: SCBODY CAPTURE #84 END
2026-09-04 18:13:43.451620 SoundCore{scbody.dylib}[27259] <NOTICE>: SCBODY CAPTURE #85 src=json url=(none) len=1199 score=2 BEGIN
2026-09-04 18:13:43.451723 SoundCore{scbody.dylib}[27259] <NOTICE>: SCBODY #85 seg 1/8 {"anonymous_id":"25175005-856F-4AAB-A276-01988F6459F5","_track_id":3608349845,"event":"$BindID","time":1788570811834,"identities":{"$identity_idfv":"34E75E6C-D5
2026-09-04 18:13:43.451767 SoundCore{scbody.dylib}[27259] <NOTICE>: SCBODY #85 seg 2/8 2A-428F-877D-1AD51BED73EF","$identity_anonymous_id":"25175005-856F-4AAB-A276-01988F6459F5","identity_deviceid_sn":"7F4065C3-DF90-4738-8FA5-6BA6B4C35B86||3949E7B
2026-09-04 18:13:43.451802 SoundCore{scbody.dylib}[27259] <NOTICE>: SCBODY #85 seg 3/8 DE52DB6F4"},"lib":{"$lib_version":"4.8.3","$lib":"iOS","$app_version":"5.0.02","$lib_method":"code"},"properties":{"$os":"iOS","$screen_width":390,"$app_version
2026-09-04 18:13:43.451825 SoundCore{scbody.dylib}[27259] <NOTICE>: SCBODY #85 seg 4/8 ":"5.0.02","country":"US","sn":"3949000000000000","is_secret":false,"$is_first_day":true,"$model":"iPhone18,5","$device_id":"34E75E6C-D52A-428F-877D-1AD51BED73E
2026-09-04 18:13:43.451837 SoundCore{scbody.dylib}[27259] <NOTICE>: SCBODY #85 seg 5/8 F","uuid":"7F4065C3-DF90-4738-8FA5-6BA6B4C35B86","$network_type":"WIFI","firmware_version":"14.42","device_id":"7F4065C3-DF90-4738-8FA5-6BA6B4C35B86","$app_name
2026-09-04 18:13:43.451847 SoundCore{scbody.dylib}[27259] <NOTICE>: SCBODY #85 seg 6/8 ":"soundcore","$wifi":true,"$timezone_offset":420,"mac":"F4:B6:2D:E5:BD:E7","app_line":"SoundCore","$screen_height":844,"$lib_method":"code","$lib_version":"4.8
2026-09-04 18:13:43.451856 SoundCore{scbody.dylib}[27259] <NOTICE>: SCBODY #85 seg 7/8 .3","$os_version":"26.5.1","$lib":"iOS","$manufacturer":"Apple","product_code":"A3949","$app_id":"com.oceanwing.SoundCore.G8AW4BQ7RV"},"distinct_id":"25175005-8
2026-09-04 18:13:43.451887 SoundCore{scbody.dylib}[27259] <NOTICE>: SCBODY #85 seg 8/8 56F-4AAB-A276-01988F6459F5","type":"track_id_bind","_flush_time":1788570823451}
2026-09-04 18:13:43.451902 SoundCore{scbody.dylib}[27259] <NOTICE>: SCBODY CAPTURE #85 END
2026-09-04 18:13:43.452294 SoundCore{scbody.dylib}[27259] <NOTICE>: SCBODY CAPTURE #86 src=json url=(none) len=4051 score=2 BEGIN
2026-09-04 18:13:43.452356 SoundCore{scbody.dylib}[27259] <NOTICE>: SCBODY #86 seg 1/26 {"events":[{"value_string":"{\"num\":\"1\",\"code\":\"A3949\",\"new_pn\":\"\"}","module":"RECOMMENDED_DEVICE","product_code":"none","mac":"","time":"1788570795"
2026-09-04 18:13:43.452415 SoundCore{scbody.dylib}[27259] <NOTICE>: SCBODY #86 seg 2/26 ,"device_id":"","sn":"","type":"1","name":"RECOMMENDED_NEW_DEVICE_CONNECTION"},{"value_string":"A3949","module":"RECOMMENDED_DEVICE","product_code":"A3949","mac
2026-09-04 18:13:43.452490 SoundCore{scbody.dylib}[27259] <NOTICE>: SCBODY #86 seg 3/26 ":"","time":"1788570811","device_id":"","sn":"","type":"0","name":"NEW_DEVICE_CONNECTION_CLICK_GO"},{"value_string":"00010303000031342e343331342e343333393439453
2026-09-04 18:13:43.452522 SoundCore{scbody.dylib}[27259] <NOTICE>: SCBODY #86 seg 4/26 742444535324442364634000078787878787878780000000000000000000000000e016601660132013301210120ffffff610001ffffffffffffffffffffffffffffffbb","module":"HOME_PAGE","p
2026-09-04 18:13:43.452536 SoundCore{scbody.dylib}[27259] <NOTICE>: SCBODY #86 seg 5/26 roduct_code":"A3949","device_id":"","time":"1788570811","mac":"F4:B6:2D:E5:BD:E7","sn":"","type":"1","name":"DEV_DATA_COMMAND_ALL_INFO"},{"value_string":"{\"typ
2026-09-04 18:13:43.452547 SoundCore{scbody.dylib}[27259] <NOTICE>: SCBODY #86 seg 6/26 e\":\"nps\"}","module":"POP","product_code":"A3949","mac":"F4:B6:2D:E5:BD:E7","time":"1788570811","device_id":"","sn":"3949000000000000","type":"1","name":"APP_
2026-09-04 18:13:43.452558 SoundCore{scbody.dylib}[27259] <NOTICE>: SCBODY #86 seg 7/26 POP_REQUEST"},{"value_string":"{\"res_code\":1,\"content\":{\"num\":0,\"state\":\"\",\"delay\":0},\"product_code\":\"\",\"id\":0,\"open_browser\":0,\"message\":
2026-09-04 18:13:43.452746 SoundCore{scbody.dylib}[27259] <NOTICE>: SCBODY #86 seg 8/26 \"SUCCESS\",\"is_need\":false,\"type\":\"\",\"url\":{\"web\":\"\",\"app\":\"\",\"share\":\"\"}}","module":"POP","product_code":"A3949","mac":"F4:B6:2D:E5:BD:E7"
2026-09-04 18:13:43.452768 SoundCore{scbody.dylib}[27259] <NOTICE>: SCBODY #86 seg 9/26 ,"time":"1788570811","device_id":"","sn":"3949000000000000","type":"1","name":"APP_POP_REQUEST_FAIL"},{"value_string":"0200000003039a00110900000100a6000000d9000
2026-09-04 18:13:43.452803 SoundCore{scbody.dylib}[27259] <NOTICE>: SCBODY #86 seg 10/26 00017000000000000000100000000000000010000008900000000000000000000000a000000130000000000000056","module":"COMMON","product_code":"A3949","mac":"F4:B6:2D:E5:BD:E7
2026-09-04 18:13:43.452839 SoundCore{scbody.dylib}[27259] <NOTICE>: SCBODY #86 seg 11/26 ","time":"1788570811","device_id":"","sn":"3949000000000000","type":"1","name":"DEV_USE_INFO"},{"value_string":"{\"type\":\"all\"}","module":"POP","product_code
2026-09-04 18:13:43.452851 SoundCore{scbody.dylib}[27259] <NOTICE>: SCBODY #86 seg 12/26 ":"A3949","device_id":"","time":"1788570812","mac":"F4:B6:2D:E5:BD:E7","sn":"3949000000000000","type":"1","name":"APP_POP_REQUEST"},{"value_string":"{\"res_code
2026-09-04 18:13:43.452879 SoundCore{scbody.dylib}[27259] <NOTICE>: SCBODY #86 seg 13/26 \":1,\"content\":{\"num\":1,\"state\":\"3051163_init\",\"delay\":0,\"pop_ups\":[{\"floating_window\":{},\"state\":\"3051163_init\",\"title\":\"\",\"content\":\"
2026-09-04 18:13:43.452890 SoundCore{scbody.dylib}[27259] <NOTICE>: SCBODY #86 seg 14/26 \",\"img\":{\"type\":\"\",\"is_zoom\":false,\"width\":912,\"url\":\"https:\\\/\\\/d2htfo7ft368vg.cloudfront.net\\\/pop_up\\\/prod\\\/1788252317165203_20260901-1
2026-09-04 18:13:43.452899 SoundCore{scbody.dylib}[27259] <NOTICE>: SCBODY #86 seg 15/26 60348.png\",\"height\":1170}}]},\"product_code\":\"A3004,A3004311,A3004C,A3005,A3012,A3025,A3027,A3028,A3028CC,A3029,A3029XR,A3030,A3033,A3033EU,A3035,A3035CS,A
2026-09-04 18:13:43.452909 SoundCore{scbody.dylib}[27259] <NOTICE>: SCBODY #86 seg 16/26 3040,A3045,A3045ZA1,A3062,A3116,A3117,A3118,A3119,A3123,A3125,A3126,A3127,A3129,A3130,A3131,A3133,A3134,A3134Z11,A3135,A3136,A3138,A3138J11,A3145,A3148,A3161,A3
2026-09-04 18:13:43.452919 SoundCore{scbody.dylib}[27259] <NOTICE>: SCBODY #86 seg 17/26 162,A3163,A3165,A3166,A3167,A3171,A3172,A31A3,A31A3012,A31X1,A3201,A3300,A3301,A3302,A3330,A3331,A3372,A3388,A3388P42,A3390,A3390E,A3390J,A3391,A3391E,A3392,A33
2026-09-04 18:13:43.452929 SoundCore{scbody.dylib}[27259] <NOTICE>: SCBODY #86 seg 18/26 93,A3395,A3396,A3399,A33A0,A33A1,A33A1J11,A3561,A3600,A3850,A3850Dongle,A3871,A3872,A3873,A3874,A3874X,A3875,A3876,A3878,A3909,A3910,A3913,A3926,A3926Z11,A3927,
2026-09-04 18:13:43.452956 SoundCore{scbody.dylib}[27259] <NOTICE>: SCBODY #86 seg 19/26 A3927EU,A3930,A3931,A3931XR,A3933,A3935,A3935W,A3936,A3937,A3939,A3939WEU,A3943,A3944,A3944EU,A3945,A3947,A3948,A3948A25,A3949,A3949P25,A3949R50,A3951,A3952,A39
2026-09-04 18:13:43.452967 SoundCore{scbody.dylib}[27259] <NOTICE>: SCBODY #86 seg 20/26 53,A3954,A3955,A3957,A3958,A3959,A3959R50,A3961,A3968,A3969,A3982,A3982EU,A3983,A3983EU,A3992,A3992EU,A3993,A3993EU,A3994,D1101,D1105,D1200,D1202,D1202C,D1203,D
2026-09-04 18:13:43.453119 SoundCore{scbody.dylib}[27259] <NOTICE>: SCBODY #86 seg 21/26 1204,D1204-Box,D1205,D1206,D1402,D1404,D1406,D3200,D5100,D5103,Z2010,Z5180,Z6010 ,Z6110,Z6111\",\"id\":3051163,\"open_browser\":1,\"message\":\"SUCCESS\",\"is_n
2026-09-04 18:13:43.453209 SoundCore{scbody.dylib}[27259] <NOTICE>: SCBODY #86 seg 22/26 eed\":true,\"type\":\"img\",\"url\":{\"web\":\"https:\\\/\\\/service.soundcore.com\\\/article-description\\\/How-to-Register-Your-E-Warranty-Card-in-the-Soundco
2026-09-04 18:13:43.453237 SoundCore{scbody.dylib}[27259] <NOTICE>: SCBODY #86 seg 23/26 re-App?device_sn=3949E7BDE52DB6F4&ref=search&terminal_id=31B01C63-15A4-4C25-A7D5-D2D9AD219090&user_id=\",\"app\":\"\",\"share\":\"\"}}","module":"POP","product_
2026-09-04 18:13:43.453264 SoundCore{scbody.dylib}[27259] <NOTICE>: SCBODY #86 seg 24/26 code":"A3949","mac":"F4:B6:2D:E5:BD:E7","time":"1788570812","device_id":"","sn":"3949000000000000","type":"1","name":"APP_POP_REQUEST_SUCCESS"}],"country":"US",
2026-09-04 18:13:43.453276 SoundCore{scbody.dylib}[27259] <NOTICE>: SCBODY #86 seg 25/26 "sys_type":"iOS","http_user_agent":"soundcore-iOS-5.0.02","phone_model":"iPhone18,5","uuid":"31B01C63-15A4-4C25-A7D5-D2D9AD219090","user_id":"","phone_name":"iP
2026-09-04 18:13:43.453286 SoundCore{scbody.dylib}[27259] <NOTICE>: SCBODY #86 seg 26/26 hone","sys_version":"26.5.1","phone_brand":"Apple"}
2026-09-04 18:13:43.453301 SoundCore{scbody.dylib}[27259] <NOTICE>: SCBODY CAPTURE #86 END
2026-09-04 18:13:43.453317 SoundCore{scbody.dylib}[27259] <NOTICE>: SCBODY CAPTURE #87 src=json url=(none) len=1308 score=2 BEGIN
2026-09-04 18:13:43.453328 SoundCore{scbody.dylib}[27259] <NOTICE>: SCBODY #87 seg 1/9 {"anonymous_id":"25175005-856F-4AAB-A276-01988F6459F5","_track_id":3381047766,"event":"SC_HOME_DEVICE_RESULT","time":1788570811837,"identities":{"$identity_idfv
2026-09-04 18:13:43.453355 SoundCore{scbody.dylib}[27259] <NOTICE>: SCBODY #87 seg 2/9 ":"34E75E6C-D52A-428F-877D-1AD51BED73EF","$identity_anonymous_id":"25175005-856F-4AAB-A276-01988F6459F5","identity_deviceid_sn":"7F4065C3-DF90-4738-8FA5-6BA6B4C
2026-09-04 18:13:43.453366 SoundCore{scbody.dylib}[27259] <NOTICE>: SCBODY #87 seg 3/9 35B86||3949E7BDE52DB6F4"},"lib":{"$lib_version":"4.8.3","$lib":"iOS","$app_version":"5.0.02","$lib_method":"code"},"properties":{"$os":"iOS","$app_id":"com.ocea
2026-09-04 18:13:43.453392 SoundCore{scbody.dylib}[27259] <NOTICE>: SCBODY #87 seg 4/9 nwing.SoundCore.G8AW4BQ7RV","$screen_width":390,"$app_version":"5.0.02","country":"US","sn":"3949000000000000","is_secret":false,"$is_first_day":true,"$model":"
2026-09-04 18:13:43.453403 SoundCore{scbody.dylib}[27259] <NOTICE>: SCBODY #87 seg 5/9 iPhone18,5","$device_id":"34E75E6C-D52A-428F-877D-1AD51BED73EF","uuid":"7F4065C3-DF90-4738-8FA5-6BA6B4C35B86","requirement_id":1,"$network_type":"WIFI","firmwar
2026-09-04 18:13:43.453413 SoundCore{scbody.dylib}[27259] <NOTICE>: SCBODY #87 seg 6/9 e_version":"14.42","$app_name":"soundcore","$wifi":true,"device_id":"7F4065C3-DF90-4738-8FA5-6BA6B4C35B86","$timezone_offset":420,"mac":"F4:B6:2D:E5:BD:E7","app
2026-09-04 18:13:43.453426 SoundCore{scbody.dylib}[27259] <NOTICE>: SCBODY #87 seg 7/9 _line":"SoundCore","$screen_height":844,"track_sign":"aSC_HOME_DEVICE.b3.d4.RESULT.SC_HOME_DEVICE_RESULT","$lib_method":"code","$lib_version":"4.8.3","$os_versi
2026-09-04 18:13:43.453442 SoundCore{scbody.dylib}[27259] <NOTICE>: SCBODY #87 seg 8/9 on":"26.5.1","$lib":"iOS","$manufacturer":"Apple","product_code":"A3949","is_success":true},"distinct_id":"25175005-856F-4AAB-A276-01988F6459F5","type":"track",
2026-09-04 18:13:43.453452 SoundCore{scbody.dylib}[27259] <NOTICE>: SCBODY #87 seg 9/9 "_flush_time":1788570823452}
2026-09-04 18:13:43.453465 SoundCore{scbody.dylib}[27259] <NOTICE>: SCBODY CAPTURE #87 END
2026-09-04 18:13:43.453493 SoundCore{scbody.dylib}[27259] <NOTICE>: SCBODY CAPTURE #88 src=json url=(none) len=1423 score=2 BEGIN
2026-09-04 18:13:43.453603 SoundCore{scbody.dylib}[27259] <NOTICE>: SCBODY #88 seg 1/9 {"anonymous_id":"25175005-856F-4AAB-A276-01988F6459F5","_track_id":4173283502,"event":"$AppViewScreen","time":1788570812021,"identities":{"$identity_idfv":"34E7
2026-09-04 18:13:43.453616 SoundCore{scbody.dylib}[27259] <NOTICE>: SCBODY #88 seg 2/9 5E6C-D52A-428F-877D-1AD51BED73EF","$identity_anonymous_id":"25175005-856F-4AAB-A276-01988F6459F5","identity_deviceid_sn":"7F4065C3-DF90-4738-8FA5-6BA6B4C35B86||
2026-09-04 18:13:43.453715 SoundCore{scbody.dylib}[27259] <NOTICE>: SCBODY #88 seg 3/9 3949E7BDE52DB6F4"},"lib":{"$lib_detail":"SoundCore.SCA3948MainViewController######","$lib_version":"4.8.3","$lib":"iOS","$app_version":"5.0.02","$lib_method":"a
2026-09-04 18:13:43.453733 SoundCore{scbody.dylib}[27259] <NOTICE>: SCBODY #88 seg 4/9 utoTrack"},"properties":{"$os":"iOS","$screen_width":390,"$app_version":"5.0.02","country":"US","sn":"3949000000000000","is_secret":false,"$is_first_day":true,"
2026-09-04 18:13:43.453829 SoundCore{scbody.dylib}[27259] <NOTICE>: SCBODY #88 seg 5/9 $model":"iPhone18,5","$device_id":"34E75E6C-D52A-428F-877D-1AD51BED73EF","uuid":"7F4065C3-DF90-4738-8FA5-6BA6B4C35B86","$network_type":"WIFI","firmware_version"
2026-09-04 18:13:43.453842 SoundCore{scbody.dylib}[27259] <NOTICE>: SCBODY #88 seg 6/9 :"14.42","device_id":"7F4065C3-DF90-4738-8FA5-6BA6B4C35B86","$app_name":"soundcore","$wifi":true,"$timezone_offset":420,"$url":"SoundCore.SCA3948MainViewControl
2026-09-04 18:13:43.453852 SoundCore{scbody.dylib}[27259] <NOTICE>: SCBODY #88 seg 7/9 ler","mac":"F4:B6:2D:E5:BD:E7","app_line":"SoundCore","$screen_height":844,"$referrer":"ModuleConnect.SCRePairingRightViewController","$lib_method":"autoTrack",
2026-09-04 18:13:43.453879 SoundCore{scbody.dylib}[27259] <NOTICE>: SCBODY #88 seg 8/9 "$screen_name":"SoundCore.SCA3948MainViewController","$lib_version":"4.8.3","$os_version":"26.5.1","$lib":"iOS","$manufacturer":"Apple","product_code":"A3949","
2026-09-04 18:13:43.453890 SoundCore{scbody.dylib}[27259] <NOTICE>: SCBODY #88 seg 9/9 $app_id":"com.oceanwing.SoundCore.G8AW4BQ7RV"},"distinct_id":"25175005-856F-4AAB-A276-01988F6459F5","type":"track","_flush_time":1788570823452}
2026-09-04 18:13:43.453916 SoundCore{scbody.dylib}[27259] <NOTICE>: SCBODY CAPTURE #88 END
2026-09-04 18:13:43.453929 SoundCore{scbody.dylib}[27259] <NOTICE>: SCBODY CAPTURE #89 src=json url=(none) len=1370 score=2 BEGIN
2026-09-04 18:13:43.453939 SoundCore{scbody.dylib}[27259] <NOTICE>: SCBODY #89 seg 1/9 {"anonymous_id":"25175005-856F-4AAB-A276-01988F6459F5","_track_id":3951024226,"event":"$AppPageLeave","time":1788570812022,"identities":{"$identity_idfv":"34E75
2026-09-04 18:13:43.453951 SoundCore{scbody.dylib}[27259] <NOTICE>: SCBODY #89 seg 2/9 E6C-D52A-428F-877D-1AD51BED73EF","$identity_anonymous_id":"25175005-856F-4AAB-A276-01988F6459F5","identity_deviceid_sn":"7F4065C3-DF90-4738-8FA5-6BA6B4C35B86||3
2026-09-04 18:13:43.453961 SoundCore{scbody.dylib}[27259] <NOTICE>: SCBODY #89 seg 3/9 949E7BDE52DB6F4"},"lib":{"$lib_version":"4.8.3","$lib":"iOS","$app_version":"5.0.02","$lib_method":"code"},"properties":{"$os":"iOS","$screen_width":390,"$app_v
2026-09-04 18:13:43.453970 SoundCore{scbody.dylib}[27259] <NOTICE>: SCBODY #89 seg 4/9 ersion":"5.0.02","country":"US","sn":"3949000000000000","is_secret":false,"$is_first_day":true,"$model":"iPhone18,5","$device_id":"34E75E6C-D52A-428F-877D-1AD51
2026-09-04 18:13:43.453980 SoundCore{scbody.dylib}[27259] <NOTICE>: SCBODY #89 seg 5/9 BED73EF","uuid":"7F4065C3-DF90-4738-8FA5-6BA6B4C35B86","$network_type":"WIFI","firmware_version":"14.42","device_id":"7F4065C3-DF90-4738-8FA5-6BA6B4C35B86","$ap
2026-09-04 18:13:43.453989 SoundCore{scbody.dylib}[27259] <NOTICE>: SCBODY #89 seg 6/9 p_name":"soundcore","$wifi":true,"$timezone_offset":420,"$url":"ModuleConnect.SCRootViewController","mac":"F4:B6:2D:E5:BD:E7","app_line":"SoundCore","$screen_he
2026-09-04 18:13:43.454034 SoundCore{scbody.dylib}[27259] <NOTICE>: SCBODY #89 seg 7/9 ight":844,"$referrer":"ModuleUserCenter.SCLoginViewController","$lib_method":"code","$screen_name":"ModuleConnect.SCRootViewController","$lib_version":"4.8.3","
2026-09-04 18:13:43.454045 SoundCore{scbody.dylib}[27259] <NOTICE>: SCBODY #89 seg 8/9 $os_version":"26.5.1","$lib":"iOS","$manufacturer":"Apple","product_code":"A3949","event_duration":35.611,"$app_id":"com.oceanwing.SoundCore.G8AW4BQ7RV"},"disti
2026-09-04 18:13:43.454056 SoundCore{scbody.dylib}[27259] <NOTICE>: SCBODY #89 seg 9/9 nct_id":"25175005-856F-4AAB-A276-01988F6459F5","type":"track","_flush_time":1788570823453}
2026-09-04 18:13:43.454140 SoundCore{scbody.dylib}[27259] <NOTICE>: SCBODY CAPTURE #89 END
2026-09-04 18:13:43.454197 SoundCore{scbody.dylib}[27259] <NOTICE>: SCBODY CAPTURE #90 src=json url=(none) len=1336 score=2 BEGIN
2026-09-04 18:13:43.454208 SoundCore{scbody.dylib}[27259] <NOTICE>: SCBODY #90 seg 1/9 {"anonymous_id":"25175005-856F-4AAB-A276-01988F6459F5","_track_id":193200845,"event":"SC_MARKETING_EXPOSURE","time":1788570812226,"identities":{"$identity_idfv"
2026-09-04 18:13:43.454218 SoundCore{scbody.dylib}[27259] <NOTICE>: SCBODY #90 seg 2/9 :"34E75E6C-D52A-428F-877D-1AD51BED73EF","$identity_anonymous_id":"25175005-856F-4AAB-A276-01988F6459F5","identity_deviceid_sn":"7F4065C3-DF90-4738-8FA5-6BA6B4C3
2026-09-04 18:13:43.454228 SoundCore{scbody.dylib}[27259] <NOTICE>: SCBODY #90 seg 3/9 5B86||3949E7BDE52DB6F4"},"lib":{"$lib_version":"4.8.3","$lib":"iOS","$app_version":"5.0.02","$lib_method":"code"},"properties":{"$os":"iOS","$screen_width":390,
2026-09-04 18:13:43.454238 SoundCore{scbody.dylib}[27259] <NOTICE>: SCBODY #90 seg 4/9 "button_name":"pop_up","$app_version":"5.0.02","task_id":3051163,"country":"US","is_secret":false,"sn":"3949000000000000","$is_first_day":true,"$model":"iPhone1
2026-09-04 18:13:43.454248 SoundCore{scbody.dylib}[27259] <NOTICE>: SCBODY #90 seg 5/9 8,5","$device_id":"34E75E6C-D52A-428F-877D-1AD51BED73EF","uuid":"7F4065C3-DF90-4738-8FA5-6BA6B4C35B86","requirement_id":194,"$timezone_offset":420,"$network_typ
2026-09-04 18:13:43.454262 SoundCore{scbody.dylib}[27259] <NOTICE>: SCBODY #90 seg 6/9 e":"WIFI","firmware_version":"14.42","$app_name":"soundcore","$wifi":true,"device_id":"7F4065C3-DF90-4738-8FA5-6BA6B4C35B86","mac":"F4:B6:2D:E5:BD:E7","app_line
2026-09-04 18:13:43.454272 SoundCore{scbody.dylib}[27259] <NOTICE>: SCBODY #90 seg 7/9 ":"SoundCore","$screen_height":844,"track_sign":"aSC_MARKETING.b483.d485.EXPOSURE.SC_MARKETING_EXPOSURE","$lib_method":"code","$lib_version":"4.8.3","$os_versio
2026-09-04 18:13:43.454301 SoundCore{scbody.dylib}[27259] <NOTICE>: SCBODY #90 seg 8/9 n":"26.5.1","$lib":"iOS","$manufacturer":"Apple","product_code":"A3949","$app_id":"com.oceanwing.SoundCore.G8AW4BQ7RV"},"distinct_id":"25175005-856F-4AAB-A276-0
2026-09-04 18:13:43.454315 SoundCore{scbody.dylib}[27259] <NOTICE>: SCBODY #90 seg 9/9 1988F6459F5","type":"track","_flush_time":1788570823453}
2026-09-04 18:13:43.454487 SoundCore{scbody.dylib}[27259] <NOTICE>: SCBODY CAPTURE #90 END
2026-09-04 18:13:43.454808 SoundCore{scbody.dylib}[27259] <NOTICE>: SCBODY CAPTURE #91 src=json url=(none) len=1341 score=2 BEGIN
2026-09-04 18:13:43.454845 SoundCore{scbody.dylib}[27259] <NOTICE>: SCBODY #91 seg 1/9 {"anonymous_id":"25175005-856F-4AAB-A276-01988F6459F5","_track_id":2285315808,"event":"$AppClick","time":1788570813971,"identities":{"$identity_idfv":"34E75E6C-
2026-09-04 18:13:43.454872 SoundCore{scbody.dylib}[27259] <NOTICE>: SCBODY #91 seg 2/9 D52A-428F-877D-1AD51BED73EF","$identity_anonymous_id":"25175005-856F-4AAB-A276-01988F6459F5","identity_deviceid_sn":"7F4065C3-DF90-4738-8FA5-6BA6B4C35B86||3949E
2026-09-04 18:13:43.454883 SoundCore{scbody.dylib}[27259] <NOTICE>: SCBODY #91 seg 3/9 7BDE52DB6F4"},"lib":{"$lib_detail":"SoundCore.SCA3948MainViewController######","$lib_version":"4.8.3","$lib":"iOS","$app_version":"5.0.02","$lib_method":"autoTr
2026-09-04 18:13:43.454892 SoundCore{scbody.dylib}[27259] <NOTICE>: SCBODY #91 seg 4/9 ack"},"properties":{"$os":"iOS","$screen_width":390,"$app_version":"5.0.02","country":"US","$element_type":"UIButton","sn":"3949000000000000","is_secret":false,
2026-09-04 18:13:43.454916 SoundCore{scbody.dylib}[27259] <NOTICE>: SCBODY #91 seg 5/9 "$is_first_day":true,"$model":"iPhone18,5","$device_id":"34E75E6C-D52A-428F-877D-1AD51BED73EF","uuid":"7F4065C3-DF90-4738-8FA5-6BA6B4C35B86","$timezone_offset":
2026-09-04 18:13:43.455039 SoundCore{scbody.dylib}[27259] <NOTICE>: SCBODY #91 seg 6/9 420,"$network_type":"WIFI","firmware_version":"14.42","device_id":"7F4065C3-DF90-4738-8FA5-6BA6B4C35B86","$app_name":"soundcore","$wifi":true,"mac":"F4:B6:2D:E5
2026-09-04 18:13:43.455098 SoundCore{scbody.dylib}[27259] <NOTICE>: SCBODY #91 seg 7/9 :BD:E7","app_line":"SoundCore","$screen_height":844,"$lib_method":"autoTrack","$screen_name":"SoundCore.SCA3948MainViewController","$lib_version":"4.8.3","$os_v
2026-09-04 18:13:43.455157 SoundCore{scbody.dylib}[27259] <NOTICE>: SCBODY #91 seg 8/9 ersion":"26.5.1","$lib":"iOS","$manufacturer":"Apple","product_code":"A3949","$app_id":"com.oceanwing.SoundCore.G8AW4BQ7RV"},"distinct_id":"25175005-856F-4AAB-A
2026-09-04 18:13:43.455176 SoundCore{scbody.dylib}[27259] <NOTICE>: SCBODY #91 seg 9/9 276-01988F6459F5","type":"track","_flush_time":1788570823454}
2026-09-04 18:13:43.455198 SoundCore{scbody.dylib}[27259] <NOTICE>: SCBODY CAPTURE #91 END
2026-09-04 18:13:43.455226 SoundCore{scbody.dylib}[27259] <NOTICE>: SCBODY CAPTURE #92 src=json url=(none) len=1327 score=2 BEGIN
2026-09-04 18:13:43.455233 SoundCore{scbody.dylib}[27259] <NOTICE>: SCBODY #92 seg 1/9 {"anonymous_id":"25175005-856F-4AAB-A276-01988F6459F5","_track_id":2665628710,"event":"SC_MARKETING_CLICK","time":1788570813972,"identities":{"$identity_idfv":"
2026-09-04 18:13:43.455241 SoundCore{scbody.dylib}[27259] <NOTICE>: SCBODY #92 seg 2/9 34E75E6C-D52A-428F-877D-1AD51BED73EF","$identity_anonymous_id":"25175005-856F-4AAB-A276-01988F6459F5","identity_deviceid_sn":"7F4065C3-DF90-4738-8FA5-6BA6B4C35B
2026-09-04 18:13:43.455249 SoundCore{scbody.dylib}[27259] <NOTICE>: SCBODY #92 seg 3/9 86||3949E7BDE52DB6F4"},"lib":{"$lib_version":"4.8.3","$lib":"iOS","$app_version":"5.0.02","$lib_method":"code"},"properties":{"$os":"iOS","$screen_width":390,"b
2026-09-04 18:13:43.455256 SoundCore{scbody.dylib}[27259] <NOTICE>: SCBODY #92 seg 4/9 utton_name":"close","$app_version":"5.0.02","task_id":3051163,"country":"US","is_secret":false,"sn":"3949000000000000","$is_first_day":true,"$model":"iPhone18,5
2026-09-04 18:13:43.455264 SoundCore{scbody.dylib}[27259] <NOTICE>: SCBODY #92 seg 5/9 ","$device_id":"34E75E6C-D52A-428F-877D-1AD51BED73EF","uuid":"7F4065C3-DF90-4738-8FA5-6BA6B4C35B86","requirement_id":194,"$timezone_offset":420,"$network_type":
2026-09-04 18:13:43.455287 SoundCore{scbody.dylib}[27259] <NOTICE>: SCBODY #92 seg 6/9 "WIFI","firmware_version":"14.42","$app_name":"soundcore","$wifi":true,"device_id":"7F4065C3-DF90-4738-8FA5-6BA6B4C35B86","mac":"F4:B6:2D:E5:BD:E7","app_line":"
2026-09-04 18:13:43.455296 SoundCore{scbody.dylib}[27259] <NOTICE>: SCBODY #92 seg 7/9 SoundCore","$screen_height":844,"track_sign":"aSC_MARKETING.b483.d485.CLICK.SC_MARKETING_CLICK","$lib_method":"code","$lib_version":"4.8.3","$os_version":"26.5.
2026-09-04 18:13:43.455347 SoundCore{scbody.dylib}[27259] <NOTICE>: SCBODY #92 seg 8/9 1","$lib":"iOS","$manufacturer":"Apple","product_code":"A3949","$app_id":"com.oceanwing.SoundCore.G8AW4BQ7RV"},"distinct_id":"25175005-856F-4AAB-A276-01988F6459
2026-09-04 18:13:43.455400 SoundCore{scbody.dylib}[27259] <NOTICE>: SCBODY #92 seg 9/9 F5","type":"track","_flush_time":1788570823454}
2026-09-04 18:13:43.455443 SoundCore{scbody.dylib}[27259] <NOTICE>: SCBODY CAPTURE #92 END
2026-09-04 18:13:43.455574 SoundCore{scbody.dylib}[27259] <NOTICE>: SCBODY CAPTURE #93 src=json url=(none) len=1340 score=2 BEGIN
2026-09-04 18:13:43.455583 SoundCore{scbody.dylib}[27259] <NOTICE>: SCBODY #93 seg 1/9 {"anonymous_id":"25175005-856F-4AAB-A276-01988F6459F5","_track_id":207037613,"event":"$AppClick","time":1788570816541,"identities":{"$identity_idfv":"34E75E6C-D
2026-09-04 18:13:43.455599 SoundCore{scbody.dylib}[27259] <NOTICE>: SCBODY #93 seg 2/9 52A-428F-877D-1AD51BED73EF","$identity_anonymous_id":"25175005-856F-4AAB-A276-01988F6459F5","identity_deviceid_sn":"7F4065C3-DF90-4738-8FA5-6BA6B4C35B86||3949E7
2026-09-04 18:13:43.455614 SoundCore{scbody.dylib}[27259] <NOTICE>: SCBODY #93 seg 3/9 BDE52DB6F4"},"lib":{"$lib_detail":"SoundCore.SCA3948MainViewController######","$lib_version":"4.8.3","$lib":"iOS","$app_version":"5.0.02","$lib_method":"autoTra
2026-09-04 18:13:43.455636 SoundCore{scbody.dylib}[27259] <NOTICE>: SCBODY #93 seg 4/9 ck"},"properties":{"$os":"iOS","$screen_width":390,"$app_version":"5.0.02","country":"US","$element_type":"UIButton","sn":"3949000000000000","is_secret":false,"
2026-09-04 18:13:43.455645 SoundCore{scbody.dylib}[27259] <NOTICE>: SCBODY #93 seg 5/9 $is_first_day":true,"$model":"iPhone18,5","$device_id":"34E75E6C-D52A-428F-877D-1AD51BED73EF","uuid":"7F4065C3-DF90-4738-8FA5-6BA6B4C35B86","$timezone_offset":4
2026-09-04 18:13:43.455854 SoundCore{scbody.dylib}[27259] <NOTICE>: SCBODY #93 seg 6/9 20,"$network_type":"WIFI","firmware_version":"14.42","device_id":"7F4065C3-DF90-4738-8FA5-6BA6B4C35B86","$app_name":"soundcore","$wifi":true,"mac":"F4:B6:2D:E5:
2026-09-04 18:13:43.455943 SoundCore{scbody.dylib}[27259] <NOTICE>: SCBODY #93 seg 7/9 BD:E7","app_line":"SoundCore","$screen_height":844,"$lib_method":"autoTrack","$screen_name":"SoundCore.SCA3948MainViewController","$lib_version":"4.8.3","$os_ve
2026-09-04 18:13:43.455965 SoundCore{scbody.dylib}[27259] <NOTICE>: SCBODY #93 seg 8/9 rsion":"26.5.1","$lib":"iOS","$manufacturer":"Apple","product_code":"A3949","$app_id":"com.oceanwing.SoundCore.G8AW4BQ7RV"},"distinct_id":"25175005-856F-4AAB-A2
2026-09-04 18:13:43.456007 SoundCore{scbody.dylib}[27259] <NOTICE>: SCBODY #93 seg 9/9 76-01988F6459F5","type":"track","_flush_time":1788570823455}
2026-09-04 18:13:43.456113 SoundCore{scbody.dylib}[27259] <NOTICE>: SCBODY CAPTURE #93 END
2026-09-04 18:13:43.456411 SoundCore{scbody.dylib}[27259] <NOTICE>: SCBODY CAPTURE #94 src=json url=(none) len=1316 score=2 BEGIN
2026-09-04 18:13:43.456458 SoundCore{scbody.dylib}[27259] <NOTICE>: SCBODY #94 seg 1/9 {"anonymous_id":"25175005-856F-4AAB-A276-01988F6459F5","_track_id":595414021,"event":"SC_HOME_DEVICE_CLICK","time":1788570816554,"identities":{"$identity_idfv":
2026-09-04 18:13:43.456540 SoundCore{scbody.dylib}[27259] <NOTICE>: SCBODY #94 seg 2/9 "34E75E6C-D52A-428F-877D-1AD51BED73EF","$identity_anonymous_id":"25175005-856F-4AAB-A276-01988F6459F5","identity_deviceid_sn":"7F4065C3-DF90-4738-8FA5-6BA6B4C35
2026-09-04 18:13:43.456582 SoundCore{scbody.dylib}[27259] <NOTICE>: SCBODY #94 seg 3/9 B86||3949E7BDE52DB6F4"},"lib":{"$lib_version":"4.8.3","$lib":"iOS","$app_version":"5.0.02","$lib_method":"code"},"properties":{"$os":"iOS","$screen_width":390,"
2026-09-04 18:13:43.456607 SoundCore{scbody.dylib}[27259] <NOTICE>: SCBODY #94 seg 4/9 button_name":"setting","$app_version":"5.0.02","country":"US","sn":"3949000000000000","is_secret":false,"$is_first_day":true,"$model":"iPhone18,5","$device_id":
2026-09-04 18:13:43.456623 SoundCore{scbody.dylib}[27259] <NOTICE>: SCBODY #94 seg 5/9 "34E75E6C-D52A-428F-877D-1AD51BED73EF","uuid":"7F4065C3-DF90-4738-8FA5-6BA6B4C35B86","requirement_id":602,"$network_type":"WIFI","firmware_version":"14.42","$ap
2026-09-04 18:13:43.456756 SoundCore{scbody.dylib}[27259] <NOTICE>: SCBODY #94 seg 6/9 p_name":"soundcore","$wifi":true,"device_id":"7F4065C3-DF90-4738-8FA5-6BA6B4C35B86","$timezone_offset":420,"mac":"F4:B6:2D:E5:BD:E7","app_line":"SoundCore","$sc
2026-09-04 18:13:43.456774 SoundCore{scbody.dylib}[27259] <NOTICE>: SCBODY #94 seg 7/9 reen_height":844,"track_sign":"aSC_HOME_DEVICE.b621.d622.CLICK.SC_HOME_DEVICE_CLICK","$lib_method":"code","$lib_version":"4.8.3","$os_version":"26.5.1","$lib":"
2026-09-04 18:13:43.456782 SoundCore{scbody.dylib}[27259] <NOTICE>: SCBODY #94 seg 8/9 iOS","$manufacturer":"Apple","product_code":"A3949","$app_id":"com.oceanwing.SoundCore.G8AW4BQ7RV"},"distinct_id":"25175005-856F-4AAB-A276-01988F6459F5","type":
2026-09-04 18:13:43.456823 SoundCore{scbody.dylib}[27259] <NOTICE>: SCBODY #94 seg 9/9 "track","_flush_time":1788570823455}
2026-09-04 18:13:43.456831 SoundCore{scbody.dylib}[27259] <NOTICE>: SCBODY CAPTURE #94 END
2026-09-04 18:13:43.457157 SoundCore{scbody.dylib}[27259] <NOTICE>: SCBODY CAPTURE #95 src=json url=(none) len=1375 score=2 BEGIN
2026-09-04 18:13:43.457198 SoundCore{scbody.dylib}[27259] <NOTICE>: SCBODY #95 seg 1/9 {"anonymous_id":"25175005-856F-4AAB-A276-01988F6459F5","_track_id":3813240176,"event":"$AppPageLeave","time":1788570817121,"identities":{"$identity_idfv":"34E75
2026-09-04 18:13:43.457218 SoundCore{scbody.dylib}[27259] <NOTICE>: SCBODY #95 seg 2/9 E6C-D52A-428F-877D-1AD51BED73EF","$identity_anonymous_id":"25175005-856F-4AAB-A276-01988F6459F5","identity_deviceid_sn":"7F4065C3-DF90-4738-8FA5-6BA6B4C35B86||3
2026-09-04 18:13:43.457226 SoundCore{scbody.dylib}[27259] <NOTICE>: SCBODY #95 seg 3/9 949E7BDE52DB6F4"},"lib":{"$lib_version":"4.8.3","$lib":"iOS","$app_version":"5.0.02","$lib_method":"code"},"properties":{"$os":"iOS","$screen_width":390,"$app_v
2026-09-04 18:13:43.457234 SoundCore{scbody.dylib}[27259] <NOTICE>: SCBODY #95 seg 4/9 ersion":"5.0.02","country":"US","sn":"3949000000000000","is_secret":false,"$is_first_day":true,"$model":"iPhone18,5","$device_id":"34E75E6C-D52A-428F-877D-1AD51
2026-09-04 18:13:43.457253 SoundCore{scbody.dylib}[27259] <NOTICE>: SCBODY #95 seg 5/9 BED73EF","uuid":"7F4065C3-DF90-4738-8FA5-6BA6B4C35B86","$network_type":"WIFI","firmware_version":"14.42","device_id":"7F4065C3-DF90-4738-8FA5-6BA6B4C35B86","$ap
2026-09-04 18:13:43.457261 SoundCore{scbody.dylib}[27259] <NOTICE>: SCBODY #95 seg 6/9 p_name":"soundcore","$wifi":true,"$timezone_offset":420,"$url":"SoundCore.SCA3948MainViewController","mac":"F4:B6:2D:E5:BD:E7","app_line":"SoundCore","$screen_h
2026-09-04 18:13:43.457277 SoundCore{scbody.dylib}[27259] <NOTICE>: SCBODY #95 seg 7/9 eight":844,"$referrer":"ModuleConnect.SCRePairingRightViewController","$lib_method":"code","$screen_name":"SoundCore.SCA3948MainViewController","$lib_version":"
2026-09-04 18:13:43.457295 SoundCore{scbody.dylib}[27259] <NOTICE>: SCBODY #95 seg 8/9 4.8.3","$os_version":"26.5.1","$lib":"iOS","$manufacturer":"Apple","product_code":"A3949","event_duration":5.1,"$app_id":"com.oceanwing.SoundCore.G8AW4BQ7RV"},"
2026-09-04 18:13:43.457303 SoundCore{scbody.dylib}[27259] <NOTICE>: SCBODY #95 seg 9/9 distinct_id":"25175005-856F-4AAB-A276-01988F6459F5","type":"track","_flush_time":1788570823456}
2026-09-04 18:13:43.457312 SoundCore{scbody.dylib}[27259] <NOTICE>: SCBODY CAPTURE #95 END
2026-09-04 18:13:43.457400 SoundCore{scbody.dylib}[27259] <NOTICE>: SCBODY CAPTURE #96 src=json url=(none) len=1439 score=2 BEGIN
2026-09-04 18:13:43.457449 SoundCore{scbody.dylib}[27259] <NOTICE>: SCBODY #96 seg 1/9 {"anonymous_id":"25175005-856F-4AAB-A276-01988F6459F5","_track_id":2002678029,"event":"$AppViewScreen","time":1788570817124,"identities":{"$identity_idfv":"34E7
2026-09-04 18:13:43.457461 SoundCore{scbody.dylib}[27259] <NOTICE>: SCBODY #96 seg 2/9 5E6C-D52A-428F-877D-1AD51BED73EF","$identity_anonymous_id":"25175005-856F-4AAB-A276-01988F6459F5","identity_deviceid_sn":"7F4065C3-DF90-4738-8FA5-6BA6B4C35B86||
2026-09-04 18:13:43.457469 SoundCore{scbody.dylib}[27259] <NOTICE>: SCBODY #96 seg 3/9 3949E7BDE52DB6F4"},"lib":{"$lib_detail":"SoundCore.SCA3948MoreViewController######","$lib_version":"4.8.3","$lib":"iOS","$app_version":"5.0.02","$lib_method":"a
2026-09-04 18:13:43.457477 SoundCore{scbody.dylib}[27259] <NOTICE>: SCBODY #96 seg 4/9 utoTrack"},"properties":{"$os":"iOS","$app_version":"5.0.02","$screen_width":390,"country":"US","$title":"More Settings","sn":"3949000000000000","is_secret":fal
2026-09-04 18:13:43.457520 SoundCore{scbody.dylib}[27259] <NOTICE>: SCBODY #96 seg 5/9 se,"$is_first_day":true,"$model":"iPhone18,5","$device_id":"34E75E6C-D52A-428F-877D-1AD51BED73EF","uuid":"7F4065C3-DF90-4738-8FA5-6BA6B4C35B86","$timezone_offse
2026-09-04 18:13:43.457530 SoundCore{scbody.dylib}[27259] <NOTICE>: SCBODY #96 seg 6/9 t":420,"$network_type":"WIFI","firmware_version":"14.42","device_id":"7F4065C3-DF90-4738-8FA5-6BA6B4C35B86","$app_name":"soundcore","$wifi":true,"$url":"SoundCo
2026-09-04 18:13:43.457538 SoundCore{scbody.dylib}[27259] <NOTICE>: SCBODY #96 seg 7/9 re.SCA3948MoreViewController","mac":"F4:B6:2D:E5:BD:E7","app_line":"SoundCore","$screen_height":844,"$referrer":"SoundCore.SCA3948MainViewController","$lib_meth
2026-09-04 18:13:43.457546 SoundCore{scbody.dylib}[27259] <NOTICE>: SCBODY #96 seg 8/9 od":"autoTrack","$screen_name":"SoundCore.SCA3948MoreViewController","$lib_version":"4.8.3","$os_version":"26.5.1","$lib":"iOS","$manufacturer":"Apple","product
2026-09-04 18:13:43.457774 SoundCore{scbody.dylib}[27259] <NOTICE>: SCBODY #96 seg 9/9 _code":"A3949","$app_id":"com.oceanwing.SoundCore.G8AW4BQ7RV"},"distinct_id":"25175005-856F-4AAB-A276-01988F6459F5","type":"track","_flush_time":1788570823456}
2026-09-04 18:13:43.457785 SoundCore{scbody.dylib}[27259] <NOTICE>: SCBODY CAPTURE #96 END
2026-09-04 18:13:43.458009 SoundCore{scbody.dylib}[27259] <NOTICE>: SCBODY CAPTURE #97 src=json url=(none) len=1432 score=2 BEGIN
2026-09-04 18:13:43.458024 SoundCore{scbody.dylib}[27259] <NOTICE>: SCBODY #97 seg 1/9 {"anonymous_id":"25175005-856F-4AAB-A276-01988F6459F5","_track_id":1592297302,"event":"$AppClick","time":1788570819027,"identities":{"$identity_idfv":"34E75E6C-
2026-09-04 18:13:43.458080 SoundCore{scbody.dylib}[27259] <NOTICE>: SCBODY #97 seg 2/9 D52A-428F-877D-1AD51BED73EF","$identity_anonymous_id":"25175005-856F-4AAB-A276-01988F6459F5","identity_deviceid_sn":"7F4065C3-DF90-4738-8FA5-6BA6B4C35B86||3949E
2026-09-04 18:13:43.458099 SoundCore{scbody.dylib}[27259] <NOTICE>: SCBODY #97 seg 3/9 7BDE52DB6F4"},"lib":{"$lib_detail":"SoundCore.SCA3948MoreViewController######","$lib_version":"4.8.3","$lib":"iOS","$app_version":"5.0.02","$lib_method":"autoTr
2026-09-04 18:13:43.458107 SoundCore{scbody.dylib}[27259] <NOTICE>: SCBODY #97 seg 4/9 ack"},"properties":{"$os":"iOS","$screen_width":390,"$app_version":"5.0.02","country":"US","$title":"More Settings","$element_type":"UITableView","$element_cont
2026-09-04 18:13:43.458116 SoundCore{scbody.dylib}[27259] <NOTICE>: SCBODY #97 seg 5/9 ent":"Update Firmware","is_secret":false,"$is_first_day":true,"$model":"iPhone18,5","$device_id":"34E75E6C-D52A-428F-877D-1AD51BED73EF","uuid":"7F4065C3-DF90-47
2026-09-04 18:13:43.458124 SoundCore{scbody.dylib}[27259] <NOTICE>: SCBODY #97 seg 6/9 38-8FA5-6BA6B4C35B86","$network_type":"WIFI","firmware_version":"14.42","$timezone_offset":420,"$app_name":"soundcore","$wifi":true,"sn":"3949000000000000","$el
2026-09-04 18:13:43.458144 SoundCore{scbody.dylib}[27259] <NOTICE>: SCBODY #97 seg 7/9 ement_position":"2:0","device_id":"7F4065C3-DF90-4738-8FA5-6BA6B4C35B86","mac":"F4:B6:2D:E5:BD:E7","app_line":"SoundCore","$screen_height":844,"$lib_method":"au
2026-09-04 18:13:43.458161 SoundCore{scbody.dylib}[27259] <NOTICE>: SCBODY #97 seg 8/9 toTrack","$screen_name":"SoundCore.SCA3948MoreViewController","$lib_version":"4.8.3","$os_version":"26.5.1","$lib":"iOS","$manufacturer":"Apple","product_code":
2026-09-04 18:13:43.458176 SoundCore{scbody.dylib}[27259] <NOTICE>: SCBODY #97 seg 9/9 "A3949","$app_id":"com.oceanwing.SoundCore.G8AW4BQ7RV"},"distinct_id":"25175005-856F-4AAB-A276-01988F6459F5","type":"track","_flush_time":1788570823456}
2026-09-04 18:13:43.458190 SoundCore{scbody.dylib}[27259] <NOTICE>: SCBODY CAPTURE #97 END
2026-09-04 18:13:43.458478 SoundCore{scbody.dylib}[27259] <NOTICE>: SCBODY CAPTURE #98 src=json url=(none) len=1303 score=2 BEGIN
2026-09-04 18:13:43.458493 SoundCore{scbody.dylib}[27259] <NOTICE>: SCBODY #98 seg 1/9 {"anonymous_id":"25175005-856F-4AAB-A276-01988F6459F5","_track_id":1728571876,"event":"SC_OTA_PAGEVIEW","time":1788570819058,"identities":{"$identity_idfv":"34E
2026-09-04 18:13:43.458501 SoundCore{scbody.dylib}[27259] <NOTICE>: SCBODY #98 seg 2/9 75E6C-D52A-428F-877D-1AD51BED73EF","$identity_anonymous_id":"25175005-856F-4AAB-A276-01988F6459F5","identity_deviceid_sn":"7F4065C3-DF90-4738-8FA5-6BA6B4C35B86|
2026-09-04 18:13:43.458509 SoundCore{scbody.dylib}[27259] <NOTICE>: SCBODY #98 seg 3/9 |3949E7BDE52DB6F4"},"lib":{"$lib_version":"4.8.3","$lib":"iOS","$app_version":"5.0.02","$lib_method":"code"},"properties":{"$os":"iOS","$screen_width":390,"$app
2026-09-04 18:13:43.458541 SoundCore{scbody.dylib}[27259] <NOTICE>: SCBODY #98 seg 4/9 _version":"5.0.02","country":"US","sn":"3949000000000000","is_secret":false,"$is_first_day":true,"$model":"iPhone18,5","$device_id":"34E75E6C-D52A-428F-877D-1AD
2026-09-04 18:13:43.458550 SoundCore{scbody.dylib}[27259] <NOTICE>: SCBODY #98 seg 5/9 51BED73EF","uuid":"7F4065C3-DF90-4738-8FA5-6BA6B4C35B86","requirement_id":478,"$timezone_offset":420,"$network_type":"WIFI","page_name":"firmware_update","$wifi
2026-09-04 18:13:43.458571 SoundCore{scbody.dylib}[27259] <NOTICE>: SCBODY #98 seg 6/9 ":true,"firmware_version":"14.42","$app_name":"soundcore","device_id":"7F4065C3-DF90-4738-8FA5-6BA6B4C35B86","mac":"F4:B6:2D:E5:BD:E7","app_line":"SoundCore","$
2026-09-04 18:13:43.458589 SoundCore{scbody.dylib}[27259] <NOTICE>: SCBODY #98 seg 7/9 screen_height":844,"track_sign":"aSC_OTA.b130.PAGEVIEW.SC_OTA_PAGEVIEW","$lib_method":"code","$lib_version":"4.8.3","$os_version":"26.5.1","$lib":"iOS","$manufa
2026-09-04 18:13:43.458646 SoundCore{scbody.dylib}[27259] <NOTICE>: SCBODY #98 seg 8/9 cturer":"Apple","product_code":"A3949","$app_id":"com.oceanwing.SoundCore.G8AW4BQ7RV"},"distinct_id":"25175005-856F-4AAB-A276-01988F6459F5","type":"track","_flu
2026-09-04 18:13:43.458744 SoundCore{scbody.dylib}[27259] <NOTICE>: SCBODY #98 seg 9/9 sh_time":1788570823457}
2026-09-04 18:13:43.458770 SoundCore{scbody.dylib}[27259] <NOTICE>: SCBODY CAPTURE #98 END
2026-09-04 18:13:43.459033 SoundCore{scbody.dylib}[27259] <NOTICE>: SCBODY CAPTURE #99 src=json url=(none) len=1337 score=2 BEGIN
2026-09-04 18:13:43.459048 SoundCore{scbody.dylib}[27259] <NOTICE>: SCBODY #99 seg 1/9 {"anonymous_id":"25175005-856F-4AAB-A276-01988F6459F5","_track_id":1035725564,"event":"SC_OTA_RESULT","time":1788570819180,"identities":{"$identity_idfv":"34E75
2026-09-04 18:13:43.459056 SoundCore{scbody.dylib}[27259] <NOTICE>: SCBODY #99 seg 2/9 E6C-D52A-428F-877D-1AD51BED73EF","$identity_anonymous_id":"25175005-856F-4AAB-A276-01988F6459F5","identity_deviceid_sn":"7F4065C3-DF90-4738-8FA5-6BA6B4C35B86||3
2026-09-04 18:13:43.459063 SoundCore{scbody.dylib}[27259] <NOTICE>: SCBODY #99 seg 3/9 949E7BDE52DB6F4"},"lib":{"$lib_version":"4.8.3","$lib":"iOS","$app_version":"5.0.02","$lib_method":"code"},"properties":{"$os":"iOS","$app_id":"com.oceanwing.So
2026-09-04 18:13:43.459071 SoundCore{scbody.dylib}[27259] <NOTICE>: SCBODY #99 seg 4/9 undCore.G8AW4BQ7RV","$screen_width":390,"$app_version":"5.0.02","country":"US","sn":"3949000000000000","is_secret":false,"$is_first_day":true,"$model":"iPhone18
2026-09-04 18:13:43.459078 SoundCore{scbody.dylib}[27259] <NOTICE>: SCBODY #99 seg 5/9 ,5","$device_id":"34E75E6C-D52A-428F-877D-1AD51BED73EF","uuid":"7F4065C3-DF90-4738-8FA5-6BA6B4C35B86","requirement_id":478,"$network_type":"WIFI","firmware_vers
2026-09-04 18:13:43.459086 SoundCore{scbody.dylib}[27259] <NOTICE>: SCBODY #99 seg 6/9 ion":"14.42","$app_name":"soundcore","$wifi":true,"device_id":"7F4065C3-DF90-4738-8FA5-6BA6B4C35B86","$timezone_offset":420,"mac":"F4:B6:2D:E5:BD:E7","app_line"
2026-09-04 18:13:43.459295 SoundCore{scbody.dylib}[27259] <NOTICE>: SCBODY #99 seg 7/9 :"SoundCore","$screen_height":844,"track_sign":"aSC_OTA.b130.d133.RESULT.SC_OTA_RESULT","update_version":"","$lib_method":"code","update_type":"headphone","$lib
2026-09-04 18:13:43.459350 SoundCore{scbody.dylib}[27259] <NOTICE>: SCBODY #99 seg 8/9 _version":"4.8.3","$os_version":"26.5.1","$lib":"iOS","$manufacturer":"Apple","product_code":"A3949","is_success":false},"distinct_id":"25175005-856F-4AAB-A276-
2026-09-04 18:13:43.459376 SoundCore{scbody.dylib}[27259] <NOTICE>: SCBODY #99 seg 9/9 01988F6459F5","type":"track","_flush_time":1788570823457}
2026-09-04 18:13:43.459408 SoundCore{scbody.dylib}[27259] <NOTICE>: SCBODY CAPTURE #99 END
2026-09-04 18:13:43.459534 SoundCore{scbody.dylib}[27259] <NOTICE>: SCBODY CAPTURE #100 src=json url=(none) len=1393 score=2 BEGIN
2026-09-04 18:13:43.459542 SoundCore{scbody.dylib}[27259] <NOTICE>: SCBODY #100 seg 1/9 {"anonymous_id":"25175005-856F-4AAB-A276-01988F6459F5","_track_id":4113642250,"event":"$AppPageLeave","time":1788570819597,"identities":{"$identity_idfv":"34E75
2026-09-04 18:13:43.459550 SoundCore{scbody.dylib}[27259] <NOTICE>: SCBODY #100 seg 2/9 E6C-D52A-428F-877D-1AD51BED73EF","$identity_anonymous_id":"25175005-856F-4AAB-A276-01988F6459F5","identity_deviceid_sn":"7F4065C3-DF90-4738-8FA5-6BA6B4C35B86||3
2026-09-04 18:13:43.459573 SoundCore{scbody.dylib}[27259] <NOTICE>: SCBODY #100 seg 3/9 949E7BDE52DB6F4"},"lib":{"$lib_version":"4.8.3","$lib":"iOS","$app_version":"5.0.02","$lib_method":"code"},"properties":{"$os":"iOS","$app_version":"5.0.02","$s
2026-09-04 18:13:43.459582 SoundCore{scbody.dylib}[27259] <NOTICE>: SCBODY #100 seg 4/9 creen_width":390,"country":"US","$title":"More Settings","sn":"3949000000000000","is_secret":false,"$is_first_day":true,"$model":"iPhone18,5","$device_id":"34E7
2026-09-04 18:13:43.459589 SoundCore{scbody.dylib}[27259] <NOTICE>: SCBODY #100 seg 5/9 5E6C-D52A-428F-877D-1AD51BED73EF","uuid":"7F4065C3-DF90-4738-8FA5-6BA6B4C35B86","$timezone_offset":420,"$network_type":"WIFI","firmware_version":"14.42","device
2026-09-04 18:13:43.459603 SoundCore{scbody.dylib}[27259] <NOTICE>: SCBODY #100 seg 6/9 _id":"7F4065C3-DF90-4738-8FA5-6BA6B4C35B86","$app_name":"soundcore","$wifi":true,"$url":"SoundCore.SCA3948MoreViewController","mac":"F4:B6:2D:E5:BD:E7","app_lin
2026-09-04 18:13:43.459611 SoundCore{scbody.dylib}[27259] <NOTICE>: SCBODY #100 seg 7/9 e":"SoundCore","$screen_height":844,"$referrer":"SoundCore.SCA3948MainViewController","$lib_method":"code","$screen_name":"SoundCore.SCA3948MoreViewController",
2026-09-04 18:13:43.459619 SoundCore{scbody.dylib}[27259] <NOTICE>: SCBODY #100 seg 8/9 "$lib_version":"4.8.3","$os_version":"26.5.1","$lib":"iOS","$manufacturer":"Apple","product_code":"A3949","event_duration":2.473,"$app_id":"com.oceanwing.SoundC
2026-09-04 18:13:43.459627 SoundCore{scbody.dylib}[27259] <NOTICE>: SCBODY #100 seg 9/9 ore.G8AW4BQ7RV"},"distinct_id":"25175005-856F-4AAB-A276-01988F6459F5","type":"track","_flush_time":1788570823457}
2026-09-04 18:13:43.459658 SoundCore{scbody.dylib}[27259] <NOTICE>: SCBODY CAPTURE #100 END
2026-09-04 18:13:43.460201 SoundCore{scbody.dylib}[27259] <NOTICE>: SCBODY CAPTURE #101 src=json url=(none) len=1481 score=2 BEGIN
2026-09-04 18:13:43.460210 SoundCore{scbody.dylib}[27259] <NOTICE>: SCBODY #101 seg 1/10 {"anonymous_id":"25175005-856F-4AAB-A276-01988F6459F5","_track_id":3753389901,"event":"$AppViewScreen","time":1788570819599,"identities":{"$identity_idfv":"34E7
2026-09-04 18:13:43.460224 SoundCore{scbody.dylib}[27259] <NOTICE>: SCBODY #101 seg 2/10 5E6C-D52A-428F-877D-1AD51BED73EF","$identity_anonymous_id":"25175005-856F-4AAB-A276-01988F6459F5","identity_deviceid_sn":"7F4065C3-DF90-4738-8FA5-6BA6B4C35B86||
2026-09-04 18:13:43.460233 SoundCore{scbody.dylib}[27259] <NOTICE>: SCBODY #101 seg 3/10 3949E7BDE52DB6F4"},"lib":{"$lib_detail":"ModuleOTA.SCUpdateCheckViewController######","$lib_version":"4.8.3","$lib":"iOS","$app_version":"5.0.02","$lib_method":
2026-09-04 18:13:43.460241 SoundCore{scbody.dylib}[27259] <NOTICE>: SCBODY #101 seg 4/10 "autoTrack"},"properties":{"$os":"iOS","$app_version":"5.0.02","$screen_width":390,"country":"US","$title":"Update Firmware","sn":"3949000000000000","is_secret"
2026-09-04 18:13:43.460259 SoundCore{scbody.dylib}[27259] <NOTICE>: SCBODY #101 seg 5/10 :false,"$is_first_day":true,"$model":"iPhone18,5","$device_id":"34E75E6C-D52A-428F-877D-1AD51BED73EF","uuid":"7F4065C3-DF90-4738-8FA5-6BA6B4C35B86","$timezone_o
2026-09-04 18:13:43.460268 SoundCore{scbody.dylib}[27259] <NOTICE>: SCBODY #101 seg 6/10 ffset":420,"$network_type":"WIFI","firmware_version":"14.42","device_id":"7F4065C3-DF90-4738-8FA5-6BA6B4C35B86","$app_name":"soundcore","$wifi":true,"$url":"Mod
2026-09-04 18:13:43.460279 SoundCore{scbody.dylib}[27259] <NOTICE>: SCBODY #101 seg 7/10 uleOTA.SCUpdateCheckViewController","mac":"F4:B6:2D:E5:BD:E7","app_line":"SoundCore","$referrer_title":"More Settings","$screen_height":844,"$referrer":"SoundCo
2026-09-04 18:13:43.460287 SoundCore{scbody.dylib}[27259] <NOTICE>: SCBODY #101 seg 8/10 re.SCA3948MoreViewController","$lib_method":"autoTrack","$screen_name":"ModuleOTA.SCUpdateCheckViewController","$lib_version":"4.8.3","$os_version":"26.5.1","$l
2026-09-04 18:13:43.460305 SoundCore{scbody.dylib}[27259] <NOTICE>: SCBODY #101 seg 9/10 ib":"iOS","$manufacturer":"Apple","product_code":"A3949","$app_id":"com.oceanwing.SoundCore.G8AW4BQ7RV"},"distinct_id":"25175005-856F-4AAB-A276-01988F6459F5","t
2026-09-04 18:13:43.460314 SoundCore{scbody.dylib}[27259] <NOTICE>: SCBODY #101 seg 10/10 ype":"track","_flush_time":1788570823458}
2026-09-04 18:13:43.460322 SoundCore{scbody.dylib}[27259] <NOTICE>: SCBODY CAPTURE #101 END
2026-09-04 18:13:43.657175 SoundCore{scbody.dylib}[27259] <NOTICE>: SCBODY CAPTURE #102 src=json url=(none) len=1049 score=2 BEGIN
2026-09-04 18:13:43.657215 SoundCore{scbody.dylib}[27259] <NOTICE>: SCBODY #102 seg 1/7 {"events":[{"value_string":"{\"type\":\"img\",\"id\":\"3051163\"}","module":"POP","product_code":"A3949","device_id":"","time":"1788570812","mac":"F4:B6:2D:E5:B
2026-09-04 18:13:43.657279 SoundCore{scbody.dylib}[27259] <NOTICE>: SCBODY #102 seg 2/7 D:E7","sn":"3949000000000000","type":"1","name":"APP_POP_UP_SUCCESS"},{"value_string":"3051163","module":"POP","product_code":"A3949","device_id":"","time":"178
2026-09-04 18:13:43.657300 SoundCore{scbody.dylib}[27259] <NOTICE>: SCBODY #102 seg 3/7 8570813","mac":"F4:B6:2D:E5:BD:E7","sn":"3949000000000000","type":"1","name":"APP_POP_IMG_NO"},{"value_string":"1","module":"OTA","product_code":"A3949","device
2026-09-04 18:13:43.657314 SoundCore{scbody.dylib}[27259] <NOTICE>: SCBODY #102 seg 4/7 _id":"","time":"1788570819","mac":"F4:B6:2D:E5:BD:E7","sn":"3949000000000000","type":"0","name":"APP_OTA_ENTER"},{"value_string":"{\"firmware_version\":\"14.42\
2026-09-04 18:13:43.657328 SoundCore{scbody.dylib}[27259] <NOTICE>: SCBODY #102 seg 5/7 "}","module":"OTA","product_code":"A3949","mac":"F4:B6:2D:E5:BD:E7","time":"1788570819","device_id":"","sn":"3949000000000000","type":"1","name":"APP_ENTER_OTA_
2026-09-04 18:13:43.657340 SoundCore{scbody.dylib}[27259] <NOTICE>: SCBODY #102 seg 6/7 WITHOUT_NEED_UPDATE"}],"country":"US","sys_type":"iOS","http_user_agent":"soundcore-iOS-5.0.02","phone_model":"iPhone18,5","uuid":"31B01C63-15A4-4C25-A7D5-D2D9A
2026-09-04 18:13:43.657356 SoundCore{scbody.dylib}[27259] <NOTICE>: SCBODY #102 seg 7/7 D219090","user_id":"","phone_name":"iPhone","sys_version":"26.5.1","phone_brand":"Apple"}
2026-09-04 18:13:43.657373 SoundCore{scbody.dylib}[27259] <NOTICE>: SCBODY CAPTURE #102 END
2026-09-04 18:13:50.604384 SoundCore{scbody.dylib}[27259] <NOTICE>: SCBODY CAPTURE #103 src=json url=(none) len=1385 score=2 BEGIN
2026-09-04 18:13:50.604398 SoundCore{scbody.dylib}[27259] <NOTICE>: SCBODY #103 seg 1/9 {"anonymous_id":"25175005-856F-4AAB-A276-01988F6459F5","_track_id":4188591399,"event":"$AppClick","time":1788570830599,"identities":{"$identity_idfv":"34E75E6C-
2026-09-04 18:13:50.604433 SoundCore{scbody.dylib}[27259] <NOTICE>: SCBODY #103 seg 2/9 D52A-428F-877D-1AD51BED73EF","identity_deviceid_sn":"7F4065C3-DF90-4738-8FA5-6BA6B4C35B86||3949E7BDE52DB6F4","$identity_anonymous_id":"25175005-856F-4AAB-A276-0
2026-09-04 18:13:50.604445 SoundCore{scbody.dylib}[27259] <NOTICE>: SCBODY #103 seg 3/9 1988F6459F5"},"lib":{"$lib_method":"autoTrack","$lib_version":"4.8.3","$lib":"iOS","$lib_detail":"ModuleOTA.SCUpdateCheckViewController######","$app_version":"5
2026-09-04 18:13:50.604543 SoundCore{scbody.dylib}[27259] <NOTICE>: SCBODY #103 seg 4/9 .0.02"},"properties":{"$os":"iOS","$screen_width":390,"$app_version":"5.0.02","country":"US","$title":"Update Firmware","$element_type":"UIBarButtonItem","is_se
2026-09-04 18:13:50.604591 SoundCore{scbody.dylib}[27259] <NOTICE>: SCBODY #103 seg 5/9 cret":false,"sn":"3949E7BDE52DB6F4","$is_first_day":true,"$model":"iPhone18,5","$device_id":"34E75E6C-D52A-428F-877D-1AD51BED73EF","uuid":"7F4065C3-DF90-4738-8F
2026-09-04 18:13:50.604627 SoundCore{scbody.dylib}[27259] <NOTICE>: SCBODY #103 seg 6/9 A5-6BA6B4C35B86","$network_type":"WIFI","firmware_version":"14.43","$timezone_offset":420,"$app_name":"soundcore","$wifi":true,"device_id":"7F4065C3-DF90-4738-8
2026-09-04 18:13:50.604649 SoundCore{scbody.dylib}[27259] <NOTICE>: SCBODY #103 seg 7/9 FA5-6BA6B4C35B86","mac":"F4:B6:2D:E5:BD:E7","app_line":"SoundCore","$referrer_title":"More Settings","$screen_height":844,"$lib_method":"autoTrack","$screen_nam
2026-09-04 18:13:50.604675 SoundCore{scbody.dylib}[27259] <NOTICE>: SCBODY #103 seg 8/9 e":"ModuleOTA.SCUpdateCheckViewController","$lib_version":"4.8.3","$os_version":"26.5.1","$lib":"iOS","$manufacturer":"Apple","product_code":"A3949","$app_id":"
2026-09-04 18:13:50.604698 SoundCore{scbody.dylib}[27259] <NOTICE>: SCBODY #103 seg 9/9 com.oceanwing.SoundCore.G8AW4BQ7RV"},"distinct_id":"25175005-856F-4AAB-A276-01988F6459F5","type":"track"}
2026-09-04 18:13:50.604710 SoundCore{scbody.dylib}[27259] <NOTICE>: SCBODY CAPTURE #103 END
2026-09-04 18:13:50.604721 SoundCore{scbody.dylib}[27259] <NOTICE>: SCBODY MODIFY 1385 -> 1385 bytes
2026-09-04 18:13:50.604733 SoundCore{scbody.dylib}[27259] <NOTICE>: SCBODY CAPTURE #104 src=json-mod url=(none) len=1385 score=2 BEGIN
2026-09-04 18:13:50.604753 SoundCore{scbody.dylib}[27259] <NOTICE>: SCBODY #104 seg 1/9 {"anonymous_id":"25175005-856F-4AAB-A276-01988F6459F5","_track_id":4188591399,"event":"$AppClick","time":1788570830599,"identities":{"$identity_idfv":"34E75E6C-
2026-09-04 18:13:50.604765 SoundCore{scbody.dylib}[27259] <NOTICE>: SCBODY #104 seg 2/9 D52A-428F-877D-1AD51BED73EF","identity_deviceid_sn":"7F4065C3-DF90-4738-8FA5-6BA6B4C35B86||3949E7BDE52DB6F4","$identity_anonymous_id":"25175005-856F-4AAB-A276-0
2026-09-04 18:13:50.604776 SoundCore{scbody.dylib}[27259] <NOTICE>: SCBODY #104 seg 3/9 1988F6459F5"},"lib":{"$lib_method":"autoTrack","$lib_version":"4.8.3","$lib":"iOS","$lib_detail":"ModuleOTA.SCUpdateCheckViewController######","$app_version":"5
2026-09-04 18:13:50.604787 SoundCore{scbody.dylib}[27259] <NOTICE>: SCBODY #104 seg 4/9 .0.02"},"properties":{"$os":"iOS","$screen_width":390,"$app_version":"5.0.02","country":"US","$title":"Update Firmware","$element_type":"UIBarButtonItem","is_se
2026-09-04 18:13:50.604809 SoundCore{scbody.dylib}[27259] <NOTICE>: SCBODY #104 seg 5/9 cret":false,"sn":"3949000000000000","$is_first_day":true,"$model":"iPhone18,5","$device_id":"34E75E6C-D52A-428F-877D-1AD51BED73EF","uuid":"7F4065C3-DF90-4738-8F
2026-09-04 18:13:50.604826 SoundCore{scbody.dylib}[27259] <NOTICE>: SCBODY #104 seg 6/9 A5-6BA6B4C35B86","$network_type":"WIFI","firmware_version":"14.42","$timezone_offset":420,"$app_name":"soundcore","$wifi":true,"device_id":"7F4065C3-DF90-4738-8
2026-09-04 18:13:50.604839 SoundCore{scbody.dylib}[27259] <NOTICE>: SCBODY #104 seg 7/9 FA5-6BA6B4C35B86","mac":"F4:B6:2D:E5:BD:E7","app_line":"SoundCore","$referrer_title":"More Settings","$screen_height":844,"$lib_method":"autoTrack","$screen_nam
2026-09-04 18:13:50.604852 SoundCore{scbody.dylib}[27259] <NOTICE>: SCBODY #104 seg 8/9 e":"ModuleOTA.SCUpdateCheckViewController","$lib_version":"4.8.3","$os_version":"26.5.1","$lib":"iOS","$manufacturer":"Apple","product_code":"A3949","$app_id":"
2026-09-04 18:13:50.604864 SoundCore{scbody.dylib}[27259] <NOTICE>: SCBODY #104 seg 9/9 com.oceanwing.SoundCore.G8AW4BQ7RV"},"distinct_id":"25175005-856F-4AAB-A276-01988F6459F5","type":"track"}
2026-09-04 18:13:50.604881 SoundCore{scbody.dylib}[27259] <NOTICE>: SCBODY CAPTURE #104 END
2026-09-04 18:13:51.161665 SoundCore{scbody.dylib}[27259] <NOTICE>: SCBODY CAPTURE #105 src=json url=(none) len=1406 score=2 BEGIN
2026-09-04 18:13:51.161680 SoundCore{scbody.dylib}[27259] <NOTICE>: SCBODY #105 seg 1/9 {"anonymous_id":"25175005-856F-4AAB-A276-01988F6459F5","_track_id":4189290584,"event":"$AppPageLeave","time":1788570831153,"identities":{"$identity_idfv":"34E75
2026-09-04 18:13:51.161694 SoundCore{scbody.dylib}[27259] <NOTICE>: SCBODY #105 seg 2/9 E6C-D52A-428F-877D-1AD51BED73EF","identity_deviceid_sn":"7F4065C3-DF90-4738-8FA5-6BA6B4C35B86||3949E7BDE52DB6F4","$identity_anonymous_id":"25175005-856F-4AAB-A2
2026-09-04 18:13:51.161709 SoundCore{scbody.dylib}[27259] <NOTICE>: SCBODY #105 seg 3/9 76-01988F6459F5"},"lib":{"$lib_version":"4.8.3","$lib":"iOS","$app_version":"5.0.02","$lib_method":"code"},"properties":{"$os":"iOS","$app_version":"5.0.02","$s
2026-09-04 18:13:51.161729 SoundCore{scbody.dylib}[27259] <NOTICE>: SCBODY #105 seg 4/9 creen_width":390,"country":"US","$title":"Update Firmware","sn":"3949E7BDE52DB6F4","is_secret":false,"$is_first_day":true,"$model":"iPhone18,5","$device_id":"34
2026-09-04 18:13:51.161745 SoundCore{scbody.dylib}[27259] <NOTICE>: SCBODY #105 seg 5/9 E75E6C-D52A-428F-877D-1AD51BED73EF","uuid":"7F4065C3-DF90-4738-8FA5-6BA6B4C35B86","$network_type":"WIFI","firmware_version":"14.43","device_id":"7F4065C3-DF90-4
2026-09-04 18:13:51.161757 SoundCore{scbody.dylib}[27259] <NOTICE>: SCBODY #105 seg 6/9 738-8FA5-6BA6B4C35B86","$app_name":"soundcore","$wifi":true,"$timezone_offset":420,"$url":"ModuleOTA.SCUpdateCheckViewController","mac":"F4:B6:2D:E5:BD:E7","app
2026-09-04 18:13:51.161769 SoundCore{scbody.dylib}[27259] <NOTICE>: SCBODY #105 seg 7/9 _line":"SoundCore","$referrer_title":"More Settings","$screen_height":844,"$referrer":"SoundCore.SCA3948MoreViewController","$lib_method":"code","$screen_name":
2026-09-04 18:13:51.161781 SoundCore{scbody.dylib}[27259] <NOTICE>: SCBODY #105 seg 8/9 "ModuleOTA.SCUpdateCheckViewController","$lib_version":"4.8.3","$os_version":"26.5.1","$lib":"iOS","$manufacturer":"Apple","product_code":"A3949","event_duratio
2026-09-04 18:13:51.161793 SoundCore{scbody.dylib}[27259] <NOTICE>: SCBODY #105 seg 9/9 n":11.554,"$app_id":"com.oceanwing.SoundCore.G8AW4BQ7RV"},"distinct_id":"25175005-856F-4AAB-A276-01988F6459F5","type":"track"}
2026-09-04 18:13:51.161806 SoundCore{scbody.dylib}[27259] <NOTICE>: SCBODY CAPTURE #105 END
2026-09-04 18:13:51.161839 SoundCore{scbody.dylib}[27259] <NOTICE>: SCBODY MODIFY 1406 -> 1406 bytes
2026-09-04 18:13:51.161853 SoundCore{scbody.dylib}[27259] <NOTICE>: SCBODY CAPTURE #106 src=json-mod url=(none) len=1406 score=2 BEGIN
2026-09-04 18:13:51.161947 SoundCore{scbody.dylib}[27259] <NOTICE>: SCBODY #106 seg 1/9 {"anonymous_id":"25175005-856F-4AAB-A276-01988F6459F5","_track_id":4189290584,"event":"$AppPageLeave","time":1788570831153,"identities":{"$identity_idfv":"34E75
2026-09-04 18:13:51.161963 SoundCore{scbody.dylib}[27259] <NOTICE>: SCBODY #106 seg 2/9 E6C-D52A-428F-877D-1AD51BED73EF","identity_deviceid_sn":"7F4065C3-DF90-4738-8FA5-6BA6B4C35B86||3949E7BDE52DB6F4","$identity_anonymous_id":"25175005-856F-4AAB-A2
2026-09-04 18:13:51.161979 SoundCore{scbody.dylib}[27259] <NOTICE>: SCBODY #106 seg 3/9 76-01988F6459F5"},"lib":{"$lib_version":"4.8.3","$lib":"iOS","$app_version":"5.0.02","$lib_method":"code"},"properties":{"$os":"iOS","$app_version":"5.0.02","$s
2026-09-04 18:13:51.161991 SoundCore{scbody.dylib}[27259] <NOTICE>: SCBODY #106 seg 4/9 creen_width":390,"country":"US","$title":"Update Firmware","sn":"3949000000000000","is_secret":false,"$is_first_day":true,"$model":"iPhone18,5","$device_id":"34
2026-09-04 18:13:51.162003 SoundCore{scbody.dylib}[27259] <NOTICE>: SCBODY #106 seg 5/9 E75E6C-D52A-428F-877D-1AD51BED73EF","uuid":"7F4065C3-DF90-4738-8FA5-6BA6B4C35B86","$network_type":"WIFI","firmware_version":"14.42","device_id":"7F4065C3-DF90-4
2026-09-04 18:13:51.162015 SoundCore{scbody.dylib}[27259] <NOTICE>: SCBODY #106 seg 6/9 738-8FA5-6BA6B4C35B86","$app_name":"soundcore","$wifi":true,"$timezone_offset":420,"$url":"ModuleOTA.SCUpdateCheckViewController","mac":"F4:B6:2D:E5:BD:E7","app
2026-09-04 18:13:51.162028 SoundCore{scbody.dylib}[27259] <NOTICE>: SCBODY #106 seg 7/9 _line":"SoundCore","$referrer_title":"More Settings","$screen_height":844,"$referrer":"SoundCore.SCA3948MoreViewController","$lib_method":"code","$screen_name":
2026-09-04 18:13:51.162041 SoundCore{scbody.dylib}[27259] <NOTICE>: SCBODY #106 seg 8/9 "ModuleOTA.SCUpdateCheckViewController","$lib_version":"4.8.3","$os_version":"26.5.1","$lib":"iOS","$manufacturer":"Apple","product_code":"A3949","event_duratio
2026-09-04 18:13:51.162057 SoundCore{scbody.dylib}[27259] <NOTICE>: SCBODY #106 seg 9/9 n":11.554,"$app_id":"com.oceanwing.SoundCore.G8AW4BQ7RV"},"distinct_id":"25175005-856F-4AAB-A276-01988F6459F5","type":"track"}
2026-09-04 18:13:51.162179 SoundCore{scbody.dylib}[27259] <NOTICE>: SCBODY CAPTURE #106 END
2026-09-04 18:13:51.169588 SoundCore{scbody.dylib}[27259] <NOTICE>: SCBODY CAPTURE #107 src=json url=(none) len=1449 score=2 BEGIN
2026-09-04 18:13:51.169604 SoundCore{scbody.dylib}[27259] <NOTICE>: SCBODY #107 seg 1/10 {"anonymous_id":"25175005-856F-4AAB-A276-01988F6459F5","_track_id":1920185600,"event":"$AppViewScreen","time":1788570831156,"identities":{"$identity_idfv":"34E7
2026-09-04 18:13:51.169715 SoundCore{scbody.dylib}[27259] <NOTICE>: SCBODY #107 seg 2/10 5E6C-D52A-428F-877D-1AD51BED73EF","identity_deviceid_sn":"7F4065C3-DF90-4738-8FA5-6BA6B4C35B86||3949E7BDE52DB6F4","$identity_anonymous_id":"25175005-856F-4AAB-A
2026-09-04 18:13:51.169727 SoundCore{scbody.dylib}[27259] <NOTICE>: SCBODY #107 seg 3/10 276-01988F6459F5"},"lib":{"$lib_method":"autoTrack","$lib_version":"4.8.3","$lib":"iOS","$lib_detail":"SoundCore.SCA3948MoreViewController######","$app_version"
2026-09-04 18:13:51.169756 SoundCore{scbody.dylib}[27259] <NOTICE>: SCBODY #107 seg 4/10 :"5.0.02"},"properties":{"$os":"iOS","$app_version":"5.0.02","$screen_width":390,"country":"US","$title":"More Settings","sn":"3949E7BDE52DB6F4","is_secret":fal
2026-09-04 18:13:51.169813 SoundCore{scbody.dylib}[27259] <NOTICE>: SCBODY #107 seg 5/10 se,"$is_first_day":true,"$model":"iPhone18,5","$device_id":"34E75E6C-D52A-428F-877D-1AD51BED73EF","uuid":"7F4065C3-DF90-4738-8FA5-6BA6B4C35B86","$network_type":
2026-09-04 18:13:51.170100 SoundCore{scbody.dylib}[27259] <NOTICE>: SCBODY #107 seg 6/10 "WIFI","firmware_version":"14.43","device_id":"7F4065C3-DF90-4738-8FA5-6BA6B4C35B86","$app_name":"soundcore","$wifi":true,"$timezone_offset":420,"$url":"SoundCo
2026-09-04 18:13:51.170165 SoundCore{scbody.dylib}[27259] <NOTICE>: SCBODY #107 seg 7/10 re.SCA3948MoreViewController","mac":"F4:B6:2D:E5:BD:E7","app_line":"SoundCore","$referrer_title":"Update Firmware","$screen_height":844,"$referrer":"ModuleOTA.S
2026-09-04 18:13:51.170331 SoundCore{scbody.dylib}[27259] <NOTICE>: SCBODY #107 seg 8/10 CUpdateCheckViewController","$lib_method":"autoTrack","$screen_name":"SoundCore.SCA3948MoreViewController","$lib_version":"4.8.3","$os_version":"26.5.1","$lib":
2026-09-04 18:13:51.170353 SoundCore{scbody.dylib}[27259] <NOTICE>: SCBODY #107 seg 9/10 "iOS","$manufacturer":"Apple","product_code":"A3949","$app_id":"com.oceanwing.SoundCore.G8AW4BQ7RV"},"distinct_id":"25175005-856F-4AAB-A276-01988F6459F5","type"
2026-09-04 18:13:51.170373 SoundCore{scbody.dylib}[27259] <NOTICE>: SCBODY #107 seg 10/10 :"track"}
2026-09-04 18:13:51.170394 SoundCore{scbody.dylib}[27259] <NOTICE>: SCBODY CAPTURE #107 END
2026-09-04 18:13:51.170404 SoundCore{scbody.dylib}[27259] <NOTICE>: SCBODY MODIFY 1449 -> 1449 bytes
2026-09-04 18:13:51.170415 SoundCore{scbody.dylib}[27259] <NOTICE>: SCBODY CAPTURE #108 src=json-mod url=(none) len=1449 score=2 BEGIN
2026-09-04 18:13:51.170425 SoundCore{scbody.dylib}[27259] <NOTICE>: SCBODY #108 seg 1/10 {"anonymous_id":"25175005-856F-4AAB-A276-01988F6459F5","_track_id":1920185600,"event":"$AppViewScreen","time":1788570831156,"identities":{"$identity_idfv":"34E7
2026-09-04 18:13:51.170435 SoundCore{scbody.dylib}[27259] <NOTICE>: SCBODY #108 seg 2/10 5E6C-D52A-428F-877D-1AD51BED73EF","identity_deviceid_sn":"7F4065C3-DF90-4738-8FA5-6BA6B4C35B86||3949E7BDE52DB6F4","$identity_anonymous_id":"25175005-856F-4AAB-A
2026-09-04 18:13:51.170445 SoundCore{scbody.dylib}[27259] <NOTICE>: SCBODY #108 seg 3/10 276-01988F6459F5"},"lib":{"$lib_method":"autoTrack","$lib_version":"4.8.3","$lib":"iOS","$lib_detail":"SoundCore.SCA3948MoreViewController######","$app_version"
2026-09-04 18:13:51.170481 SoundCore{scbody.dylib}[27259] <NOTICE>: SCBODY #108 seg 4/10 :"5.0.02"},"properties":{"$os":"iOS","$app_version":"5.0.02","$screen_width":390,"country":"US","$title":"More Settings","sn":"3949000000000000","is_secret":fal
2026-09-04 18:13:51.170565 SoundCore{scbody.dylib}[27259] <NOTICE>: SCBODY #108 seg 5/10 se,"$is_first_day":true,"$model":"iPhone18,5","$device_id":"34E75E6C-D52A-428F-877D-1AD51BED73EF","uuid":"7F4065C3-DF90-4738-8FA5-6BA6B4C35B86","$network_type":
2026-09-04 18:13:51.170601 SoundCore{scbody.dylib}[27259] <NOTICE>: SCBODY #108 seg 6/10 "WIFI","firmware_version":"14.42","device_id":"7F4065C3-DF90-4738-8FA5-6BA6B4C35B86","$app_name":"soundcore","$wifi":true,"$timezone_offset":420,"$url":"SoundCo
2026-09-04 18:13:51.170612 SoundCore{scbody.dylib}[27259] <NOTICE>: SCBODY #108 seg 7/10 re.SCA3948MoreViewController","mac":"F4:B6:2D:E5:BD:E7","app_line":"SoundCore","$referrer_title":"Update Firmware","$screen_height":844,"$referrer":"ModuleOTA.S
2026-09-04 18:13:51.170621 SoundCore{scbody.dylib}[27259] <NOTICE>: SCBODY #108 seg 8/10 CUpdateCheckViewController","$lib_method":"autoTrack","$screen_name":"SoundCore.SCA3948MoreViewController","$lib_version":"4.8.3","$os_version":"26.5.1","$lib":
2026-09-04 18:13:51.170630 SoundCore{scbody.dylib}[27259] <NOTICE>: SCBODY #108 seg 9/10 "iOS","$manufacturer":"Apple","product_code":"A3949","$app_id":"com.oceanwing.SoundCore.G8AW4BQ7RV"},"distinct_id":"25175005-856F-4AAB-A276-01988F6459F5","type"
2026-09-04 18:13:51.170644 SoundCore{scbody.dylib}[27259] <NOTICE>: SCBODY #108 seg 10/10 :"track"}
2026-09-04 18:13:51.170697 SoundCore{scbody.dylib}[27259] <NOTICE>: SCBODY CAPTURE #108 END
2026-09-04 18:13:52.923462 SoundCore{scbody.dylib}[27259] <NOTICE>: SCBODY CAPTURE #109 src=json url=(none) len=1440 score=2 BEGIN
2026-09-04 18:13:52.923499 SoundCore{scbody.dylib}[27259] <NOTICE>: SCBODY #109 seg 1/9 {"anonymous_id":"25175005-856F-4AAB-A276-01988F6459F5","_track_id":2200976527,"event":"$AppClick","time":1788570832917,"identities":{"$identity_idfv":"34E75E6C-
2026-09-04 18:13:52.923535 SoundCore{scbody.dylib}[27259] <NOTICE>: SCBODY #109 seg 2/9 D52A-428F-877D-1AD51BED73EF","identity_deviceid_sn":"7F4065C3-DF90-4738-8FA5-6BA6B4C35B86||3949E7BDE52DB6F4","$identity_anonymous_id":"25175005-856F-4AAB-A276-0
2026-09-04 18:13:52.923547 SoundCore{scbody.dylib}[27259] <NOTICE>: SCBODY #109 seg 3/9 1988F6459F5"},"lib":{"$lib_method":"autoTrack","$lib_version":"4.8.3","$lib":"iOS","$lib_detail":"SoundCore.SCA3948MoreViewController######","$app_version":"5.0
2026-09-04 18:13:52.923661 SoundCore{scbody.dylib}[27259] <NOTICE>: SCBODY #109 seg 4/9 .02"},"properties":{"$os":"iOS","$screen_width":390,"$app_version":"5.0.02","country":"US","$title":"More Settings","sn":"3949E7BDE52DB6F4","$element_content":"
2026-09-04 18:13:52.924079 SoundCore{scbody.dylib}[27259] <NOTICE>: SCBODY #109 seg 5/9 Update Firmware","is_secret":false,"$is_first_day":true,"$model":"iPhone18,5","$device_id":"34E75E6C-D52A-428F-877D-1AD51BED73EF","uuid":"7F4065C3-DF90-4738-8FA
2026-09-04 18:13:52.924107 SoundCore{scbody.dylib}[27259] <NOTICE>: SCBODY #109 seg 6/9 5-6BA6B4C35B86","$timezone_offset":420,"$network_type":"WIFI","$element_type":"UITableView","firmware_version":"14.43","device_id":"7F4065C3-DF90-4738-8FA5-6BA6
2026-09-04 18:13:52.924179 SoundCore{scbody.dylib}[27259] <NOTICE>: SCBODY #109 seg 7/9 B4C35B86","$app_name":"soundcore","$element_position":"2:0","$wifi":true,"mac":"F4:B6:2D:E5:BD:E7","app_line":"SoundCore","$referrer_title":"Update Firmware","$
2026-09-04 18:13:52.924199 SoundCore{scbody.dylib}[27259] <NOTICE>: SCBODY #109 seg 8/9 screen_height":844,"$lib_method":"autoTrack","$screen_name":"SoundCore.SCA3948MoreViewController","$lib_version":"4.8.3","$os_version":"26.5.1","$lib":"iOS","$m
2026-09-04 18:13:52.924250 SoundCore{scbody.dylib}[27259] <NOTICE>: SCBODY #109 seg 9/9 anufacturer":"Apple","product_code":"A3949","$app_id":"com.oceanwing.SoundCore.G8AW4BQ7RV"},"distinct_id":"25175005-856F-4AAB-A276-01988F6459F5","type":"track"}
2026-09-04 18:13:52.924300 SoundCore{scbody.dylib}[27259] <NOTICE>: SCBODY CAPTURE #109 END
2026-09-04 18:13:52.924320 SoundCore{scbody.dylib}[27259] <NOTICE>: SCBODY MODIFY 1440 -> 1440 bytes
2026-09-04 18:13:52.924349 SoundCore{scbody.dylib}[27259] <NOTICE>: SCBODY CAPTURE #110 src=json-mod url=(none) len=1440 score=2 BEGIN
2026-09-04 18:13:52.924379 SoundCore{scbody.dylib}[27259] <NOTICE>: SCBODY #110 seg 1/9 {"anonymous_id":"25175005-856F-4AAB-A276-01988F6459F5","_track_id":2200976527,"event":"$AppClick","time":1788570832917,"identities":{"$identity_idfv":"34E75E6C-
2026-09-04 18:13:52.924429 SoundCore{scbody.dylib}[27259] <NOTICE>: SCBODY #110 seg 2/9 D52A-428F-877D-1AD51BED73EF","identity_deviceid_sn":"7F4065C3-DF90-4738-8FA5-6BA6B4C35B86||3949E7BDE52DB6F4","$identity_anonymous_id":"25175005-856F-4AAB-A276-0
2026-09-04 18:13:52.924452 SoundCore{scbody.dylib}[27259] <NOTICE>: SCBODY #110 seg 3/9 1988F6459F5"},"lib":{"$lib_method":"autoTrack","$lib_version":"4.8.3","$lib":"iOS","$lib_detail":"SoundCore.SCA3948MoreViewController######","$app_version":"5.0
2026-09-04 18:13:52.924482 SoundCore{scbody.dylib}[27259] <NOTICE>: SCBODY #110 seg 4/9 .02"},"properties":{"$os":"iOS","$screen_width":390,"$app_version":"5.0.02","country":"US","$title":"More Settings","sn":"3949000000000000","$element_content":"
2026-09-04 18:13:52.924623 SoundCore{scbody.dylib}[27259] <NOTICE>: SCBODY #110 seg 5/9 Update Firmware","is_secret":false,"$is_first_day":true,"$model":"iPhone18,5","$device_id":"34E75E6C-D52A-428F-877D-1AD51BED73EF","uuid":"7F4065C3-DF90-4738-8FA
2026-09-04 18:13:52.924636 SoundCore{scbody.dylib}[27259] <NOTICE>: SCBODY #110 seg 6/9 5-6BA6B4C35B86","$timezone_offset":420,"$network_type":"WIFI","$element_type":"UITableView","firmware_version":"14.42","device_id":"7F4065C3-DF90-4738-8FA5-6BA6
2026-09-04 18:13:52.924648 SoundCore{scbody.dylib}[27259] <NOTICE>: SCBODY #110 seg 7/9 B4C35B86","$app_name":"soundcore","$element_position":"2:0","$wifi":true,"mac":"F4:B6:2D:E5:BD:E7","app_line":"SoundCore","$referrer_title":"Update Firmware","$
2026-09-04 18:13:52.924666 SoundCore{scbody.dylib}[27259] <NOTICE>: SCBODY #110 seg 8/9 screen_height":844,"$lib_method":"autoTrack","$screen_name":"SoundCore.SCA3948MoreViewController","$lib_version":"4.8.3","$os_version":"26.5.1","$lib":"iOS","$m
2026-09-04 18:13:52.924681 SoundCore{scbody.dylib}[27259] <NOTICE>: SCBODY #110 seg 9/9 anufacturer":"Apple","product_code":"A3949","$app_id":"com.oceanwing.SoundCore.G8AW4BQ7RV"},"distinct_id":"25175005-856F-4AAB-A276-01988F6459F5","type":"track"}
2026-09-04 18:13:52.924692 SoundCore{scbody.dylib}[27259] <NOTICE>: SCBODY CAPTURE #110 END
2026-09-04 18:13:52.938832 SoundCore{scbody.dylib}[27259] <NOTICE>: SCBODY CAPTURE #111 src=json url=(none) len=416 score=2 BEGIN
2026-09-04 18:13:52.938878 SoundCore{scbody.dylib}[27259] <NOTICE>: SCBODY #111 seg 1/3 {"events":[{"value_string":"1","module":"OTA","time":"1788570832","device_id":"","mac":"F4:B6:2D:E5:BD:E7","product_code":"A3949","sn":"3949E7BDE52DB6F4","type"
2026-09-04 18:13:52.938899 SoundCore{scbody.dylib}[27259] <NOTICE>: SCBODY #111 seg 2/3 :"0","name":"APP_OTA_ENTER"}],"country":"US","sys_type":"iOS","http_user_agent":"soundcore-iOS-5.0.02","phone_model":"iPhone18,5","uuid":"31B01C63-15A4-4C25-A7D
2026-09-04 18:13:52.938917 SoundCore{scbody.dylib}[27259] <NOTICE>: SCBODY #111 seg 3/3 5-D2D9AD219090","user_id":"","phone_name":"iPhone","sys_version":"26.5.1","phone_brand":"Apple"}
2026-09-04 18:13:52.938930 SoundCore{scbody.dylib}[27259] <NOTICE>: SCBODY CAPTURE #111 END
2026-09-04 18:13:52.939374 SoundCore{scbody.dylib}[27259] <NOTICE>: SCBODY MODIFY 416 -> 416 bytes
2026-09-04 18:13:52.939421 SoundCore{scbody.dylib}[27259] <NOTICE>: SCBODY CAPTURE #112 src=json-mod url=(none) len=416 score=2 BEGIN
2026-09-04 18:13:52.939521 SoundCore{scbody.dylib}[27259] <NOTICE>: SCBODY #112 seg 1/3 {"events":[{"value_string":"1","module":"OTA","time":"1788570832","device_id":"","mac":"F4:B6:2D:E5:BD:E7","product_code":"A3949","sn":"3949000000000000","type"
2026-09-04 18:13:52.939533 SoundCore{scbody.dylib}[27259] <NOTICE>: SCBODY #112 seg 2/3 :"0","name":"APP_OTA_ENTER"}],"country":"US","sys_type":"iOS","http_user_agent":"soundcore-iOS-5.0.02","phone_model":"iPhone18,5","uuid":"31B01C63-15A4-4C25-A7D
2026-09-04 18:13:52.939543 SoundCore{scbody.dylib}[27259] <NOTICE>: SCBODY #112 seg 3/3 5-D2D9AD219090","user_id":"","phone_name":"iPhone","sys_version":"26.5.1","phone_brand":"Apple"}
2026-09-04 18:13:52.939796 SoundCore{scbody.dylib}[27259] <NOTICE>: SCBODY CAPTURE #112 END
2026-09-04 18:13:52.947412 SoundCore{scbody.dylib}[27259] <NOTICE>: SCBODY CAPTURE #113 src=json url=(none) len=1310 score=2 BEGIN
2026-09-04 18:13:52.947518 SoundCore{scbody.dylib}[27259] <NOTICE>: SCBODY #113 seg 1/9 {"anonymous_id":"25175005-856F-4AAB-A276-01988F6459F5","_track_id":992692952,"event":"SC_OTA_PAGEVIEW","time":1788570832945,"identities":{"$identity_idfv":"34E7
2026-09-04 18:13:52.947533 SoundCore{scbody.dylib}[27259] <NOTICE>: SCBODY #113 seg 2/9 5E6C-D52A-428F-877D-1AD51BED73EF","identity_deviceid_sn":"7F4065C3-DF90-4738-8FA5-6BA6B4C35B86||3949E7BDE52DB6F4","$identity_anonymous_id":"25175005-856F-4AAB-A
2026-09-04 18:13:52.947559 SoundCore{scbody.dylib}[27259] <NOTICE>: SCBODY #113 seg 3/9 276-01988F6459F5"},"lib":{"$lib_version":"4.8.3","$lib":"iOS","$app_version":"5.0.02","$lib_method":"code"},"properties":{"$os":"iOS","$screen_width":390,"$app_
2026-09-04 18:13:52.947568 SoundCore{scbody.dylib}[27259] <NOTICE>: SCBODY #113 seg 4/9 version":"5.0.02","country":"US","sn":"3949E7BDE52DB6F4","is_secret":false,"$is_first_day":true,"$model":"iPhone18,5","$device_id":"34E75E6C-D52A-428F-877D-1AD5
2026-09-04 18:13:52.947591 SoundCore{scbody.dylib}[27259] <NOTICE>: SCBODY #113 seg 5/9 1BED73EF","uuid":"7F4065C3-DF90-4738-8FA5-6BA6B4C35B86","requirement_id":478,"$network_type":"WIFI","page_name":"firmware_update","$wifi":true,"firmware_version
2026-09-04 18:13:52.947599 SoundCore{scbody.dylib}[27259] <NOTICE>: SCBODY #113 seg 6/9 ":"14.43","$app_name":"soundcore","device_id":"7F4065C3-DF90-4738-8FA5-6BA6B4C35B86","$timezone_offset":420,"mac":"F4:B6:2D:E5:BD:E7","app_line":"SoundCore","$r
2026-09-04 18:13:52.947908 SoundCore{scbody.dylib}[27259] <NOTICE>: SCBODY #113 seg 7/9 eferrer_title":"Update Firmware","$screen_height":844,"track_sign":"aSC_OTA.b130.PAGEVIEW.SC_OTA_PAGEVIEW","$lib_method":"code","$lib_version":"4.8.3","$os_vers
2026-09-04 18:13:52.947943 SoundCore{scbody.dylib}[27259] <NOTICE>: SCBODY #113 seg 8/9 ion":"26.5.1","$lib":"iOS","$manufacturer":"Apple","product_code":"A3949","$app_id":"com.oceanwing.SoundCore.G8AW4BQ7RV"},"distinct_id":"25175005-856F-4AAB-A276
2026-09-04 18:13:52.947978 SoundCore{scbody.dylib}[27259] <NOTICE>: SCBODY #113 seg 9/9 -01988F6459F5","type":"track"}
2026-09-04 18:13:52.947997 SoundCore{scbody.dylib}[27259] <NOTICE>: SCBODY CAPTURE #113 END
2026-09-04 18:13:52.948025 SoundCore{scbody.dylib}[27259] <NOTICE>: SCBODY MODIFY 1310 -> 1310 bytes
2026-09-04 18:13:52.948037 SoundCore{scbody.dylib}[27259] <NOTICE>: SCBODY CAPTURE #114 src=json-mod url=(none) len=1310 score=2 BEGIN
2026-09-04 18:13:52.948045 SoundCore{scbody.dylib}[27259] <NOTICE>: SCBODY #114 seg 1/9 {"anonymous_id":"25175005-856F-4AAB-A276-01988F6459F5","_track_id":992692952,"event":"SC_OTA_PAGEVIEW","time":1788570832945,"identities":{"$identity_idfv":"34E7
2026-09-04 18:13:52.948067 SoundCore{scbody.dylib}[27259] <NOTICE>: SCBODY #114 seg 2/9 5E6C-D52A-428F-877D-1AD51BED73EF","identity_deviceid_sn":"7F4065C3-DF90-4738-8FA5-6BA6B4C35B86||3949E7BDE52DB6F4","$identity_anonymous_id":"25175005-856F-4AAB-A
2026-09-04 18:13:52.948077 SoundCore{scbody.dylib}[27259] <NOTICE>: SCBODY #114 seg 3/9 276-01988F6459F5"},"lib":{"$lib_version":"4.8.3","$lib":"iOS","$app_version":"5.0.02","$lib_method":"code"},"properties":{"$os":"iOS","$screen_width":390,"$app_
2026-09-04 18:13:52.948085 SoundCore{scbody.dylib}[27259] <NOTICE>: SCBODY #114 seg 4/9 version":"5.0.02","country":"US","sn":"3949000000000000","is_secret":false,"$is_first_day":true,"$model":"iPhone18,5","$device_id":"34E75E6C-D52A-428F-877D-1AD5
2026-09-04 18:13:52.948107 SoundCore{scbody.dylib}[27259] <NOTICE>: SCBODY #114 seg 5/9 1BED73EF","uuid":"7F4065C3-DF90-4738-8FA5-6BA6B4C35B86","requirement_id":478,"$network_type":"WIFI","page_name":"firmware_update","$wifi":true,"firmware_version
2026-09-04 18:13:52.948116 SoundCore{scbody.dylib}[27259] <NOTICE>: SCBODY #114 seg 6/9 ":"14.42","$app_name":"soundcore","device_id":"7F4065C3-DF90-4738-8FA5-6BA6B4C35B86","$timezone_offset":420,"mac":"F4:B6:2D:E5:BD:E7","app_line":"SoundCore","$r
2026-09-04 18:13:52.948124 SoundCore{scbody.dylib}[27259] <NOTICE>: SCBODY #114 seg 7/9 eferrer_title":"Update Firmware","$screen_height":844,"track_sign":"aSC_OTA.b130.PAGEVIEW.SC_OTA_PAGEVIEW","$lib_method":"code","$lib_version":"4.8.3","$os_vers
2026-09-04 18:13:52.948132 SoundCore{scbody.dylib}[27259] <NOTICE>: SCBODY #114 seg 8/9 ion":"26.5.1","$lib":"iOS","$manufacturer":"Apple","product_code":"A3949","$app_id":"com.oceanwing.SoundCore.G8AW4BQ7RV"},"distinct_id":"25175005-856F-4AAB-A276
2026-09-04 18:13:52.948142 SoundCore{scbody.dylib}[27259] <NOTICE>: SCBODY #114 seg 9/9 -01988F6459F5","type":"track"}
2026-09-04 18:13:52.948152 SoundCore{scbody.dylib}[27259] <NOTICE>: SCBODY CAPTURE #114 END
2026-09-04 18:13:52.959556 SoundCore{scbody.dylib}[27259] <NOTICE>: SCBODY CAPTURE #115 src=resp url=(none) len=129 score=5 BEGIN
2026-09-04 18:13:52.959574 SoundCore{scbody.dylib}[27259] <NOTICE>: SCBODY #115 seg 1/1 {"firmware_list":[{"product_component":"ALL","product_code":"A3949","version":"14.43","relation_sn":"","sn":"3949E7BDE52DB6F4"}]}
2026-09-04 18:13:52.959591 SoundCore{scbody.dylib}[27259] <NOTICE>: SCBODY CAPTURE #115 END
2026-09-04 18:13:52.959644 SoundCore{scbody.dylib}[27259] <NOTICE>: SCBODY HDR phone_virtual_id: 31B01C63-15A4-4C25-A7D5-D2D9AD219090
2026-09-04 18:13:52.959660 SoundCore{scbody.dylib}[27259] <NOTICE>: SCBODY HDR language: en
2026-09-04 18:13:52.959669 SoundCore{scbody.dylib}[27259] <NOTICE>: SCBODY HDR AnkerBG: SPEAKER
2026-09-04 18:13:52.959678 SoundCore{scbody.dylib}[27259] <NOTICE>: SCBODY HDR unique-sign: 8539125de0ae3053ca05756370fd5d3d
2026-09-04 18:13:52.959690 SoundCore{scbody.dylib}[27259] <NOTICE>: SCBODY HDR token: cc5f631b49e9d854a82dd7d4d8f9203e
2026-09-04 18:13:52.959712 SoundCore{scbody.dylib}[27259] <NOTICE>: SCBODY HDR X-Request-Ts: 1788570832
2026-09-04 18:13:52.959723 SoundCore{scbody.dylib}[27259] <NOTICE>: SCBODY HDR X-Request-Once: 4EA9EF60-56E7-47AF-BCE0-689717B8CCFA
2026-09-04 18:13:52.959732 SoundCore{scbody.dylib}[27259] <NOTICE>: SCBODY HDR timezone: America/Los_Angeles
2026-09-04 18:13:52.959742 SoundCore{scbody.dylib}[27259] <NOTICE>: SCBODY HDR sys_version: 26.5.1
2026-09-04 18:13:52.959754 SoundCore{scbody.dylib}[27259] <NOTICE>: SCBODY HDR Openudid: 31B01C63-15A4-4C25-A7D5-D2D9AD219090
2026-09-04 18:13:52.959772 SoundCore{scbody.dylib}[27259] <NOTICE>: SCBODY HDR country: US
2026-09-04 18:13:52.959781 SoundCore{scbody.dylib}[27259] <NOTICE>: SCBODY HDR X-App-Key: soundcore
2026-09-04 18:13:52.959799 SoundCore{scbody.dylib}[27259] <NOTICE>: SCBODY HDR Gtoken: aa4bd12c0afce18a24501982cb8e2dd0
2026-09-04 18:13:52.959813 SoundCore{scbody.dylib}[27259] <NOTICE>: SCBODY HDR terminal-id: 31B01C63-15A4-4C25-A7D5-D2D9AD219090
2026-09-04 18:13:52.959821 SoundCore{scbody.dylib}[27259] <NOTICE>: SCBODY HDR User-Agent: Soundcore-iOS-5.0.02
2026-09-04 18:13:52.959884 SoundCore{scbody.dylib}[27259] <NOTICE>: SCBODY MODIFY 129 -> 129 bytes
2026-09-04 18:13:52.959896 SoundCore{scbody.dylib}[27259] <NOTICE>: SCBODY HDR Content-Type: application/json
2026-09-04 18:13:52.959935 SoundCore{scbody.dylib}[27259] <NOTICE>: SCBODY HDRSNAP Content-Type: application/json
2026-09-04 18:13:52.959946 SoundCore{scbody.dylib}[27259] <NOTICE>: SCBODY HDRSNAP Gtoken: aa4bd12c0afce18a24501982cb8e2dd0
2026-09-04 18:13:52.959957 SoundCore{scbody.dylib}[27259] <NOTICE>: SCBODY HDRSNAP X-Request-Ts: 1788570832
2026-09-04 18:13:52.959968 SoundCore{scbody.dylib}[27259] <NOTICE>: SCBODY HDRSNAP sys_version: 26.5.1
2026-09-04 18:13:52.959979 SoundCore{scbody.dylib}[27259] <NOTICE>: SCBODY HDRSNAP Openudid: 31B01C63-15A4-4C25-A7D5-D2D9AD219090
2026-09-04 18:13:52.959990 SoundCore{scbody.dylib}[27259] <NOTICE>: SCBODY HDRSNAP X-Request-Once: 4EA9EF60-56E7-47AF-BCE0-689717B8CCFA
2026-09-04 18:13:52.960000 SoundCore{scbody.dylib}[27259] <NOTICE>: SCBODY HDRSNAP unique-sign: 8539125de0ae3053ca05756370fd5d3d
2026-09-04 18:13:52.960011 SoundCore{scbody.dylib}[27259] <NOTICE>: SCBODY HDRSNAP token: cc5f631b49e9d854a82dd7d4d8f9203e
2026-09-04 18:13:52.960021 SoundCore{scbody.dylib}[27259] <NOTICE>: SCBODY HDRSNAP language: en
2026-09-04 18:13:52.960031 SoundCore{scbody.dylib}[27259] <NOTICE>: SCBODY HDRSNAP terminal-id: 31B01C63-15A4-4C25-A7D5-D2D9AD219090
2026-09-04 18:13:52.960039 SoundCore{scbody.dylib}[27259] <NOTICE>: SCBODY HDRSNAP User-Agent: Soundcore-iOS-5.0.02
2026-09-04 18:13:52.960047 SoundCore{scbody.dylib}[27259] <NOTICE>: SCBODY HDRSNAP timezone: America/Los_Angeles
2026-09-04 18:13:52.960056 SoundCore{scbody.dylib}[27259] <NOTICE>: SCBODY HDRSNAP phone_virtual_id: 31B01C63-15A4-4C25-A7D5-D2D9AD219090
2026-09-04 18:13:52.960067 SoundCore{scbody.dylib}[27259] <NOTICE>: SCBODY HDRSNAP country: US
2026-09-04 18:13:52.960076 SoundCore{scbody.dylib}[27259] <NOTICE>: SCBODY HDRSNAP AnkerBG: SPEAKER
2026-09-04 18:13:52.960086 SoundCore{scbody.dylib}[27259] <NOTICE>: SCBODY HDRSNAP X-App-Key: soundcore
2026-09-04 18:13:52.960221 SoundCore{scbody.dylib}[27259] <NOTICE>: SCBODY MODIFY 129 -> 129 bytes
2026-09-04 18:13:52.960677 SoundCore{scbody.dylib}[27259] <NOTICE>: SCBODY CAPTURE #116 src=httpBody url=https://speaker.eufylife.com/api/v2/speaker/firmware/upgrade_check/batch len=196 score=0 BEGIN
2026-09-04 18:13:52.960699 SoundCore{scbody.dylib}[27259] <NOTICE>: SCBODY #116 seg 1/2 MTc4ODU3MDgzMjk2MDM2OcsjSiI02IxpSc48bd1WGoymdq5L9pNrRDiFkLP6T49oEnaggnS/Mb9iKlQmprP2a0cS8CPkxuHK6+TOVJV5iz+IlvE9uh9Hiqk/+1H/UOdoaKEZkpQmzarh9ssXj10hO0af9ZPhYaLu
2026-09-04 18:13:52.960722 SoundCore{scbody.dylib}[27259] <NOTICE>: SCBODY #116 seg 2/2 ZeUkqJMCXXAxlHcvmlEEgUBKfP+ffUTN7Q==
2026-09-04 18:13:52.960736 SoundCore{scbody.dylib}[27259] <NOTICE>: SCBODY CAPTURE #116 END
2026-09-04 18:13:52.960750 SoundCore{scbody.dylib}[27259] <NOTICE>: SCBODY HDRSNAP Content-Type: application/json
2026-09-04 18:13:52.960761 SoundCore{scbody.dylib}[27259] <NOTICE>: SCBODY HDRSNAP Gtoken: aa4bd12c0afce18a24501982cb8e2dd0
2026-09-04 18:13:52.960772 SoundCore{scbody.dylib}[27259] <NOTICE>: SCBODY HDRSNAP X-Request-Ts: 1788570832
2026-09-04 18:13:52.960783 SoundCore{scbody.dylib}[27259] <NOTICE>: SCBODY HDRSNAP sys_version: 26.5.1
2026-09-04 18:13:52.960794 SoundCore{scbody.dylib}[27259] <NOTICE>: SCBODY HDRSNAP Openudid: 31B01C63-15A4-4C25-A7D5-D2D9AD219090
2026-09-04 18:13:52.960803 SoundCore{scbody.dylib}[27259] <NOTICE>: SCBODY HDRSNAP X-Request-Once: 4EA9EF60-56E7-47AF-BCE0-689717B8CCFA
2026-09-04 18:13:52.960812 SoundCore{scbody.dylib}[27259] <NOTICE>: SCBODY HDRSNAP unique-sign: 8539125de0ae3053ca05756370fd5d3d
2026-09-04 18:13:52.960823 SoundCore{scbody.dylib}[27259] <NOTICE>: SCBODY HDRSNAP token: cc5f631b49e9d854a82dd7d4d8f9203e
2026-09-04 18:13:52.960831 SoundCore{scbody.dylib}[27259] <NOTICE>: SCBODY HDRSNAP language: en
2026-09-04 18:13:52.960839 SoundCore{scbody.dylib}[27259] <NOTICE>: SCBODY HDRSNAP terminal-id: 31B01C63-15A4-4C25-A7D5-D2D9AD219090
2026-09-04 18:13:52.960847 SoundCore{scbody.dylib}[27259] <NOTICE>: SCBODY HDRSNAP User-Agent: Soundcore-iOS-5.0.02
2026-09-04 18:13:52.960857 SoundCore{scbody.dylib}[27259] <NOTICE>: SCBODY HDRSNAP timezone: America/Los_Angeles
2026-09-04 18:13:52.960865 SoundCore{scbody.dylib}[27259] <NOTICE>: SCBODY HDRSNAP phone_virtual_id: 31B01C63-15A4-4C25-A7D5-D2D9AD219090
2026-09-04 18:13:52.960874 SoundCore{scbody.dylib}[27259] <NOTICE>: SCBODY HDRSNAP country: US
2026-09-04 18:13:52.960890 SoundCore{scbody.dylib}[27259] <NOTICE>: SCBODY HDRSNAP AnkerBG: SPEAKER
2026-09-04 18:13:52.960901 SoundCore{scbody.dylib}[27259] <NOTICE>: SCBODY HDRSNAP X-App-Key: soundcore
2026-09-04 18:13:52.961069 SoundCore{scbody.dylib}[27259] <NOTICE>: SCBODY HDRSNAP Content-Type: application/json
2026-09-04 18:13:52.961079 SoundCore{scbody.dylib}[27259] <NOTICE>: SCBODY HDRSNAP Gtoken: aa4bd12c0afce18a24501982cb8e2dd0
2026-09-04 18:13:52.961088 SoundCore{scbody.dylib}[27259] <NOTICE>: SCBODY HDRSNAP X-Request-Ts: 1788570832
2026-09-04 18:13:52.961119 SoundCore{scbody.dylib}[27259] <NOTICE>: SCBODY HDRSNAP sys_version: 26.5.1
2026-09-04 18:13:52.961129 SoundCore{scbody.dylib}[27259] <NOTICE>: SCBODY HDRSNAP Openudid: 31B01C63-15A4-4C25-A7D5-D2D9AD219090
2026-09-04 18:13:52.961140 SoundCore{scbody.dylib}[27259] <NOTICE>: SCBODY HDRSNAP X-Request-Once: 4EA9EF60-56E7-47AF-BCE0-689717B8CCFA
2026-09-04 18:13:52.961148 SoundCore{scbody.dylib}[27259] <NOTICE>: SCBODY HDRSNAP unique-sign: 8539125de0ae3053ca05756370fd5d3d
2026-09-04 18:13:52.961187 SoundCore{scbody.dylib}[27259] <NOTICE>: SCBODY HDRSNAP token: cc5f631b49e9d854a82dd7d4d8f9203e
2026-09-04 18:13:52.961197 SoundCore{scbody.dylib}[27259] <NOTICE>: SCBODY HDRSNAP language: en
2026-09-04 18:13:52.961205 SoundCore{scbody.dylib}[27259] <NOTICE>: SCBODY HDRSNAP terminal-id: 31B01C63-15A4-4C25-A7D5-D2D9AD219090
2026-09-04 18:13:52.961221 SoundCore{scbody.dylib}[27259] <NOTICE>: SCBODY HDRSNAP User-Agent: Soundcore-iOS-5.0.02
2026-09-04 18:13:52.961229 SoundCore{scbody.dylib}[27259] <NOTICE>: SCBODY HDRSNAP timezone: America/Los_Angeles
2026-09-04 18:13:52.961236 SoundCore{scbody.dylib}[27259] <NOTICE>: SCBODY HDRSNAP phone_virtual_id: 31B01C63-15A4-4C25-A7D5-D2D9AD219090
2026-09-04 18:13:52.961245 SoundCore{scbody.dylib}[27259] <NOTICE>: SCBODY HDRSNAP country: US
2026-09-04 18:13:52.961257 SoundCore{scbody.dylib}[27259] <NOTICE>: SCBODY HDRSNAP AnkerBG: SPEAKER
2026-09-04 18:13:52.961265 SoundCore{scbody.dylib}[27259] <NOTICE>: SCBODY HDRSNAP X-App-Key: soundcore
2026-09-04 18:13:52.961273 SoundCore{scbody.dylib}[27259] <NOTICE>: SCBODY HDR Transfer-Encoding:
2026-09-04 18:13:53.285694 SoundCore{scbody.dylib}[27259] <NOTICE>: SCBODY CAPTURE #117 src=json url=(none) len=133 score=2 BEGIN
2026-09-04 18:13:53.286501 SoundCore{scbody.dylib}[27259] <NOTICE>: SCBODY #117 seg 1/1 {"res_code":1,"data":{"upgrade_list":[{"needUpdate":false,"lastPackage":null}],"message":"SUCCESS","res_code":1},"message":"SUCCESS"}
2026-09-04 18:13:53.286798 SoundCore{scbody.dylib}[27259] <NOTICE>: SCBODY CAPTURE #117 END
2026-09-04 18:13:53.295071 SoundCore{scbody.dylib}[27259] <NOTICE>: SCBODY MODIFY 28 -> 28 bytes
2026-09-04 18:13:53.298942 SoundCore{scbody.dylib}[27259] <NOTICE>: SCBODY CAPTURE #118 src=json url=(none) len=467 score=2 BEGIN
2026-09-04 18:13:53.299083 SoundCore{scbody.dylib}[27259] <NOTICE>: SCBODY #118 seg 1/3 {"events":[{"value_string":"{\"firmware_version\":\"14.42\"}","module":"OTA","time":"1788570833","mac":"F4:B6:2D:E5:BD:E7","device_id":"","product_code":"A3949"
2026-09-04 18:13:53.299191 SoundCore{scbody.dylib}[27259] <NOTICE>: SCBODY #118 seg 2/3 ,"sn":"3949E7BDE52DB6F4","type":"1","name":"APP_ENTER_OTA_WITHOUT_NEED_UPDATE"}],"country":"US","sys_type":"iOS","http_user_agent":"soundcore-iOS-5.0.02","phone
2026-09-04 18:13:53.299282 SoundCore{scbody.dylib}[27259] <NOTICE>: SCBODY #118 seg 3/3 _model":"iPhone18,5","uuid":"31B01C63-15A4-4C25-A7D5-D2D9AD219090","user_id":"","phone_name":"iPhone","sys_version":"26.5.1","phone_brand":"Apple"}
2026-09-04 18:13:53.299453 SoundCore{scbody.dylib}[27259] <NOTICE>: SCBODY CAPTURE #118 END
2026-09-04 18:13:53.299523 SoundCore{scbody.dylib}[27259] <NOTICE>: SCBODY MODIFY 467 -> 467 bytes
2026-09-04 18:13:53.299773 SoundCore{scbody.dylib}[27259] <NOTICE>: SCBODY CAPTURE #119 src=json-mod url=(none) len=467 score=2 BEGIN
2026-09-04 18:13:53.299854 SoundCore{scbody.dylib}[27259] <NOTICE>: SCBODY #119 seg 1/3 {"events":[{"value_string":"{\"firmware_version\":\"14.42\"}","module":"OTA","time":"1788570833","mac":"F4:B6:2D:E5:BD:E7","device_id":"","product_code":"A3949"
2026-09-04 18:13:53.299884 SoundCore{scbody.dylib}[27259] <NOTICE>: SCBODY #119 seg 2/3 ,"sn":"3949000000000000","type":"1","name":"APP_ENTER_OTA_WITHOUT_NEED_UPDATE"}],"country":"US","sys_type":"iOS","http_user_agent":"soundcore-iOS-5.0.02","phone
2026-09-04 18:13:53.299899 SoundCore{scbody.dylib}[27259] <NOTICE>: SCBODY #119 seg 3/3 _model":"iPhone18,5","uuid":"31B01C63-15A4-4C25-A7D5-D2D9AD219090","user_id":"","phone_name":"iPhone","sys_version":"26.5.1","phone_brand":"Apple"}
2026-09-04 18:13:53.299940 SoundCore{scbody.dylib}[27259] <NOTICE>: SCBODY CAPTURE #119 END
2026-09-04 18:13:53.300199 SoundCore{scbody.dylib}[27259] <NOTICE>: SCBODY CAPTURE #120 src=json url=(none) len=1345 score=2 BEGIN
2026-09-04 18:13:53.300220 SoundCore{scbody.dylib}[27259] <NOTICE>: SCBODY #120 seg 1/9 {"anonymous_id":"25175005-856F-4AAB-A276-01988F6459F5","_track_id":2879821021,"event":"SC_OTA_RESULT","time":1788570833298,"identities":{"$identity_idfv":"34E75
2026-09-04 18:13:53.300249 SoundCore{scbody.dylib}[27259] <NOTICE>: SCBODY #120 seg 2/9 E6C-D52A-428F-877D-1AD51BED73EF","identity_deviceid_sn":"7F4065C3-DF90-4738-8FA5-6BA6B4C35B86||3949E7BDE52DB6F4","$identity_anonymous_id":"25175005-856F-4AAB-A2
2026-09-04 18:13:53.300291 SoundCore{scbody.dylib}[27259] <NOTICE>: SCBODY #120 seg 3/9 76-01988F6459F5"},"lib":{"$lib_version":"4.8.3","$lib":"iOS","$app_version":"5.0.02","$lib_method":"code"},"properties":{"$app_id":"com.oceanwing.SoundCore.G8AW
2026-09-04 18:13:53.300303 SoundCore{scbody.dylib}[27259] <NOTICE>: SCBODY #120 seg 4/9 4BQ7RV","$os":"iOS","$screen_width":390,"$app_version":"5.0.02","country":"US","sn":"3949E7BDE52DB6F4","is_secret":false,"$is_first_day":true,"$model":"iPhone18
2026-09-04 18:13:53.300340 SoundCore{scbody.dylib}[27259] <NOTICE>: SCBODY #120 seg 5/9 ,5","$device_id":"34E75E6C-D52A-428F-877D-1AD51BED73EF","uuid":"7F4065C3-DF90-4738-8FA5-6BA6B4C35B86","requirement_id":478,"$network_type":"WIFI","firmware_vers
2026-09-04 18:13:53.300352 SoundCore{scbody.dylib}[27259] <NOTICE>: SCBODY #120 seg 6/9 ion":"14.43","$app_name":"soundcore","device_id":"7F4065C3-DF90-4738-8FA5-6BA6B4C35B86","$timezone_offset":420,"$wifi":true,"mac":"F4:B6:2D:E5:BD:E7","app_line"
2026-09-04 18:13:53.300363 SoundCore{scbody.dylib}[27259] <NOTICE>: SCBODY #120 seg 7/9 :"SoundCore","$referrer_title":"Update Firmware","$screen_height":844,"track_sign":"aSC_OTA.b130.d133.RESULT.SC_OTA_RESULT","update_version":"","$lib_method":"c
2026-09-04 18:13:53.300508 SoundCore{scbody.dylib}[27259] <NOTICE>: SCBODY #120 seg 8/9 ode","update_type":"headphone","$lib_version":"4.8.3","$os_version":"26.5.1","$lib":"iOS","$manufacturer":"Apple","product_code":"A3949","is_success":false},"di
2026-09-04 18:13:53.300544 SoundCore{scbody.dylib}[27259] <NOTICE>: SCBODY #120 seg 9/9 stinct_id":"25175005-856F-4AAB-A276-01988F6459F5","type":"track"}
2026-09-04 18:13:53.300567 SoundCore{scbody.dylib}[27259] <NOTICE>: SCBODY CAPTURE #120 END
2026-09-04 18:13:53.300578 SoundCore{scbody.dylib}[27259] <NOTICE>: SCBODY MODIFY 1345 -> 1345 bytes
2026-09-04 18:13:53.300589 SoundCore{scbody.dylib}[27259] <NOTICE>: SCBODY CAPTURE #121 src=json-mod url=(none) len=1345 score=2 BEGIN
2026-09-04 18:13:53.300616 SoundCore{scbody.dylib}[27259] <NOTICE>: SCBODY #121 seg 1/9 {"anonymous_id":"25175005-856F-4AAB-A276-01988F6459F5","_track_id":2879821021,"event":"SC_OTA_RESULT","time":1788570833298,"identities":{"$identity_idfv":"34E75
2026-09-04 18:13:53.300627 SoundCore{scbody.dylib}[27259] <NOTICE>: SCBODY #121 seg 2/9 E6C-D52A-428F-877D-1AD51BED73EF","identity_deviceid_sn":"7F4065C3-DF90-4738-8FA5-6BA6B4C35B86||3949E7BDE52DB6F4","$identity_anonymous_id":"25175005-856F-4AAB-A2
2026-09-04 18:13:53.300637 SoundCore{scbody.dylib}[27259] <NOTICE>: SCBODY #121 seg 3/9 76-01988F6459F5"},"lib":{"$lib_version":"4.8.3","$lib":"iOS","$app_version":"5.0.02","$lib_method":"code"},"properties":{"$app_id":"com.oceanwing.SoundCore.G8AW
2026-09-04 18:13:53.300646 SoundCore{scbody.dylib}[27259] <NOTICE>: SCBODY #121 seg 4/9 4BQ7RV","$os":"iOS","$screen_width":390,"$app_version":"5.0.02","country":"US","sn":"3949000000000000","is_secret":false,"$is_first_day":true,"$model":"iPhone18
2026-09-04 18:13:53.300674 SoundCore{scbody.dylib}[27259] <NOTICE>: SCBODY #121 seg 5/9 ,5","$device_id":"34E75E6C-D52A-428F-877D-1AD51BED73EF","uuid":"7F4065C3-DF90-4738-8FA5-6BA6B4C35B86","requirement_id":478,"$network_type":"WIFI","firmware_vers
2026-09-04 18:13:53.300711 SoundCore{scbody.dylib}[27259] <NOTICE>: SCBODY #121 seg 6/9 ion":"14.42","$app_name":"soundcore","device_id":"7F4065C3-DF90-4738-8FA5-6BA6B4C35B86","$timezone_offset":420,"$wifi":true,"mac":"F4:B6:2D:E5:BD:E7","app_line"
2026-09-04 18:13:53.300725 SoundCore{scbody.dylib}[27259] <NOTICE>: SCBODY #121 seg 7/9 :"SoundCore","$referrer_title":"Update Firmware","$screen_height":844,"track_sign":"aSC_OTA.b130.d133.RESULT.SC_OTA_RESULT","update_version":"","$lib_method":"c
2026-09-04 18:13:53.300735 SoundCore{scbody.dylib}[27259] <NOTICE>: SCBODY #121 seg 8/9 ode","update_type":"headphone","$lib_version":"4.8.3","$os_version":"26.5.1","$lib":"iOS","$manufacturer":"Apple","product_code":"A3949","is_success":false},"di
2026-09-04 18:13:53.300745 SoundCore{scbody.dylib}[27259] <NOTICE>: SCBODY #121 seg 9/9 stinct_id":"25175005-856F-4AAB-A276-01988F6459F5","type":"track"}
2026-09-04 18:13:53.300772 SoundCore{scbody.dylib}[27259] <NOTICE>: SCBODY CAPTURE #121 END
2026-09-04 18:13:53.491199 SoundCore{scbody.dylib}[27259] <NOTICE>: SCBODY CAPTURE #122 src=json url=(none) len=1401 score=2 BEGIN
2026-09-04 18:13:53.491213 SoundCore{scbody.dylib}[27259] <NOTICE>: SCBODY #122 seg 1/9 {"anonymous_id":"25175005-856F-4AAB-A276-01988F6459F5","_track_id":65461520,"event":"$AppPageLeave","time":1788570833485,"identities":{"$identity_idfv":"34E75E6
2026-09-04 18:13:53.491227 SoundCore{scbody.dylib}[27259] <NOTICE>: SCBODY #122 seg 2/9 C-D52A-428F-877D-1AD51BED73EF","identity_deviceid_sn":"7F4065C3-DF90-4738-8FA5-6BA6B4C35B86||3949E7BDE52DB6F4","$identity_anonymous_id":"25175005-856F-4AAB-A276
2026-09-04 18:13:53.491239 SoundCore{scbody.dylib}[27259] <NOTICE>: SCBODY #122 seg 3/9 -01988F6459F5"},"lib":{"$lib_version":"4.8.3","$lib":"iOS","$app_version":"5.0.02","$lib_method":"code"},"properties":{"$os":"iOS","$app_version":"5.0.02","$scr
2026-09-04 18:13:53.491269 SoundCore{scbody.dylib}[27259] <NOTICE>: SCBODY #122 seg 4/9 een_width":390,"country":"US","$title":"More Settings","sn":"3949E7BDE52DB6F4","is_secret":false,"$is_first_day":true,"$model":"iPhone18,5","$device_id":"34E75E
2026-09-04 18:13:53.491285 SoundCore{scbody.dylib}[27259] <NOTICE>: SCBODY #122 seg 5/9 6C-D52A-428F-877D-1AD51BED73EF","uuid":"7F4065C3-DF90-4738-8FA5-6BA6B4C35B86","$network_type":"WIFI","firmware_version":"14.43","device_id":"7F4065C3-DF90-4738-
2026-09-04 18:13:53.491297 SoundCore{scbody.dylib}[27259] <NOTICE>: SCBODY #122 seg 6/9 8FA5-6BA6B4C35B86","$app_name":"soundcore","$wifi":true,"$timezone_offset":420,"$url":"SoundCore.SCA3948MoreViewController","mac":"F4:B6:2D:E5:BD:E7","app_line"
2026-09-04 18:13:53.491328 SoundCore{scbody.dylib}[27259] <NOTICE>: SCBODY #122 seg 7/9 :"SoundCore","$referrer_title":"Update Firmware","$screen_height":844,"$referrer":"ModuleOTA.SCUpdateCheckViewController","$lib_method":"code","$screen_name":"S
2026-09-04 18:13:53.491340 SoundCore{scbody.dylib}[27259] <NOTICE>: SCBODY #122 seg 8/9 oundCore.SCA3948MoreViewController","$lib_version":"4.8.3","$os_version":"26.5.1","$lib":"iOS","$manufacturer":"Apple","product_code":"A3949","event_duration":2
2026-09-04 18:13:53.491352 SoundCore{scbody.dylib}[27259] <NOTICE>: SCBODY #122 seg 9/9 .329,"$app_id":"com.oceanwing.SoundCore.G8AW4BQ7RV"},"distinct_id":"25175005-856F-4AAB-A276-01988F6459F5","type":"track"}
2026-09-04 18:13:53.491364 SoundCore{scbody.dylib}[27259] <NOTICE>: SCBODY CAPTURE #122 END
2026-09-04 18:13:53.491425 SoundCore{scbody.dylib}[27259] <NOTICE>: SCBODY MODIFY 1401 -> 1401 bytes
2026-09-04 18:13:53.491480 SoundCore{scbody.dylib}[27259] <NOTICE>: SCBODY CAPTURE #123 src=json-mod url=(none) len=1401 score=2 BEGIN
2026-09-04 18:13:53.491492 SoundCore{scbody.dylib}[27259] <NOTICE>: SCBODY #123 seg 1/9 {"anonymous_id":"25175005-856F-4AAB-A276-01988F6459F5","_track_id":65461520,"event":"$AppPageLeave","time":1788570833485,"identities":{"$identity_idfv":"34E75E6
2026-09-04 18:13:53.491514 SoundCore{scbody.dylib}[27259] <NOTICE>: SCBODY #123 seg 2/9 C-D52A-428F-877D-1AD51BED73EF","identity_deviceid_sn":"7F4065C3-DF90-4738-8FA5-6BA6B4C35B86||3949E7BDE52DB6F4","$identity_anonymous_id":"25175005-856F-4AAB-A276
2026-09-04 18:13:53.491576 SoundCore{scbody.dylib}[27259] <NOTICE>: SCBODY #123 seg 3/9 -01988F6459F5"},"lib":{"$lib_version":"4.8.3","$lib":"iOS","$app_version":"5.0.02","$lib_method":"code"},"properties":{"$os":"iOS","$app_version":"5.0.02","$scr
2026-09-04 18:13:53.491605 SoundCore{scbody.dylib}[27259] <NOTICE>: SCBODY #123 seg 4/9 een_width":390,"country":"US","$title":"More Settings","sn":"3949000000000000","is_secret":false,"$is_first_day":true,"$model":"iPhone18,5","$device_id":"34E75E
2026-09-04 18:13:53.491617 SoundCore{scbody.dylib}[27259] <NOTICE>: SCBODY #123 seg 5/9 6C-D52A-428F-877D-1AD51BED73EF","uuid":"7F4065C3-DF90-4738-8FA5-6BA6B4C35B86","$network_type":"WIFI","firmware_version":"14.42","device_id":"7F4065C3-DF90-4738-
2026-09-04 18:13:53.492018 SoundCore{scbody.dylib}[27259] <NOTICE>: SCBODY #123 seg 6/9 8FA5-6BA6B4C35B86","$app_name":"soundcore","$wifi":true,"$timezone_offset":420,"$url":"SoundCore.SCA3948MoreViewController","mac":"F4:B6:2D:E5:BD:E7","app_line"
2026-09-04 18:13:53.492059 SoundCore{scbody.dylib}[27259] <NOTICE>: SCBODY #123 seg 7/9 :"SoundCore","$referrer_title":"Update Firmware","$screen_height":844,"$referrer":"ModuleOTA.SCUpdateCheckViewController","$lib_method":"code","$screen_name":"S
2026-09-04 18:13:53.492112 SoundCore{scbody.dylib}[27259] <NOTICE>: SCBODY #123 seg 8/9 oundCore.SCA3948MoreViewController","$lib_version":"4.8.3","$os_version":"26.5.1","$lib":"iOS","$manufacturer":"Apple","product_code":"A3949","event_duration":2
2026-09-04 18:13:53.492127 SoundCore{scbody.dylib}[27259] <NOTICE>: SCBODY #123 seg 9/9 .329,"$app_id":"com.oceanwing.SoundCore.G8AW4BQ7RV"},"distinct_id":"25175005-856F-4AAB-A276-01988F6459F5","type":"track"}
2026-09-04 18:13:53.492147 SoundCore{scbody.dylib}[27259] <NOTICE>: SCBODY CAPTURE #123 END
2026-09-04 18:13:53.498949 SoundCore{scbody.dylib}[27259] <NOTICE>: SCBODY CAPTURE #124 src=json url=(none) len=1453 score=2 BEGIN
2026-09-04 18:13:53.498976 SoundCore{scbody.dylib}[27259] <NOTICE>: SCBODY #124 seg 1/10 {"anonymous_id":"25175005-856F-4AAB-A276-01988F6459F5","_track_id":2259469913,"event":"$AppViewScreen","time":1788570833488,"identities":{"$identity_idfv":"34E7
2026-09-04 18:13:53.498996 SoundCore{scbody.dylib}[27259] <NOTICE>: SCBODY #124 seg 2/10 5E6C-D52A-428F-877D-1AD51BED73EF","identity_deviceid_sn":"7F4065C3-DF90-4738-8FA5-6BA6B4C35B86||3949E7BDE52DB6F4","$identity_anonymous_id":"25175005-856F-4AAB-A
2026-09-04 18:13:53.499028 SoundCore{scbody.dylib}[27259] <NOTICE>: SCBODY #124 seg 3/10 276-01988F6459F5"},"lib":{"$lib_method":"autoTrack","$lib_version":"4.8.3","$lib":"iOS","$lib_detail":"ModuleOTA.SCUpdateCheckViewController######","$app_versio
2026-09-04 18:13:53.499039 SoundCore{scbody.dylib}[27259] <NOTICE>: SCBODY #124 seg 4/10 n":"5.0.02"},"properties":{"$os":"iOS","$app_version":"5.0.02","$screen_width":390,"country":"US","$title":"Update Firmware","sn":"3949E7BDE52DB6F4","is_secret"
2026-09-04 18:13:53.499050 SoundCore{scbody.dylib}[27259] <NOTICE>: SCBODY #124 seg 5/10 :false,"$is_first_day":true,"$model":"iPhone18,5","$device_id":"34E75E6C-D52A-428F-877D-1AD51BED73EF","uuid":"7F4065C3-DF90-4738-8FA5-6BA6B4C35B86","$network_ty
2026-09-04 18:13:53.499059 SoundCore{scbody.dylib}[27259] <NOTICE>: SCBODY #124 seg 6/10 pe":"WIFI","firmware_version":"14.43","device_id":"7F4065C3-DF90-4738-8FA5-6BA6B4C35B86","$app_name":"soundcore","$wifi":true,"$timezone_offset":420,"$url":"Mod
2026-09-04 18:13:53.499069 SoundCore{scbody.dylib}[27259] <NOTICE>: SCBODY #124 seg 7/10 uleOTA.SCUpdateCheckViewController","mac":"F4:B6:2D:E5:BD:E7","app_line":"SoundCore","$referrer_title":"More Settings","$screen_height":844,"$referrer":"SoundCo
2026-09-04 18:13:53.499098 SoundCore{scbody.dylib}[27259] <NOTICE>: SCBODY #124 seg 8/10 re.SCA3948MoreViewController","$lib_method":"autoTrack","$screen_name":"ModuleOTA.SCUpdateCheckViewController","$lib_version":"4.8.3","$os_version":"26.5.1","$l
2026-09-04 18:13:53.499119 SoundCore{scbody.dylib}[27259] <NOTICE>: SCBODY #124 seg 9/10 ib":"iOS","$manufacturer":"Apple","product_code":"A3949","$app_id":"com.oceanwing.SoundCore.G8AW4BQ7RV"},"distinct_id":"25175005-856F-4AAB-A276-01988F6459F5","t
2026-09-04 18:13:53.499136 SoundCore{scbody.dylib}[27259] <NOTICE>: SCBODY #124 seg 10/10 ype":"track"}
2026-09-04 18:13:53.499148 SoundCore{scbody.dylib}[27259] <NOTICE>: SCBODY CAPTURE #124 END
2026-09-04 18:13:53.499164 SoundCore{scbody.dylib}[27259] <NOTICE>: SCBODY MODIFY 1453 -> 1453 bytes
2026-09-04 18:13:53.499259 SoundCore{scbody.dylib}[27259] <NOTICE>: SCBODY CAPTURE #125 src=json-mod url=(none) len=1453 score=2 BEGIN
2026-09-04 18:13:53.499275 SoundCore{scbody.dylib}[27259] <NOTICE>: SCBODY #125 seg 1/10 {"anonymous_id":"25175005-856F-4AAB-A276-01988F6459F5","_track_id":2259469913,"event":"$AppViewScreen","time":1788570833488,"identities":{"$identity_idfv":"34E7
2026-09-04 18:13:53.499287 SoundCore{scbody.dylib}[27259] <NOTICE>: SCBODY #125 seg 2/10 5E6C-D52A-428F-877D-1AD51BED73EF","identity_deviceid_sn":"7F4065C3-DF90-4738-8FA5-6BA6B4C35B86||3949E7BDE52DB6F4","$identity_anonymous_id":"25175005-856F-4AAB-A
2026-09-04 18:13:53.499298 SoundCore{scbody.dylib}[27259] <NOTICE>: SCBODY #125 seg 3/10 276-01988F6459F5"},"lib":{"$lib_method":"autoTrack","$lib_version":"4.8.3","$lib":"iOS","$lib_detail":"ModuleOTA.SCUpdateCheckViewController######","$app_versio
2026-09-04 18:13:53.499308 SoundCore{scbody.dylib}[27259] <NOTICE>: SCBODY #125 seg 4/10 n":"5.0.02"},"properties":{"$os":"iOS","$app_version":"5.0.02","$screen_width":390,"country":"US","$title":"Update Firmware","sn":"3949000000000000","is_secret"
2026-09-04 18:13:53.499319 SoundCore{scbody.dylib}[27259] <NOTICE>: SCBODY #125 seg 5/10 :false,"$is_first_day":true,"$model":"iPhone18,5","$device_id":"34E75E6C-D52A-428F-877D-1AD51BED73EF","uuid":"7F4065C3-DF90-4738-8FA5-6BA6B4C35B86","$network_ty
2026-09-04 18:13:53.499330 SoundCore{scbody.dylib}[27259] <NOTICE>: SCBODY #125 seg 6/10 pe":"WIFI","firmware_version":"14.42","device_id":"7F4065C3-DF90-4738-8FA5-6BA6B4C35B86","$app_name":"soundcore","$wifi":true,"$timezone_offset":420,"$url":"Mod
2026-09-04 18:13:53.499341 SoundCore{scbody.dylib}[27259] <NOTICE>: SCBODY #125 seg 7/10 uleOTA.SCUpdateCheckViewController","mac":"F4:B6:2D:E5:BD:E7","app_line":"SoundCore","$referrer_title":"More Settings","$screen_height":844,"$referrer":"SoundCo
2026-09-04 18:13:53.499352 SoundCore{scbody.dylib}[27259] <NOTICE>: SCBODY #125 seg 8/10 re.SCA3948MoreViewController","$lib_method":"autoTrack","$screen_name":"ModuleOTA.SCUpdateCheckViewController","$lib_version":"4.8.3","$os_version":"26.5.1","$l
2026-09-04 18:13:53.499362 SoundCore{scbody.dylib}[27259] <NOTICE>: SCBODY #125 seg 9/10 ib":"iOS","$manufacturer":"Apple","product_code":"A3949","$app_id":"com.oceanwing.SoundCore.G8AW4BQ7RV"},"distinct_id":"25175005-856F-4AAB-A276-01988F6459F5","t
2026-09-04 18:13:53.499373 SoundCore{scbody.dylib}[27259] <NOTICE>: SCBODY #125 seg 10/10 ype":"track"}
2026-09-04 18:13:53.499385 SoundCore{scbody.dylib}[27259] <NOTICE>: SCBODY CAPTURE #125 END
